[
{
  "fields": {
    "codename": "add_image",
    "name": "Can add image",
    "content_type": [
      "wagtailimages",
      "image"
    ]
  },
  "model": "auth.permission",
  "pk": 1
},
{
  "fields": {
    "codename": "change_image",
    "name": "Can change image",
    "content_type": [
      "wagtailimages",
      "image"
    ]
  },
  "model": "auth.permission",
  "pk": 2
},
{
  "fields": {
    "codename": "delete_image",
    "name": "Can delete image",
    "content_type": [
      "wagtailimages",
      "image"
    ]
  },
  "model": "auth.permission",
  "pk": 3
},
{
  "fields": {
    "codename": "add_document",
    "name": "Can add document",
    "content_type": [
      "wagtaildocs",
      "document"
    ]
  },
  "model": "auth.permission",
  "pk": 4
},
{
  "fields": {
    "codename": "change_document",
    "name": "Can change document",
    "content_type": [
      "wagtaildocs",
      "document"
    ]
  },
  "model": "auth.permission",
  "pk": 5
},
{
  "fields": {
    "codename": "delete_document",
    "name": "Can delete document",
    "content_type": [
      "wagtaildocs",
      "document"
    ]
  },
  "model": "auth.permission",
  "pk": 6
},
{
  "fields": {
    "codename": "access_admin",
    "name": "Can access Wagtail admin",
    "content_type": [
      "wagtailadmin",
      "admin"
    ]
  },
  "model": "auth.permission",
  "pk": 7
},
{
  "fields": {
    "codename": "add_logentry",
    "name": "Can add log entry",
    "content_type": [
      "admin",
      "logentry"
    ]
  },
  "model": "auth.permission",
  "pk": 8
},
{
  "fields": {
    "codename": "change_logentry",
    "name": "Can change log entry",
    "content_type": [
      "admin",
      "logentry"
    ]
  },
  "model": "auth.permission",
  "pk": 9
},
{
  "fields": {
    "codename": "delete_logentry",
    "name": "Can delete log entry",
    "content_type": [
      "admin",
      "logentry"
    ]
  },
  "model": "auth.permission",
  "pk": 10
},
{
  "fields": {
    "codename": "add_permission",
    "name": "Can add permission",
    "content_type": [
      "auth",
      "permission"
    ]
  },
  "model": "auth.permission",
  "pk": 11
},
{
  "fields": {
    "codename": "change_permission",
    "name": "Can change permission",
    "content_type": [
      "auth",
      "permission"
    ]
  },
  "model": "auth.permission",
  "pk": 12
},
{
  "fields": {
    "codename": "delete_permission",
    "name": "Can delete permission",
    "content_type": [
      "auth",
      "permission"
    ]
  },
  "model": "auth.permission",
  "pk": 13
},
{
  "fields": {
    "codename": "add_group",
    "name": "Can add group",
    "content_type": [
      "auth",
      "group"
    ]
  },
  "model": "auth.permission",
  "pk": 14
},
{
  "fields": {
    "codename": "change_group",
    "name": "Can change group",
    "content_type": [
      "auth",
      "group"
    ]
  },
  "model": "auth.permission",
  "pk": 15
},
{
  "fields": {
    "codename": "delete_group",
    "name": "Can delete group",
    "content_type": [
      "auth",
      "group"
    ]
  },
  "model": "auth.permission",
  "pk": 16
},
{
  "fields": {
    "codename": "add_user",
    "name": "Can add user",
    "content_type": [
      "auth",
      "user"
    ]
  },
  "model": "auth.permission",
  "pk": 17
},
{
  "fields": {
    "codename": "change_user",
    "name": "Can change user",
    "content_type": [
      "auth",
      "user"
    ]
  },
  "model": "auth.permission",
  "pk": 18
},
{
  "fields": {
    "codename": "delete_user",
    "name": "Can delete user",
    "content_type": [
      "auth",
      "user"
    ]
  },
  "model": "auth.permission",
  "pk": 19
},
{
  "fields": {
    "codename": "add_contenttype",
    "name": "Can add content type",
    "content_type": [
      "contenttypes",
      "contenttype"
    ]
  },
  "model": "auth.permission",
  "pk": 20
},
{
  "fields": {
    "codename": "change_contenttype",
    "name": "Can change content type",
    "content_type": [
      "contenttypes",
      "contenttype"
    ]
  },
  "model": "auth.permission",
  "pk": 21
},
{
  "fields": {
    "codename": "delete_contenttype",
    "name": "Can delete content type",
    "content_type": [
      "contenttypes",
      "contenttype"
    ]
  },
  "model": "auth.permission",
  "pk": 22
},
{
  "fields": {
    "codename": "add_session",
    "name": "Can add session",
    "content_type": [
      "sessions",
      "session"
    ]
  },
  "model": "auth.permission",
  "pk": 23
},
{
  "fields": {
    "codename": "change_session",
    "name": "Can change session",
    "content_type": [
      "sessions",
      "session"
    ]
  },
  "model": "auth.permission",
  "pk": 24
},
{
  "fields": {
    "codename": "delete_session",
    "name": "Can delete session",
    "content_type": [
      "sessions",
      "session"
    ]
  },
  "model": "auth.permission",
  "pk": 25
},
{
  "fields": {
    "codename": "add_tag",
    "name": "Can add Tag",
    "content_type": [
      "taggit",
      "tag"
    ]
  },
  "model": "auth.permission",
  "pk": 26
},
{
  "fields": {
    "codename": "change_tag",
    "name": "Can change Tag",
    "content_type": [
      "taggit",
      "tag"
    ]
  },
  "model": "auth.permission",
  "pk": 27
},
{
  "fields": {
    "codename": "delete_tag",
    "name": "Can delete Tag",
    "content_type": [
      "taggit",
      "tag"
    ]
  },
  "model": "auth.permission",
  "pk": 28
},
{
  "fields": {
    "codename": "add_taggeditem",
    "name": "Can add Tagged Item",
    "content_type": [
      "taggit",
      "taggeditem"
    ]
  },
  "model": "auth.permission",
  "pk": 29
},
{
  "fields": {
    "codename": "change_taggeditem",
    "name": "Can change Tagged Item",
    "content_type": [
      "taggit",
      "taggeditem"
    ]
  },
  "model": "auth.permission",
  "pk": 30
},
{
  "fields": {
    "codename": "delete_taggeditem",
    "name": "Can delete Tagged Item",
    "content_type": [
      "taggit",
      "taggeditem"
    ]
  },
  "model": "auth.permission",
  "pk": 31
},
{
  "fields": {
    "codename": "add_site",
    "name": "Can add site",
    "content_type": [
      "wagtailcore",
      "site"
    ]
  },
  "model": "auth.permission",
  "pk": 32
},
{
  "fields": {
    "codename": "change_site",
    "name": "Can change site",
    "content_type": [
      "wagtailcore",
      "site"
    ]
  },
  "model": "auth.permission",
  "pk": 33
},
{
  "fields": {
    "codename": "delete_site",
    "name": "Can delete site",
    "content_type": [
      "wagtailcore",
      "site"
    ]
  },
  "model": "auth.permission",
  "pk": 34
},
{
  "fields": {
    "codename": "add_page",
    "name": "Can add page",
    "content_type": [
      "wagtailcore",
      "page"
    ]
  },
  "model": "auth.permission",
  "pk": 35
},
{
  "fields": {
    "codename": "change_page",
    "name": "Can change page",
    "content_type": [
      "wagtailcore",
      "page"
    ]
  },
  "model": "auth.permission",
  "pk": 36
},
{
  "fields": {
    "codename": "delete_page",
    "name": "Can delete page",
    "content_type": [
      "wagtailcore",
      "page"
    ]
  },
  "model": "auth.permission",
  "pk": 37
},
{
  "fields": {
    "codename": "add_pagerevision",
    "name": "Can add page revision",
    "content_type": [
      "wagtailcore",
      "pagerevision"
    ]
  },
  "model": "auth.permission",
  "pk": 38
},
{
  "fields": {
    "codename": "change_pagerevision",
    "name": "Can change page revision",
    "content_type": [
      "wagtailcore",
      "pagerevision"
    ]
  },
  "model": "auth.permission",
  "pk": 39
},
{
  "fields": {
    "codename": "delete_pagerevision",
    "name": "Can delete page revision",
    "content_type": [
      "wagtailcore",
      "pagerevision"
    ]
  },
  "model": "auth.permission",
  "pk": 40
},
{
  "fields": {
    "codename": "add_grouppagepermission",
    "name": "Can add group page permission",
    "content_type": [
      "wagtailcore",
      "grouppagepermission"
    ]
  },
  "model": "auth.permission",
  "pk": 41
},
{
  "fields": {
    "codename": "change_grouppagepermission",
    "name": "Can change group page permission",
    "content_type": [
      "wagtailcore",
      "grouppagepermission"
    ]
  },
  "model": "auth.permission",
  "pk": 42
},
{
  "fields": {
    "codename": "delete_grouppagepermission",
    "name": "Can delete group page permission",
    "content_type": [
      "wagtailcore",
      "grouppagepermission"
    ]
  },
  "model": "auth.permission",
  "pk": 43
},
{
  "fields": {
    "codename": "add_pageviewrestriction",
    "name": "Can add page view restriction",
    "content_type": [
      "wagtailcore",
      "pageviewrestriction"
    ]
  },
  "model": "auth.permission",
  "pk": 44
},
{
  "fields": {
    "codename": "change_pageviewrestriction",
    "name": "Can change page view restriction",
    "content_type": [
      "wagtailcore",
      "pageviewrestriction"
    ]
  },
  "model": "auth.permission",
  "pk": 45
},
{
  "fields": {
    "codename": "delete_pageviewrestriction",
    "name": "Can delete page view restriction",
    "content_type": [
      "wagtailcore",
      "pageviewrestriction"
    ]
  },
  "model": "auth.permission",
  "pk": 46
},
{
  "fields": {
    "codename": "add_userprofile",
    "name": "Can add user profile",
    "content_type": [
      "wagtailusers",
      "userprofile"
    ]
  },
  "model": "auth.permission",
  "pk": 47
},
{
  "fields": {
    "codename": "change_userprofile",
    "name": "Can change user profile",
    "content_type": [
      "wagtailusers",
      "userprofile"
    ]
  },
  "model": "auth.permission",
  "pk": 48
},
{
  "fields": {
    "codename": "delete_userprofile",
    "name": "Can delete user profile",
    "content_type": [
      "wagtailusers",
      "userprofile"
    ]
  },
  "model": "auth.permission",
  "pk": 49
},
{
  "fields": {
    "codename": "add_filter",
    "name": "Can add filter",
    "content_type": [
      "wagtailimages",
      "filter"
    ]
  },
  "model": "auth.permission",
  "pk": 50
},
{
  "fields": {
    "codename": "change_filter",
    "name": "Can change filter",
    "content_type": [
      "wagtailimages",
      "filter"
    ]
  },
  "model": "auth.permission",
  "pk": 51
},
{
  "fields": {
    "codename": "delete_filter",
    "name": "Can delete filter",
    "content_type": [
      "wagtailimages",
      "filter"
    ]
  },
  "model": "auth.permission",
  "pk": 52
},
{
  "fields": {
    "codename": "add_rendition",
    "name": "Can add rendition",
    "content_type": [
      "wagtailimages",
      "rendition"
    ]
  },
  "model": "auth.permission",
  "pk": 53
},
{
  "fields": {
    "codename": "change_rendition",
    "name": "Can change rendition",
    "content_type": [
      "wagtailimages",
      "rendition"
    ]
  },
  "model": "auth.permission",
  "pk": 54
},
{
  "fields": {
    "codename": "delete_rendition",
    "name": "Can delete rendition",
    "content_type": [
      "wagtailimages",
      "rendition"
    ]
  },
  "model": "auth.permission",
  "pk": 55
},
{
  "fields": {
    "codename": "add_embed",
    "name": "Can add embed",
    "content_type": [
      "wagtailembeds",
      "embed"
    ]
  },
  "model": "auth.permission",
  "pk": 56
},
{
  "fields": {
    "codename": "change_embed",
    "name": "Can change embed",
    "content_type": [
      "wagtailembeds",
      "embed"
    ]
  },
  "model": "auth.permission",
  "pk": 57
},
{
  "fields": {
    "codename": "delete_embed",
    "name": "Can delete embed",
    "content_type": [
      "wagtailembeds",
      "embed"
    ]
  },
  "model": "auth.permission",
  "pk": 58
},
{
  "fields": {
    "codename": "add_query",
    "name": "Can add query",
    "content_type": [
      "wagtailsearch",
      "query"
    ]
  },
  "model": "auth.permission",
  "pk": 59
},
{
  "fields": {
    "codename": "change_query",
    "name": "Can change query",
    "content_type": [
      "wagtailsearch",
      "query"
    ]
  },
  "model": "auth.permission",
  "pk": 60
},
{
  "fields": {
    "codename": "delete_query",
    "name": "Can delete query",
    "content_type": [
      "wagtailsearch",
      "query"
    ]
  },
  "model": "auth.permission",
  "pk": 61
},
{
  "fields": {
    "codename": "add_querydailyhits",
    "name": "Can add query daily hits",
    "content_type": [
      "wagtailsearch",
      "querydailyhits"
    ]
  },
  "model": "auth.permission",
  "pk": 62
},
{
  "fields": {
    "codename": "change_querydailyhits",
    "name": "Can change query daily hits",
    "content_type": [
      "wagtailsearch",
      "querydailyhits"
    ]
  },
  "model": "auth.permission",
  "pk": 63
},
{
  "fields": {
    "codename": "delete_querydailyhits",
    "name": "Can delete query daily hits",
    "content_type": [
      "wagtailsearch",
      "querydailyhits"
    ]
  },
  "model": "auth.permission",
  "pk": 64
},
{
  "fields": {
    "codename": "add_editorspick",
    "name": "Can add editors pick",
    "content_type": [
      "wagtailsearch",
      "editorspick"
    ]
  },
  "model": "auth.permission",
  "pk": 65
},
{
  "fields": {
    "codename": "change_editorspick",
    "name": "Can change editors pick",
    "content_type": [
      "wagtailsearch",
      "editorspick"
    ]
  },
  "model": "auth.permission",
  "pk": 66
},
{
  "fields": {
    "codename": "delete_editorspick",
    "name": "Can delete editors pick",
    "content_type": [
      "wagtailsearch",
      "editorspick"
    ]
  },
  "model": "auth.permission",
  "pk": 67
},
{
  "fields": {
    "codename": "add_redirect",
    "name": "Can add redirect",
    "content_type": [
      "wagtailredirects",
      "redirect"
    ]
  },
  "model": "auth.permission",
  "pk": 68
},
{
  "fields": {
    "codename": "change_redirect",
    "name": "Can change redirect",
    "content_type": [
      "wagtailredirects",
      "redirect"
    ]
  },
  "model": "auth.permission",
  "pk": 69
},
{
  "fields": {
    "codename": "delete_redirect",
    "name": "Can delete redirect",
    "content_type": [
      "wagtailredirects",
      "redirect"
    ]
  },
  "model": "auth.permission",
  "pk": 70
},
{
  "fields": {
    "codename": "add_formsubmission",
    "name": "Can add form submission",
    "content_type": [
      "wagtailforms",
      "formsubmission"
    ]
  },
  "model": "auth.permission",
  "pk": 71
},
{
  "fields": {
    "codename": "change_formsubmission",
    "name": "Can change form submission",
    "content_type": [
      "wagtailforms",
      "formsubmission"
    ]
  },
  "model": "auth.permission",
  "pk": 72
},
{
  "fields": {
    "codename": "delete_formsubmission",
    "name": "Can delete form submission",
    "content_type": [
      "wagtailforms",
      "formsubmission"
    ]
  },
  "model": "auth.permission",
  "pk": 73
},
{
  "fields": {
    "codename": "add_homepagecontentitem",
    "name": "Can add home page content item",
    "content_type": [
      "pages",
      "homepagecontentitem"
    ]
  },
  "model": "auth.permission",
  "pk": 74
},
{
  "fields": {
    "codename": "change_homepagecontentitem",
    "name": "Can change home page content item",
    "content_type": [
      "pages",
      "homepagecontentitem"
    ]
  },
  "model": "auth.permission",
  "pk": 75
},
{
  "fields": {
    "codename": "delete_homepagecontentitem",
    "name": "Can delete home page content item",
    "content_type": [
      "pages",
      "homepagecontentitem"
    ]
  },
  "model": "auth.permission",
  "pk": 76
},
{
  "fields": {
    "codename": "add_homepagecarouselitem",
    "name": "Can add home page carousel item",
    "content_type": [
      "pages",
      "homepagecarouselitem"
    ]
  },
  "model": "auth.permission",
  "pk": 77
},
{
  "fields": {
    "codename": "change_homepagecarouselitem",
    "name": "Can change home page carousel item",
    "content_type": [
      "pages",
      "homepagecarouselitem"
    ]
  },
  "model": "auth.permission",
  "pk": 78
},
{
  "fields": {
    "codename": "delete_homepagecarouselitem",
    "name": "Can delete home page carousel item",
    "content_type": [
      "pages",
      "homepagecarouselitem"
    ]
  },
  "model": "auth.permission",
  "pk": 79
},
{
  "fields": {
    "codename": "add_homepagerelatedlink",
    "name": "Can add home page related link",
    "content_type": [
      "pages",
      "homepagerelatedlink"
    ]
  },
  "model": "auth.permission",
  "pk": 80
},
{
  "fields": {
    "codename": "change_homepagerelatedlink",
    "name": "Can change home page related link",
    "content_type": [
      "pages",
      "homepagerelatedlink"
    ]
  },
  "model": "auth.permission",
  "pk": 81
},
{
  "fields": {
    "codename": "delete_homepagerelatedlink",
    "name": "Can delete home page related link",
    "content_type": [
      "pages",
      "homepagerelatedlink"
    ]
  },
  "model": "auth.permission",
  "pk": 82
},
{
  "fields": {
    "codename": "add_homepage",
    "name": "Can add Homepage",
    "content_type": [
      "pages",
      "homepage"
    ]
  },
  "model": "auth.permission",
  "pk": 83
},
{
  "fields": {
    "codename": "change_homepage",
    "name": "Can change Homepage",
    "content_type": [
      "pages",
      "homepage"
    ]
  },
  "model": "auth.permission",
  "pk": 84
},
{
  "fields": {
    "codename": "delete_homepage",
    "name": "Can delete Homepage",
    "content_type": [
      "pages",
      "homepage"
    ]
  },
  "model": "auth.permission",
  "pk": 85
},
{
  "fields": {
    "codename": "add_standardindexpagerelatedlink",
    "name": "Can add standard index page related link",
    "content_type": [
      "pages",
      "standardindexpagerelatedlink"
    ]
  },
  "model": "auth.permission",
  "pk": 86
},
{
  "fields": {
    "codename": "change_standardindexpagerelatedlink",
    "name": "Can change standard index page related link",
    "content_type": [
      "pages",
      "standardindexpagerelatedlink"
    ]
  },
  "model": "auth.permission",
  "pk": 87
},
{
  "fields": {
    "codename": "delete_standardindexpagerelatedlink",
    "name": "Can delete standard index page related link",
    "content_type": [
      "pages",
      "standardindexpagerelatedlink"
    ]
  },
  "model": "auth.permission",
  "pk": 88
},
{
  "fields": {
    "codename": "add_standardindexpage",
    "name": "Can add standard index page",
    "content_type": [
      "pages",
      "standardindexpage"
    ]
  },
  "model": "auth.permission",
  "pk": 89
},
{
  "fields": {
    "codename": "change_standardindexpage",
    "name": "Can change standard index page",
    "content_type": [
      "pages",
      "standardindexpage"
    ]
  },
  "model": "auth.permission",
  "pk": 90
},
{
  "fields": {
    "codename": "delete_standardindexpage",
    "name": "Can delete standard index page",
    "content_type": [
      "pages",
      "standardindexpage"
    ]
  },
  "model": "auth.permission",
  "pk": 91
},
{
  "fields": {
    "codename": "add_standardpagecarouselitem",
    "name": "Can add standard page carousel item",
    "content_type": [
      "pages",
      "standardpagecarouselitem"
    ]
  },
  "model": "auth.permission",
  "pk": 92
},
{
  "fields": {
    "codename": "change_standardpagecarouselitem",
    "name": "Can change standard page carousel item",
    "content_type": [
      "pages",
      "standardpagecarouselitem"
    ]
  },
  "model": "auth.permission",
  "pk": 93
},
{
  "fields": {
    "codename": "delete_standardpagecarouselitem",
    "name": "Can delete standard page carousel item",
    "content_type": [
      "pages",
      "standardpagecarouselitem"
    ]
  },
  "model": "auth.permission",
  "pk": 94
},
{
  "fields": {
    "codename": "add_standardpagerelatedlink",
    "name": "Can add standard page related link",
    "content_type": [
      "pages",
      "standardpagerelatedlink"
    ]
  },
  "model": "auth.permission",
  "pk": 95
},
{
  "fields": {
    "codename": "change_standardpagerelatedlink",
    "name": "Can change standard page related link",
    "content_type": [
      "pages",
      "standardpagerelatedlink"
    ]
  },
  "model": "auth.permission",
  "pk": 96
},
{
  "fields": {
    "codename": "delete_standardpagerelatedlink",
    "name": "Can delete standard page related link",
    "content_type": [
      "pages",
      "standardpagerelatedlink"
    ]
  },
  "model": "auth.permission",
  "pk": 97
},
{
  "fields": {
    "codename": "add_standardpage",
    "name": "Can add standard page",
    "content_type": [
      "pages",
      "standardpage"
    ]
  },
  "model": "auth.permission",
  "pk": 98
},
{
  "fields": {
    "codename": "change_standardpage",
    "name": "Can change standard page",
    "content_type": [
      "pages",
      "standardpage"
    ]
  },
  "model": "auth.permission",
  "pk": 99
},
{
  "fields": {
    "codename": "delete_standardpage",
    "name": "Can delete standard page",
    "content_type": [
      "pages",
      "standardpage"
    ]
  },
  "model": "auth.permission",
  "pk": 100
},
{
  "fields": {
    "codename": "add_contentblock",
    "name": "Can add content block",
    "content_type": [
      "pages",
      "contentblock"
    ]
  },
  "model": "auth.permission",
  "pk": 101
},
{
  "fields": {
    "codename": "change_contentblock",
    "name": "Can change content block",
    "content_type": [
      "pages",
      "contentblock"
    ]
  },
  "model": "auth.permission",
  "pk": 102
},
{
  "fields": {
    "codename": "delete_contentblock",
    "name": "Can delete content block",
    "content_type": [
      "pages",
      "contentblock"
    ]
  },
  "model": "auth.permission",
  "pk": 103
},
{
  "fields": {
    "codename": "add_testimonial",
    "name": "Can add testimonial",
    "content_type": [
      "pages",
      "testimonial"
    ]
  },
  "model": "auth.permission",
  "pk": 104
},
{
  "fields": {
    "codename": "change_testimonial",
    "name": "Can change testimonial",
    "content_type": [
      "pages",
      "testimonial"
    ]
  },
  "model": "auth.permission",
  "pk": 105
},
{
  "fields": {
    "codename": "delete_testimonial",
    "name": "Can delete testimonial",
    "content_type": [
      "pages",
      "testimonial"
    ]
  },
  "model": "auth.permission",
  "pk": 106
},
{
  "fields": {
    "codename": "add_blogindexpagerelatedlink",
    "name": "Can add blog index page related link",
    "content_type": [
      "blog",
      "blogindexpagerelatedlink"
    ]
  },
  "model": "auth.permission",
  "pk": 107
},
{
  "fields": {
    "codename": "change_blogindexpagerelatedlink",
    "name": "Can change blog index page related link",
    "content_type": [
      "blog",
      "blogindexpagerelatedlink"
    ]
  },
  "model": "auth.permission",
  "pk": 108
},
{
  "fields": {
    "codename": "delete_blogindexpagerelatedlink",
    "name": "Can delete blog index page related link",
    "content_type": [
      "blog",
      "blogindexpagerelatedlink"
    ]
  },
  "model": "auth.permission",
  "pk": 109
},
{
  "fields": {
    "codename": "add_blogindexpage",
    "name": "Can add blog index page",
    "content_type": [
      "blog",
      "blogindexpage"
    ]
  },
  "model": "auth.permission",
  "pk": 110
},
{
  "fields": {
    "codename": "change_blogindexpage",
    "name": "Can change blog index page",
    "content_type": [
      "blog",
      "blogindexpage"
    ]
  },
  "model": "auth.permission",
  "pk": 111
},
{
  "fields": {
    "codename": "delete_blogindexpage",
    "name": "Can delete blog index page",
    "content_type": [
      "blog",
      "blogindexpage"
    ]
  },
  "model": "auth.permission",
  "pk": 112
},
{
  "fields": {
    "codename": "add_blogpagecarouselitem",
    "name": "Can add blog page carousel item",
    "content_type": [
      "blog",
      "blogpagecarouselitem"
    ]
  },
  "model": "auth.permission",
  "pk": 113
},
{
  "fields": {
    "codename": "change_blogpagecarouselitem",
    "name": "Can change blog page carousel item",
    "content_type": [
      "blog",
      "blogpagecarouselitem"
    ]
  },
  "model": "auth.permission",
  "pk": 114
},
{
  "fields": {
    "codename": "delete_blogpagecarouselitem",
    "name": "Can delete blog page carousel item",
    "content_type": [
      "blog",
      "blogpagecarouselitem"
    ]
  },
  "model": "auth.permission",
  "pk": 115
},
{
  "fields": {
    "codename": "add_blogpagerelatedlink",
    "name": "Can add blog page related link",
    "content_type": [
      "blog",
      "blogpagerelatedlink"
    ]
  },
  "model": "auth.permission",
  "pk": 116
},
{
  "fields": {
    "codename": "change_blogpagerelatedlink",
    "name": "Can change blog page related link",
    "content_type": [
      "blog",
      "blogpagerelatedlink"
    ]
  },
  "model": "auth.permission",
  "pk": 117
},
{
  "fields": {
    "codename": "delete_blogpagerelatedlink",
    "name": "Can delete blog page related link",
    "content_type": [
      "blog",
      "blogpagerelatedlink"
    ]
  },
  "model": "auth.permission",
  "pk": 118
},
{
  "fields": {
    "codename": "add_blogpagetag",
    "name": "Can add blog page tag",
    "content_type": [
      "blog",
      "blogpagetag"
    ]
  },
  "model": "auth.permission",
  "pk": 119
},
{
  "fields": {
    "codename": "change_blogpagetag",
    "name": "Can change blog page tag",
    "content_type": [
      "blog",
      "blogpagetag"
    ]
  },
  "model": "auth.permission",
  "pk": 120
},
{
  "fields": {
    "codename": "delete_blogpagetag",
    "name": "Can delete blog page tag",
    "content_type": [
      "blog",
      "blogpagetag"
    ]
  },
  "model": "auth.permission",
  "pk": 121
},
{
  "fields": {
    "codename": "add_blogpage",
    "name": "Can add blog page",
    "content_type": [
      "blog",
      "blogpage"
    ]
  },
  "model": "auth.permission",
  "pk": 122
},
{
  "fields": {
    "codename": "change_blogpage",
    "name": "Can change blog page",
    "content_type": [
      "blog",
      "blogpage"
    ]
  },
  "model": "auth.permission",
  "pk": 123
},
{
  "fields": {
    "codename": "delete_blogpage",
    "name": "Can delete blog page",
    "content_type": [
      "blog",
      "blogpage"
    ]
  },
  "model": "auth.permission",
  "pk": 124
},
{
  "fields": {
    "codename": "add_eventindexpagerelatedlink",
    "name": "Can add event index page related link",
    "content_type": [
      "events",
      "eventindexpagerelatedlink"
    ]
  },
  "model": "auth.permission",
  "pk": 125
},
{
  "fields": {
    "codename": "change_eventindexpagerelatedlink",
    "name": "Can change event index page related link",
    "content_type": [
      "events",
      "eventindexpagerelatedlink"
    ]
  },
  "model": "auth.permission",
  "pk": 126
},
{
  "fields": {
    "codename": "delete_eventindexpagerelatedlink",
    "name": "Can delete event index page related link",
    "content_type": [
      "events",
      "eventindexpagerelatedlink"
    ]
  },
  "model": "auth.permission",
  "pk": 127
},
{
  "fields": {
    "codename": "add_eventindexpage",
    "name": "Can add event index page",
    "content_type": [
      "events",
      "eventindexpage"
    ]
  },
  "model": "auth.permission",
  "pk": 128
},
{
  "fields": {
    "codename": "change_eventindexpage",
    "name": "Can change event index page",
    "content_type": [
      "events",
      "eventindexpage"
    ]
  },
  "model": "auth.permission",
  "pk": 129
},
{
  "fields": {
    "codename": "delete_eventindexpage",
    "name": "Can delete event index page",
    "content_type": [
      "events",
      "eventindexpage"
    ]
  },
  "model": "auth.permission",
  "pk": 130
},
{
  "fields": {
    "codename": "add_eventpagecarouselitem",
    "name": "Can add event page carousel item",
    "content_type": [
      "events",
      "eventpagecarouselitem"
    ]
  },
  "model": "auth.permission",
  "pk": 131
},
{
  "fields": {
    "codename": "change_eventpagecarouselitem",
    "name": "Can change event page carousel item",
    "content_type": [
      "events",
      "eventpagecarouselitem"
    ]
  },
  "model": "auth.permission",
  "pk": 132
},
{
  "fields": {
    "codename": "delete_eventpagecarouselitem",
    "name": "Can delete event page carousel item",
    "content_type": [
      "events",
      "eventpagecarouselitem"
    ]
  },
  "model": "auth.permission",
  "pk": 133
},
{
  "fields": {
    "codename": "add_eventpagerelatedlink",
    "name": "Can add event page related link",
    "content_type": [
      "events",
      "eventpagerelatedlink"
    ]
  },
  "model": "auth.permission",
  "pk": 134
},
{
  "fields": {
    "codename": "change_eventpagerelatedlink",
    "name": "Can change event page related link",
    "content_type": [
      "events",
      "eventpagerelatedlink"
    ]
  },
  "model": "auth.permission",
  "pk": 135
},
{
  "fields": {
    "codename": "delete_eventpagerelatedlink",
    "name": "Can delete event page related link",
    "content_type": [
      "events",
      "eventpagerelatedlink"
    ]
  },
  "model": "auth.permission",
  "pk": 136
},
{
  "fields": {
    "codename": "add_eventpagespeaker",
    "name": "Can add event page speaker",
    "content_type": [
      "events",
      "eventpagespeaker"
    ]
  },
  "model": "auth.permission",
  "pk": 137
},
{
  "fields": {
    "codename": "change_eventpagespeaker",
    "name": "Can change event page speaker",
    "content_type": [
      "events",
      "eventpagespeaker"
    ]
  },
  "model": "auth.permission",
  "pk": 138
},
{
  "fields": {
    "codename": "delete_eventpagespeaker",
    "name": "Can delete event page speaker",
    "content_type": [
      "events",
      "eventpagespeaker"
    ]
  },
  "model": "auth.permission",
  "pk": 139
},
{
  "fields": {
    "codename": "add_eventpage",
    "name": "Can add event page",
    "content_type": [
      "events",
      "eventpage"
    ]
  },
  "model": "auth.permission",
  "pk": 140
},
{
  "fields": {
    "codename": "change_eventpage",
    "name": "Can change event page",
    "content_type": [
      "events",
      "eventpage"
    ]
  },
  "model": "auth.permission",
  "pk": 141
},
{
  "fields": {
    "codename": "delete_eventpage",
    "name": "Can delete event page",
    "content_type": [
      "events",
      "eventpage"
    ]
  },
  "model": "auth.permission",
  "pk": 142
},
{
  "fields": {
    "codename": "add_formfield",
    "name": "Can add form field",
    "content_type": [
      "contact",
      "formfield"
    ]
  },
  "model": "auth.permission",
  "pk": 143
},
{
  "fields": {
    "codename": "change_formfield",
    "name": "Can change form field",
    "content_type": [
      "contact",
      "formfield"
    ]
  },
  "model": "auth.permission",
  "pk": 144
},
{
  "fields": {
    "codename": "delete_formfield",
    "name": "Can delete form field",
    "content_type": [
      "contact",
      "formfield"
    ]
  },
  "model": "auth.permission",
  "pk": 145
},
{
  "fields": {
    "codename": "add_formpage",
    "name": "Can add form page",
    "content_type": [
      "contact",
      "formpage"
    ]
  },
  "model": "auth.permission",
  "pk": 146
},
{
  "fields": {
    "codename": "change_formpage",
    "name": "Can change form page",
    "content_type": [
      "contact",
      "formpage"
    ]
  },
  "model": "auth.permission",
  "pk": 147
},
{
  "fields": {
    "codename": "delete_formpage",
    "name": "Can delete form page",
    "content_type": [
      "contact",
      "formpage"
    ]
  },
  "model": "auth.permission",
  "pk": 148
},
{
  "fields": {
    "codename": "add_contactformfield",
    "name": "Can add contact form field",
    "content_type": [
      "contact",
      "contactformfield"
    ]
  },
  "model": "auth.permission",
  "pk": 149
},
{
  "fields": {
    "codename": "change_contactformfield",
    "name": "Can change contact form field",
    "content_type": [
      "contact",
      "contactformfield"
    ]
  },
  "model": "auth.permission",
  "pk": 150
},
{
  "fields": {
    "codename": "delete_contactformfield",
    "name": "Can delete contact form field",
    "content_type": [
      "contact",
      "contactformfield"
    ]
  },
  "model": "auth.permission",
  "pk": 151
},
{
  "fields": {
    "codename": "add_contactpage",
    "name": "Can add contact page",
    "content_type": [
      "contact",
      "contactpage"
    ]
  },
  "model": "auth.permission",
  "pk": 152
},
{
  "fields": {
    "codename": "change_contactpage",
    "name": "Can change contact page",
    "content_type": [
      "contact",
      "contactpage"
    ]
  },
  "model": "auth.permission",
  "pk": 153
},
{
  "fields": {
    "codename": "delete_contactpage",
    "name": "Can delete contact page",
    "content_type": [
      "contact",
      "contactpage"
    ]
  },
  "model": "auth.permission",
  "pk": 154
},
{
  "fields": {
    "codename": "add_personindexpagerelatedlink",
    "name": "Can add person index page related link",
    "content_type": [
      "people",
      "personindexpagerelatedlink"
    ]
  },
  "model": "auth.permission",
  "pk": 155
},
{
  "fields": {
    "codename": "change_personindexpagerelatedlink",
    "name": "Can change person index page related link",
    "content_type": [
      "people",
      "personindexpagerelatedlink"
    ]
  },
  "model": "auth.permission",
  "pk": 156
},
{
  "fields": {
    "codename": "delete_personindexpagerelatedlink",
    "name": "Can delete person index page related link",
    "content_type": [
      "people",
      "personindexpagerelatedlink"
    ]
  },
  "model": "auth.permission",
  "pk": 157
},
{
  "fields": {
    "codename": "add_personindexpage",
    "name": "Can add person index page",
    "content_type": [
      "people",
      "personindexpage"
    ]
  },
  "model": "auth.permission",
  "pk": 158
},
{
  "fields": {
    "codename": "change_personindexpage",
    "name": "Can change person index page",
    "content_type": [
      "people",
      "personindexpage"
    ]
  },
  "model": "auth.permission",
  "pk": 159
},
{
  "fields": {
    "codename": "delete_personindexpage",
    "name": "Can delete person index page",
    "content_type": [
      "people",
      "personindexpage"
    ]
  },
  "model": "auth.permission",
  "pk": 160
},
{
  "fields": {
    "codename": "add_personpagerelatedlink",
    "name": "Can add person page related link",
    "content_type": [
      "people",
      "personpagerelatedlink"
    ]
  },
  "model": "auth.permission",
  "pk": 161
},
{
  "fields": {
    "codename": "change_personpagerelatedlink",
    "name": "Can change person page related link",
    "content_type": [
      "people",
      "personpagerelatedlink"
    ]
  },
  "model": "auth.permission",
  "pk": 162
},
{
  "fields": {
    "codename": "delete_personpagerelatedlink",
    "name": "Can delete person page related link",
    "content_type": [
      "people",
      "personpagerelatedlink"
    ]
  },
  "model": "auth.permission",
  "pk": 163
},
{
  "fields": {
    "codename": "add_personpagetag",
    "name": "Can add person page tag",
    "content_type": [
      "people",
      "personpagetag"
    ]
  },
  "model": "auth.permission",
  "pk": 164
},
{
  "fields": {
    "codename": "change_personpagetag",
    "name": "Can change person page tag",
    "content_type": [
      "people",
      "personpagetag"
    ]
  },
  "model": "auth.permission",
  "pk": 165
},
{
  "fields": {
    "codename": "delete_personpagetag",
    "name": "Can delete person page tag",
    "content_type": [
      "people",
      "personpagetag"
    ]
  },
  "model": "auth.permission",
  "pk": 166
},
{
  "fields": {
    "codename": "add_personrole",
    "name": "Can add person role",
    "content_type": [
      "people",
      "personrole"
    ]
  },
  "model": "auth.permission",
  "pk": 167
},
{
  "fields": {
    "codename": "change_personrole",
    "name": "Can change person role",
    "content_type": [
      "people",
      "personrole"
    ]
  },
  "model": "auth.permission",
  "pk": 168
},
{
  "fields": {
    "codename": "delete_personrole",
    "name": "Can delete person role",
    "content_type": [
      "people",
      "personrole"
    ]
  },
  "model": "auth.permission",
  "pk": 169
},
{
  "fields": {
    "codename": "add_personpage",
    "name": "Can add person page",
    "content_type": [
      "people",
      "personpage"
    ]
  },
  "model": "auth.permission",
  "pk": 170
},
{
  "fields": {
    "codename": "change_personpage",
    "name": "Can change person page",
    "content_type": [
      "people",
      "personpage"
    ]
  },
  "model": "auth.permission",
  "pk": 171
},
{
  "fields": {
    "codename": "delete_personpage",
    "name": "Can delete person page",
    "content_type": [
      "people",
      "personpage"
    ]
  },
  "model": "auth.permission",
  "pk": 172
},
{
  "fields": {
    "codename": "add_customimage",
    "name": "Can add custom image",
    "content_type": [
      "photo_gallery",
      "customimage"
    ]
  },
  "model": "auth.permission",
  "pk": 173
},
{
  "fields": {
    "codename": "change_customimage",
    "name": "Can change custom image",
    "content_type": [
      "photo_gallery",
      "customimage"
    ]
  },
  "model": "auth.permission",
  "pk": 174
},
{
  "fields": {
    "codename": "delete_customimage",
    "name": "Can delete custom image",
    "content_type": [
      "photo_gallery",
      "customimage"
    ]
  },
  "model": "auth.permission",
  "pk": 175
},
{
  "fields": {
    "codename": "add_customrendition",
    "name": "Can add custom rendition",
    "content_type": [
      "photo_gallery",
      "customrendition"
    ]
  },
  "model": "auth.permission",
  "pk": 176
},
{
  "fields": {
    "codename": "change_customrendition",
    "name": "Can change custom rendition",
    "content_type": [
      "photo_gallery",
      "customrendition"
    ]
  },
  "model": "auth.permission",
  "pk": 177
},
{
  "fields": {
    "codename": "delete_customrendition",
    "name": "Can delete custom rendition",
    "content_type": [
      "photo_gallery",
      "customrendition"
    ]
  },
  "model": "auth.permission",
  "pk": 178
},
{
  "fields": {
    "name": "Moderators",
    "permissions": [
      [
        "access_admin",
        "wagtailadmin",
        "admin"
      ],
      [
        "add_document",
        "wagtaildocs",
        "document"
      ],
      [
        "change_document",
        "wagtaildocs",
        "document"
      ],
      [
        "delete_document",
        "wagtaildocs",
        "document"
      ],
      [
        "add_image",
        "wagtailimages",
        "image"
      ],
      [
        "change_image",
        "wagtailimages",
        "image"
      ],
      [
        "delete_image",
        "wagtailimages",
        "image"
      ]
    ]
  },
  "model": "auth.group",
  "pk": 1
},
{
  "fields": {
    "name": "Editors",
    "permissions": [
      [
        "access_admin",
        "wagtailadmin",
        "admin"
      ],
      [
        "add_document",
        "wagtaildocs",
        "document"
      ],
      [
        "change_document",
        "wagtaildocs",
        "document"
      ],
      [
        "delete_document",
        "wagtaildocs",
        "document"
      ],
      [
        "add_image",
        "wagtailimages",
        "image"
      ],
      [
        "change_image",
        "wagtailimages",
        "image"
      ],
      [
        "delete_image",
        "wagtailimages",
        "image"
      ]
    ]
  },
  "model": "auth.group",
  "pk": 2
},
{
  "fields": {
    "username": "admin",
    "first_name": "",
    "last_name": "",
    "is_active": true,
    "is_superuser": true,
    "is_staff": true,
    "last_login": "2015-07-01T18:23:40.921Z",
    "groups": [],
    "user_permissions": [],
    "password": "pbkdf2_sha256$15000$49dBPJuiGwi4$53nRnWjByd/yAt9BlD8Nqc7T1INVHjOk79Ze8ZvTYeY=",
    "email": "",
    "date_joined": "2015-06-18T15:20:58.755Z"
  },
  "model": "auth.user",
  "pk": 1
},
{
  "fields": {
    "root_page": 3,
    "hostname": "localhost",
    "port": 80,
    "is_default_site": true
  },
  "model": "wagtailcore.site",
  "pk": 2
},
{
  "fields": {
    "locked": false,
    "title": "Root",
    "numchild": 1,
    "show_in_menus": false,
    "live": true,
    "seo_title": "",
    "latest_revision_created_at": null,
    "depth": 1,
    "search_description": "",
    "content_type": [
      "wagtailcore",
      "page"
    ],
    "has_unpublished_changes": false,
    "owner": null,
    "path": "0001",
    "url_path": "/",
    "expired": false,
    "slug": "root",
    "expire_at": null,
    "go_live_at": null
  },
  "model": "wagtailcore.page",
  "pk": 1
},
{
  "fields": {
    "locked": false,
    "title": "Homepage",
    "numchild": 3,
    "show_in_menus": false,
    "live": true,
    "seo_title": "",
    "latest_revision_created_at": "2015-06-18T16:00:35.687Z",
    "depth": 2,
    "search_description": "",
    "content_type": [
      "pages",
      "homepage"
    ],
    "has_unpublished_changes": false,
    "owner": null,
    "path": "00010001",
    "url_path": "/home/",
    "expired": false,
    "slug": "home",
    "expire_at": null,
    "go_live_at": null
  },
  "model": "wagtailcore.page",
  "pk": 3
},
{
  "fields": {
    "locked": false,
    "title": "Contact Us",
    "numchild": 0,
    "show_in_menus": true,
    "live": true,
    "seo_title": "",
    "latest_revision_created_at": "2015-06-26T08:01:19.844Z",
    "depth": 3,
    "search_description": "",
    "content_type": [
      "contact",
      "contactpage"
    ],
    "has_unpublished_changes": false,
    "owner": [
      "admin"
    ],
    "path": "000100010005",
    "url_path": "/home/contact-us/",
    "expired": false,
    "slug": "contact-us",
    "expire_at": null,
    "go_live_at": null
  },
  "model": "wagtailcore.page",
  "pk": 4
},
{
  "fields": {
    "locked": false,
    "title": "News",
    "numchild": 1,
    "show_in_menus": true,
    "live": true,
    "seo_title": "",
    "latest_revision_created_at": "2015-06-18T16:08:26.218Z",
    "depth": 3,
    "search_description": "",
    "content_type": [
      "blog",
      "blogindexpage"
    ],
    "has_unpublished_changes": false,
    "owner": [
      "admin"
    ],
    "path": "000100010004",
    "url_path": "/home/news/",
    "expired": false,
    "slug": "news",
    "expire_at": null,
    "go_live_at": null
  },
  "model": "wagtailcore.page",
  "pk": 5
},
{
  "fields": {
    "locked": false,
    "title": "Our first story",
    "numchild": 0,
    "show_in_menus": true,
    "live": true,
    "seo_title": "",
    "latest_revision_created_at": "2015-07-01T18:33:34.007Z",
    "depth": 4,
    "search_description": "",
    "content_type": [
      "blog",
      "blogpage"
    ],
    "has_unpublished_changes": false,
    "owner": [
      "admin"
    ],
    "path": "0001000100040001",
    "url_path": "/home/news/our-first-story/",
    "expired": false,
    "slug": "our-first-story",
    "expire_at": null,
    "go_live_at": null
  },
  "model": "wagtailcore.page",
  "pk": 6
},
{
  "fields": {
    "locked": false,
    "title": "About Us",
    "numchild": 2,
    "show_in_menus": true,
    "live": true,
    "seo_title": "",
    "latest_revision_created_at": "2015-06-18T16:07:42.021Z",
    "depth": 3,
    "search_description": "",
    "content_type": [
      "pages",
      "standardindexpage"
    ],
    "has_unpublished_changes": false,
    "owner": [
      "admin"
    ],
    "path": "000100010003",
    "url_path": "/home/about-us/",
    "expired": false,
    "slug": "about-us",
    "expire_at": null,
    "go_live_at": null
  },
  "model": "wagtailcore.page",
  "pk": 7
},
{
  "fields": {
    "locked": false,
    "title": "History",
    "numchild": 0,
    "show_in_menus": true,
    "live": true,
    "seo_title": "",
    "latest_revision_created_at": "2015-06-18T16:08:05.858Z",
    "depth": 4,
    "search_description": "",
    "content_type": [
      "pages",
      "standardpage"
    ],
    "has_unpublished_changes": false,
    "owner": [
      "admin"
    ],
    "path": "0001000100030001",
    "url_path": "/home/about-us/history/",
    "expired": false,
    "slug": "history",
    "expire_at": null,
    "go_live_at": null
  },
  "model": "wagtailcore.page",
  "pk": 8
},
{
  "fields": {
    "locked": false,
    "title": "Vision and Mission",
    "numchild": 0,
    "show_in_menus": true,
    "live": true,
    "seo_title": "",
    "latest_revision_created_at": "2015-06-18T16:07:54.680Z",
    "depth": 4,
    "search_description": "",
    "content_type": [
      "pages",
      "standardpage"
    ],
    "has_unpublished_changes": false,
    "owner": [
      "admin"
    ],
    "path": "0001000100030002",
    "url_path": "/home/about-us/vision-and-mission/",
    "expired": false,
    "slug": "vision-and-mission",
    "expire_at": null,
    "go_live_at": null
  },
  "model": "wagtailcore.page",
  "pk": 9
},
{
  "fields": {
    "approved_go_live_at": null,
    "created_at": "2015-06-18T15:26:52.225Z",
    "submitted_for_moderation": false,
    "content_json": "{\"to_address\": \"\", \"from_address\": \"\", \"telephone\": \"+9999999999\", \"search_description\": \"\", \"owner\": 1, \"intro\": \"Contact Us\", \"latest_revision_created_at\": null, \"subject\": \"\", \"name_organization\": \"Full organisation name\", \"city\": \"City name\", \"title\": \"Contact Us\", \"seo_title\": \"\", \"slug\": \"contact-us\", \"live\": true, \"has_unpublished_changes\": false, \"go_live_at\": null, \"email\": \"example@example.com\", \"post_code\": \"Postal\", \"numchild\": 0, \"content_type\": 52, \"show_in_menus\": false, \"thank_you_text\": \"Thank for your interest\", \"path\": \"000100010001\", \"url_path\": \"/home/contact-us/\", \"expired\": false, \"pk\": 4, \"locked\": false, \"country\": \"Country name\", \"form_fields\": [{\"default_value\": \"\", \"field_type\": \"singleline\", \"required\": true, \"choices\": \"\", \"sort_order\": 0, \"help_text\": \"\", \"pk\": 1, \"label\": \"Name\", \"page\": 4}, {\"default_value\": \"\", \"field_type\": \"email\", \"required\": true, \"choices\": \"\", \"sort_order\": 1, \"help_text\": \"\", \"pk\": 2, \"label\": \"E-mail\", \"page\": 4}, {\"default_value\": \"\", \"field_type\": \"dropdown\", \"required\": true, \"choices\": \"sdhsd,dsds.sfdsf\", \"sort_order\": 2, \"help_text\": \"\", \"pk\": 3, \"label\": \"Why do you want to contact?\", \"page\": 4}, {\"default_value\": \"\", \"field_type\": \"multiline\", \"required\": true, \"choices\": \"\", \"sort_order\": 3, \"help_text\": \"\", \"pk\": 4, \"label\": \"Message\", \"page\": 4}], \"depth\": 3, \"address_1\": \"address line 1\", \"address_2\": \"address line 2\", \"expire_at\": null}",
    "user": [
      "admin"
    ],
    "page": 4
  },
  "model": "wagtailcore.pagerevision",
  "pk": 1
},
{
  "fields": {
    "approved_go_live_at": null,
    "created_at": "2015-06-18T15:34:17.996Z",
    "submitted_for_moderation": false,
    "content_json": "{\"to_address\": \"\", \"from_address\": \"\", \"telephone\": \"8675-309\", \"search_description\": \"\", \"owner\": 1, \"intro\": \"Contact Us\", \"latest_revision_created_at\": \"2015-06-18T15:26:52.225Z\", \"subject\": \"\", \"name_organization\": \"full/formatted name of the person or organisation\", \"city\": \"Town\", \"title\": \"Contact Us\", \"seo_title\": \"\", \"slug\": \"contact-us\", \"live\": true, \"has_unpublished_changes\": false, \"go_live_at\": null, \"email\": \"example@example.com\", \"post_code\": \"Postal\", \"numchild\": 0, \"content_type\": 52, \"show_in_menus\": false, \"thank_you_text\": \"Thank for your interest\", \"path\": \"000100010001\", \"url_path\": \"/home/contact-us/\", \"expired\": false, \"pk\": 4, \"locked\": false, \"country\": \"Country\", \"form_fields\": [{\"default_value\": \"\", \"field_type\": \"singleline\", \"required\": true, \"choices\": \"\", \"sort_order\": 0, \"help_text\": \"\", \"pk\": 1, \"label\": \"Name\", \"page\": null}, {\"default_value\": \"\", \"field_type\": \"email\", \"required\": true, \"choices\": \"\", \"sort_order\": 1, \"help_text\": \"\", \"pk\": 2, \"label\": \"E-mail\", \"page\": null}, {\"default_value\": \"\", \"field_type\": \"dropdown\", \"required\": true, \"choices\": \"sdhsd,dsds.sfdsf\", \"sort_order\": 2, \"help_text\": \"\", \"pk\": 3, \"label\": \"Why do you want to contact?\", \"page\": null}, {\"default_value\": \"\", \"field_type\": \"multiline\", \"required\": true, \"choices\": \"\", \"sort_order\": 3, \"help_text\": \"\", \"pk\": 4, \"label\": \"Message\", \"page\": null}], \"depth\": 3, \"address_1\": \"Apt\", \"address_2\": \"Street Address\", \"expire_at\": null}",
    "user": [
      "admin"
    ],
    "page": 4
  },
  "model": "wagtailcore.pagerevision",
  "pk": 2
},
{
  "fields": {
    "approved_go_live_at": null,
    "created_at": "2015-06-18T15:36:26.469Z",
    "submitted_for_moderation": false,
    "content_json": "{\"related_links\": [], \"locked\": false, \"title\": \"News\", \"numchild\": 0, \"show_in_menus\": false, \"live\": true, \"seo_title\": \"\", \"search_description\": \"\", \"depth\": 3, \"intro\": \"Welcome to news section\", \"latest_revision_created_at\": null, \"has_unpublished_changes\": false, \"content_type\": 38, \"path\": \"000100010002\", \"owner\": 1, \"pk\": 5, \"url_path\": \"/home/news/\", \"expired\": false, \"slug\": \"news\", \"expire_at\": null, \"go_live_at\": null}",
    "user": [
      "admin"
    ],
    "page": 5
  },
  "model": "wagtailcore.pagerevision",
  "pk": 3
},
{
  "fields": {
    "approved_go_live_at": null,
    "created_at": "2015-06-18T15:39:24.800Z",
    "submitted_for_moderation": false,
    "content_json": "{\"carousel_items\": [], \"search_description\": \"\", \"owner\": 1, \"intro\": \"<p>This is our first story.</p>\", \"latest_revision_created_at\": null, \"go_live_at\": null, \"feed_image\": null, \"related_links\": [], \"title\": \"Our first story\", \"seo_title\": \"\", \"slug\": \"our-first-story\", \"live\": true, \"has_unpublished_changes\": false, \"tagged_items\": [], \"body\": \"<p>Lorem ipsum dolor sit amet, consectetur adipiscing elit. Aenean ante urna, sagittis rhoncus orci sed, ullamcorper eleifend ipsum. Cras sit amet metus a justo pharetra dignissim. Suspendisse convallis dictum mauris, quis pulvinar nisi rutrum vitae. Vivamus fringilla nulla ac sagittis ornare. Fusce ac purus sodales, posuere ex euismod, semper nibh. Nullam a eros nulla. Maecenas id felis feugiat risus tincidunt ultricies. Suspendisse scelerisque erat vel sem posuere commodo.</p><p>Donec in mollis nisi. Sed ut neque sed dolor ultrices viverra eu quis orci. Nullam at tortor nec eros egestas tristique ut nec augue. Vivamus sapien magna, gravida at maximus quis, gravida vel arcu. Mauris elementum sit amet ex vehicula pulvinar. Suspendisse a tellus nec turpis semper fringilla. Etiam accumsan quis dui ut rhoncus. Pellentesque at augue in diam congue tempus et quis ante. Quisque venenatis hendrerit felis id rhoncus. Nunc egestas felis ornare lorem molestie, in sodales nisl vestibulum. In hendrerit bibendum eros vehicula mattis. Donec porta venenatis ante non interdum. Cras hendrerit et magna sed dignissim. Integer lorem ligula, pulvinar id ante in, faucibus elementum velit. Vestibulum ante ipsum primis in faucibus orci luctus et ultrices posuere cubilia Curae;</p><p>Proin ipsum libero, ornare vitae felis tincidunt, sollicitudin dapibus elit. Aenean iaculis sollicitudin orci vitae iaculis. Morbi ipsum sapien, egestas eget posuere quis, ultrices et lectus. Aenean laoreet porttitor mi, id mollis magna fringilla quis. Nullam non quam sodales, tempor nibh in, ultricies massa. Nam dictum lectus ac mi lobortis, vel luctus sapien aliquam. Donec rhoncus eget ante vel ornare.</p><p>Aliquam ut nisi nec turpis malesuada mattis et pulvinar velit. In pellentesque venenatis ornare. Phasellus auctor turpis suscipit lectus mattis, eget malesuada nisl accumsan. Lorem ipsum dolor sit amet, consectetur adipiscing elit. Donec eu placerat erat. Vivamus eget tempor erat. Praesent vehicula magna sit amet mi sodales viverra. Nam facilisis viverra eros ut cursus. Duis non vulputate arcu, sed rutrum nisl. Etiam sagittis mollis eleifend. Quisque eu leo at ex aliquet rhoncus. Fusce nisi magna, commodo id posuere a, fringilla tempor sapien.</p><p>Mauris quis velit est. Cras vel enim purus. Sed ut velit at diam pulvinar rhoncus. Mauris condimentum scelerisque ex, sed ornare mauris dignissim in. Ut vel eleifend enim. Aenean efficitur velit velit, nec lacinia tortor pulvinar id. Ut volutpat finibus tristique. Fusce at sodales urna. Sed sed mi posuere, laoreet quam at, aliquam massa. Aliquam vel sem quis eros consequat vehicula non ac dui.</p>\", \"numchild\": 0, \"content_type\": 42, \"show_in_menus\": false, \"date\": \"2015-06-18\", \"path\": \"0001000100020001\", \"url_path\": \"/home/news/our-first-story/\", \"expired\": false, \"pk\": 6, \"locked\": false, \"depth\": 4, \"expire_at\": null}",
    "user": [
      "admin"
    ],
    "page": 6
  },
  "model": "wagtailcore.pagerevision",
  "pk": 4
},
{
  "fields": {
    "approved_go_live_at": null,
    "created_at": "2015-06-18T15:41:11.020Z",
    "submitted_for_moderation": false,
    "content_json": "{\"subtitle\": \"About Us\", \"search_description\": \"\", \"owner\": 1, \"intro\": \"Lorem ipsum dolor sit amet, consectetur adipiscing elit. Aenean ante urna, sagittis rhoncus orci sed, ullamcorper eleifend ipsum. Cras sit amet metus a justo pharetra dignissim. Suspendisse convallis dictum mauris, quis pulvinar nisi rutrum vitae. Vivamus fringilla nulla ac sagittis ornare. Fusce ac purus sodales, posuere ex euismod, semper nibh. Nullam a eros nulla. Maecenas id felis feugiat risus tincidunt ultricies. Suspendisse scelerisque erat vel sem posuere commodo.\", \"latest_revision_created_at\": null, \"go_live_at\": null, \"feed_image\": null, \"related_links\": [], \"title\": \"About Us\", \"seo_title\": \"\", \"slug\": \"about-us\", \"live\": true, \"has_unpublished_changes\": false, \"numchild\": 0, \"content_type\": 31, \"show_in_menus\": false, \"path\": \"000100010003\", \"url_path\": \"/home/about-us/\", \"expired\": false, \"pk\": 7, \"locked\": false, \"depth\": 3, \"expire_at\": null}",
    "user": [
      "admin"
    ],
    "page": 7
  },
  "model": "wagtailcore.pagerevision",
  "pk": 5
},
{
  "fields": {
    "approved_go_live_at": null,
    "created_at": "2015-06-18T15:42:48.398Z",
    "submitted_for_moderation": false,
    "content_json": "{\"subtitle\": \"This is our story\", \"carousel_items\": [], \"search_description\": \"\", \"owner\": 1, \"intro\": \"<p>\\nNullam\\nquis risus eget urna mollis ornare vel eu leo. Praesent commodo\\ncursus magna, vel scelerisque nisl consectetur et. Aenean lacinia\\nbibendum nulla sed consectetur. Lorem ipsum dolor sit amet,\\nconsectetur adipiscing elit.</p>\", \"latest_revision_created_at\": null, \"go_live_at\": null, \"feed_image\": null, \"related_links\": [], \"title\": \"History\", \"seo_title\": \"\", \"slug\": \"history\", \"live\": true, \"has_unpublished_changes\": false, \"body\": \"<h2>History</h2>\\n<p>\\nCum\\nsociis natoque penatibus et magnis dis parturient montes, nascetur\\nridiculus mus. Nulla vitae elit libero, a pharetra augue. Donec id\\nelit non mi porta gravida at eget metus. Maecenas sed diam eget risus\\nvarius blandit sit amet non magna. Duis mollis, est non commodo\\nluctus, nisi erat porttitor ligula, eget lacinia odio sem nec elit.\\nDuis mollis, est non commodo luctus, nisi erat porttitor ligula, eget\\nlacinia odio sem nec elit. Maecenas faucibus mollis interdum.<br/><br/>Duis\\nmollis, est non commodo luctus, nisi erat porttitor ligula, eget\\nlacinia odio sem nec elit. Donec sed odio dui. Cras mattis\\nconsectetur purus sit amet fermentum. Donec ullamcorper nulla non\\nmetus auctor fringilla. Maecenas faucibus mollis interdum.<br/><br/>Nullam\\nid dolor id nibh ultricies vehicula ut id elit. Morbi leo risus,\\nporta ac consectetur ac, vestibulum at eros. Cras mattis consectetur\\npurus sit amet fermentum. Duis mollis, est non commodo luctus, nisi\\nerat porttitor ligula, eget lacinia odio sem nec elit. Donec id elit\\nnon mi porta gravida at eget metus. Cras justo odio, dapibus ac\\nfacilisis in, egestas eget quam. Donec sed odio dui.</p>\", \"numchild\": 0, \"content_type\": 34, \"show_in_menus\": false, \"path\": \"0001000100030001\", \"url_path\": \"/home/about-us/history/\", \"expired\": false, \"pk\": 8, \"locked\": false, \"depth\": 4, \"expire_at\": null}",
    "user": [
      "admin"
    ],
    "page": 8
  },
  "model": "wagtailcore.pagerevision",
  "pk": 6
},
{
  "fields": {
    "approved_go_live_at": null,
    "created_at": "2015-06-18T15:44:01.371Z",
    "submitted_for_moderation": false,
    "content_json": "{\"subtitle\": \"This is our vision and mission\", \"carousel_items\": [], \"search_description\": \"\", \"owner\": 1, \"intro\": \"<p>\\nVivamus\\nsagittis lacus vel augue laoreet rutrum faucibus dolor auctor. Nulla\\nvitae elit libero, a pharetra augue. Donec id elit non mi porta\\ngravida at eget metus. Nullam id dolor id nibh ultricies vehicula ut\\nid elit. Lorem ipsum dolor sit amet, consectetur adipiscing elit.</p>\", \"latest_revision_created_at\": null, \"go_live_at\": null, \"feed_image\": null, \"related_links\": [], \"title\": \"Vision and Mission\", \"seo_title\": \"\", \"slug\": \"vision-and-mission\", \"live\": true, \"has_unpublished_changes\": false, \"body\": \"<h3>Vision and Mission</h3>\\n<p>\\nNullam\\nquis risus eget urna mollis ornare vel eu leo. Sed posuere\\nconsectetur est at lobortis. Donec sed odio dui. Cras justo odio,\\ndapibus ac facilisis in, egestas eget quam. Fusce dapibus, tellus ac\\ncursus commodo, tortor mauris condimentum nibh, ut fermentum massa\\njusto sit amet risus. Fusce dapibus, tellus ac cursus commodo, tortor\\nmauris condimentum nibh, ut fermentum massa justo sit amet risus. Cum\\nsociis natoque penatibus et magnis dis parturient montes, nascetur\\nridiculus mus.</p>\\n<p>\\n<br/>Nullam\\nid dolor id nibh ultricies vehicula ut id elit. Cras mattis\\nconsectetur purus sit amet fermentum. Donec ullamcorper nulla non\\nmetus auctor fringilla. Vestibulum id ligula porta felis euismod\\nsemper. Praesent commodo cursus magna, vel scelerisque nisl\\nconsectetur et. Nullam quis risus eget urna mollis ornare vel eu leo.</p>\\n<p>\\n<br/>Donec\\nid elit non mi porta gravida at eget metus. Vivamus sagittis lacus\\nvel augue laoreet rutrum faucibus dolor auctor. Morbi leo risus,\\nporta ac consectetur ac, vestibulum at eros. Integer posuere erat a\\nante venenatis dapibus posuere velit aliquet.</p>\\n<p>\\n<br/>Curabitur\\nblandit tempus porttitor. Lorem ipsum dolor sit amet, consectetur\\nadipiscing elit. Cum sociis natoque penatibus et magnis dis\\nparturient montes, nascetur ridiculus mus. Aenean lacinia bibendum\\nnulla sed consectetur. Nullam quis risus eget urna mollis ornare vel\\neu leo. Donec id elit non mi porta gravida at eget metus. Praesent\\ncommodo cursus magna, vel scelerisque nisl consectetur et.</p>\", \"numchild\": 0, \"content_type\": 34, \"show_in_menus\": false, \"path\": \"0001000100030002\", \"url_path\": \"/home/about-us/vision-and-mission/\", \"expired\": false, \"pk\": 9, \"locked\": false, \"depth\": 4, \"expire_at\": null}",
    "user": [
      "admin"
    ],
    "page": 9
  },
  "model": "wagtailcore.pagerevision",
  "pk": 7
},
{
  "fields": {
    "approved_go_live_at": null,
    "created_at": "2015-06-18T15:54:50.301Z",
    "submitted_for_moderation": false,
    "content_json": "{\"carousel_items\": [], \"search_description\": \"\", \"owner\": null, \"latest_revision_created_at\": null, \"go_live_at\": null, \"related_links\": [], \"title\": \"Homepage\", \"seo_title\": \"\", \"slug\": \"home\", \"live\": true, \"has_unpublished_changes\": false, \"body\": \"A cookiecutter template for Wagtail CMS featuring Zurb Foundation front-end framework.\", \"content_items\": [], \"numchild\": 3, \"title_text\": \"Welcome to Wagtail Cookiecutter Foundation\", \"content_type\": 4, \"show_in_menus\": false, \"path\": \"00010001\", \"url_path\": \"/home/\", \"expired\": false, \"pk\": 3, \"locked\": false, \"depth\": 2, \"expire_at\": null}",
    "user": [
      "admin"
    ],
    "page": 3
  },
  "model": "wagtailcore.pagerevision",
  "pk": 8
},
{
  "fields": {
    "approved_go_live_at": null,
    "created_at": "2015-06-18T15:55:25.400Z",
    "submitted_for_moderation": false,
    "content_json": "{\"carousel_items\": [{\"link_page\": null, \"embed_url\": \"\", \"image\": 1, \"link_external\": \"\", \"caption\": \"\", \"sort_order\": 0, \"link_document\": null, \"pk\": null, \"page\": null}, {\"link_page\": null, \"embed_url\": \"\", \"image\": 3, \"link_external\": \"\", \"caption\": \"\", \"sort_order\": 1, \"link_document\": null, \"pk\": null, \"page\": null}, {\"link_page\": null, \"embed_url\": \"\", \"image\": 4, \"link_external\": \"\", \"caption\": \"\", \"sort_order\": 2, \"link_document\": null, \"pk\": null, \"page\": null}, {\"link_page\": null, \"embed_url\": \"\", \"image\": 2, \"link_external\": \"\", \"caption\": \"\", \"sort_order\": 3, \"link_document\": null, \"pk\": null, \"page\": null}], \"search_description\": \"\", \"owner\": null, \"latest_revision_created_at\": \"2015-06-18T15:54:50.301Z\", \"go_live_at\": null, \"related_links\": [], \"title\": \"Homepage\", \"seo_title\": \"\", \"slug\": \"home\", \"live\": true, \"has_unpublished_changes\": true, \"body\": \"A cookiecutter template for Wagtail CMS featuring Zurb Foundation front-end framework.\", \"content_items\": [], \"numchild\": 3, \"title_text\": \"Welcome to Wagtail Cookiecutter Foundation\", \"content_type\": 4, \"show_in_menus\": false, \"path\": \"00010001\", \"url_path\": \"/home/\", \"expired\": false, \"pk\": 3, \"locked\": false, \"depth\": 2, \"expire_at\": null}",
    "user": [
      "admin"
    ],
    "page": 3
  },
  "model": "wagtailcore.pagerevision",
  "pk": 9
},
{
  "fields": {
    "approved_go_live_at": null,
    "created_at": "2015-06-18T15:57:19.603Z",
    "submitted_for_moderation": false,
    "content_json": "{\"carousel_items\": [{\"link_page\": null, \"embed_url\": \"\", \"image\": 1, \"link_external\": \"\", \"caption\": \"\", \"sort_order\": 0, \"link_document\": null, \"pk\": null, \"page\": null}, {\"link_page\": null, \"embed_url\": \"\", \"image\": 3, \"link_external\": \"\", \"caption\": \"\", \"sort_order\": 1, \"link_document\": null, \"pk\": null, \"page\": null}, {\"link_page\": null, \"embed_url\": \"\", \"image\": 4, \"link_external\": \"\", \"caption\": \"\", \"sort_order\": 2, \"link_document\": null, \"pk\": null, \"page\": null}, {\"link_page\": null, \"embed_url\": \"\", \"image\": 2, \"link_external\": \"\", \"caption\": \"\", \"sort_order\": 3, \"link_document\": null, \"pk\": null, \"page\": null}], \"search_description\": \"\", \"owner\": null, \"latest_revision_created_at\": \"2015-06-18T15:55:25.400Z\", \"go_live_at\": null, \"related_links\": [], \"title\": \"Homepage\", \"seo_title\": \"\", \"slug\": \"home\", \"live\": true, \"has_unpublished_changes\": true, \"body\": \"A cookiecutter template for Wagtail CMS featuring Zurb Foundation front-end framework.\", \"content_items\": [{\"slug\": \"wagtail\", \"link_page\": null, \"title\": \"Wagtail\", \"image\": 5, \"link_external\": \"https://wagtail.io/\", \"summary\": \"\", \"content\": \"Wagtail the leading Django CMS.\", \"sort_order\": 0, \"link_document\": null, \"pk\": null, \"page\": null}, {\"slug\": \"foundation\", \"link_page\": null, \"title\": \"Foundation\", \"image\": 6, \"link_external\": \"http://foundation.zurb.com/\", \"summary\": \"\", \"content\": \"The most advanced responsive\\u00a0front-end framework in the world.\", \"sort_order\": 1, \"link_document\": null, \"pk\": null, \"page\": null}, {\"slug\": \"ansible\", \"link_page\": null, \"title\": \"Ansible\", \"image\": 7, \"link_external\": \"http://www.ansible.com/\", \"summary\": \"\", \"content\": \"Ansible for provisioning and Deployment\", \"sort_order\": 2, \"link_document\": null, \"pk\": null, \"page\": null}], \"numchild\": 3, \"title_text\": \"Welcome to Wagtail Cookiecutter Foundation\", \"content_type\": 4, \"show_in_menus\": false, \"path\": \"00010001\", \"url_path\": \"/home/\", \"expired\": false, \"pk\": 3, \"locked\": false, \"depth\": 2, \"expire_at\": null}",
    "user": [
      "admin"
    ],
    "page": 3
  },
  "model": "wagtailcore.pagerevision",
  "pk": 10
},
{
  "fields": {
    "approved_go_live_at": null,
    "created_at": "2015-06-18T16:00:35.687Z",
    "submitted_for_moderation": false,
    "content_json": "{\"carousel_items\": [{\"link_page\": null, \"embed_url\": \"\", \"image\": 1, \"link_external\": \"\", \"caption\": \"\", \"sort_order\": 0, \"link_document\": null, \"pk\": null, \"page\": null}, {\"link_page\": null, \"embed_url\": \"\", \"image\": 3, \"link_external\": \"\", \"caption\": \"\", \"sort_order\": 1, \"link_document\": null, \"pk\": null, \"page\": null}, {\"link_page\": null, \"embed_url\": \"\", \"image\": 4, \"link_external\": \"\", \"caption\": \"\", \"sort_order\": 2, \"link_document\": null, \"pk\": null, \"page\": null}, {\"link_page\": null, \"embed_url\": \"\", \"image\": 2, \"link_external\": \"\", \"caption\": \"\", \"sort_order\": 3, \"link_document\": null, \"pk\": null, \"page\": null}], \"search_description\": \"\", \"owner\": null, \"latest_revision_created_at\": \"2015-06-18T15:57:19.603Z\", \"go_live_at\": null, \"related_links\": [], \"title\": \"Homepage\", \"seo_title\": \"\", \"slug\": \"home\", \"live\": true, \"has_unpublished_changes\": true, \"body\": \"A cookiecutter template for Wagtail CMS featuring Zurb Foundation front-end framework.\", \"content_items\": [{\"slug\": \"wagtail\", \"link_page\": null, \"title\": \"Wagtail\", \"image\": 5, \"link_external\": \"https://wagtail.io/\", \"summary\": \"\", \"content\": \"Wagtail the leading Django CMS.\", \"sort_order\": 0, \"link_document\": null, \"pk\": null, \"page\": null}, {\"slug\": \"foundation\", \"link_page\": null, \"title\": \"Foundation\", \"image\": 6, \"link_external\": \"http://foundation.zurb.com/\", \"summary\": \"\", \"content\": \"The most advanced responsive\\u00a0front-end framework in the world.\", \"sort_order\": 1, \"link_document\": null, \"pk\": null, \"page\": null}, {\"slug\": \"ansible\", \"link_page\": null, \"title\": \"Ansible\", \"image\": 7, \"link_external\": \"http://www.ansible.com/\", \"summary\": \"\", \"content\": \"Ansible for provisioning and Deployment\", \"sort_order\": 2, \"link_document\": null, \"pk\": null, \"page\": null}, {\"slug\": \"sass\", \"link_page\": null, \"title\": \"Sass\", \"image\": 8, \"link_external\": \"http://sass-lang.com/\", \"summary\": \"\", \"content\": \"100% Sass\", \"sort_order\": 3, \"link_document\": null, \"pk\": null, \"page\": null}, {\"slug\": \"postgresql\", \"link_page\": null, \"title\": \"Postgresql\", \"image\": 9, \"link_external\": \"http://www.postgresql.org/\", \"summary\": \"\", \"content\": \"PostgreSQL Everywhere\", \"sort_order\": 4, \"link_document\": null, \"pk\": null, \"page\": null}, {\"slug\": \"digitalocean\", \"link_page\": null, \"title\": \"Digital Ocean\", \"image\": 10, \"link_external\": \"https://www.digitalocean.com/\", \"summary\": \"\", \"content\": \"Spin Up your server with Digital Ocean API.\", \"sort_order\": 5, \"link_document\": null, \"pk\": null, \"page\": null}], \"numchild\": 3, \"title_text\": \"Welcome to Wagtail Cookiecutter Foundation\", \"content_type\": 4, \"show_in_menus\": false, \"path\": \"00010001\", \"url_path\": \"/home/\", \"expired\": false, \"pk\": 3, \"locked\": false, \"depth\": 2, \"expire_at\": null}",
    "user": [
      "admin"
    ],
    "page": 3
  },
  "model": "wagtailcore.pagerevision",
  "pk": 11
},
{
  "fields": {
    "approved_go_live_at": null,
    "created_at": "2015-06-18T16:03:13.721Z",
    "submitted_for_moderation": false,
    "content_json": "{\"to_address\": \"\", \"from_address\": \"\", \"telephone\": \"8675-309\", \"search_description\": \"\", \"owner\": 1, \"intro\": \"Contact Us\", \"latest_revision_created_at\": \"2015-06-18T15:34:17.996Z\", \"subject\": \"\", \"name_organization\": \"full/formatted name of the person or organisation\", \"city\": \"Town\", \"title\": \"Contact Us\", \"seo_title\": \"\", \"slug\": \"contact-us\", \"live\": true, \"has_unpublished_changes\": false, \"go_live_at\": null, \"email\": \"example@example.com\", \"post_code\": \"Postal\", \"numchild\": 0, \"content_type\": 52, \"show_in_menus\": false, \"thank_you_text\": \"Thank for your interest\", \"path\": \"000100010001\", \"url_path\": \"/home/contact-us/\", \"expired\": false, \"pk\": 4, \"locked\": false, \"country\": \"Country\", \"form_fields\": [{\"default_value\": \"\", \"field_type\": \"singleline\", \"required\": true, \"choices\": \"\", \"sort_order\": 0, \"help_text\": \"\", \"pk\": 1, \"label\": \"Name\", \"page\": null}, {\"default_value\": \"\", \"field_type\": \"email\", \"required\": true, \"choices\": \"\", \"sort_order\": 1, \"help_text\": \"\", \"pk\": 2, \"label\": \"E-mail\", \"page\": null}, {\"default_value\": \"\", \"field_type\": \"dropdown\", \"required\": true, \"choices\": \"sdhsd,dsds,sfdsf\", \"sort_order\": 2, \"help_text\": \"\", \"pk\": 3, \"label\": \"Why do you want to contact?\", \"page\": null}, {\"default_value\": \"\", \"field_type\": \"multiline\", \"required\": true, \"choices\": \"\", \"sort_order\": 3, \"help_text\": \"\", \"pk\": 4, \"label\": \"Message\", \"page\": null}], \"depth\": 3, \"address_1\": \"Apt\", \"address_2\": \"Street Address\", \"expire_at\": null}",
    "user": [
      "admin"
    ],
    "page": 4
  },
  "model": "wagtailcore.pagerevision",
  "pk": 12
},
{
  "fields": {
    "approved_go_live_at": null,
    "created_at": "2015-06-18T16:07:30.239Z",
    "submitted_for_moderation": false,
    "content_json": "{\"to_address\": \"\", \"from_address\": \"\", \"telephone\": \"8675-309\", \"search_description\": \"\", \"owner\": 1, \"intro\": \"Contact Us\", \"latest_revision_created_at\": \"2015-06-18T16:03:13.721Z\", \"subject\": \"\", \"name_organization\": \"full/formatted name of the person or organisation\", \"city\": \"Town\", \"title\": \"Contact Us\", \"seo_title\": \"\", \"slug\": \"contact-us\", \"live\": true, \"has_unpublished_changes\": false, \"go_live_at\": null, \"email\": \"example@example.com\", \"post_code\": \"Postal\", \"numchild\": 0, \"content_type\": 52, \"show_in_menus\": true, \"thank_you_text\": \"Thank for your interest\", \"path\": \"000100010001\", \"url_path\": \"/home/contact-us/\", \"expired\": false, \"pk\": 4, \"locked\": false, \"country\": \"Country\", \"form_fields\": [{\"default_value\": \"\", \"field_type\": \"singleline\", \"required\": true, \"choices\": \"\", \"sort_order\": 0, \"help_text\": \"\", \"pk\": 1, \"label\": \"Name\", \"page\": null}, {\"default_value\": \"\", \"field_type\": \"email\", \"required\": true, \"choices\": \"\", \"sort_order\": 1, \"help_text\": \"\", \"pk\": 2, \"label\": \"E-mail\", \"page\": null}, {\"default_value\": \"\", \"field_type\": \"dropdown\", \"required\": true, \"choices\": \"sdhsd,dsds,sfdsf\", \"sort_order\": 2, \"help_text\": \"\", \"pk\": 3, \"label\": \"Why do you want to contact?\", \"page\": null}, {\"default_value\": \"\", \"field_type\": \"multiline\", \"required\": true, \"choices\": \"\", \"sort_order\": 3, \"help_text\": \"\", \"pk\": 4, \"label\": \"Message\", \"page\": null}], \"depth\": 3, \"address_1\": \"Apt\", \"address_2\": \"Street Address\", \"expire_at\": null}",
    "user": [
      "admin"
    ],
    "page": 4
  },
  "model": "wagtailcore.pagerevision",
  "pk": 13
},
{
  "fields": {
    "approved_go_live_at": null,
    "created_at": "2015-06-18T16:07:42.021Z",
    "submitted_for_moderation": false,
    "content_json": "{\"subtitle\": \"About Us\", \"search_description\": \"\", \"owner\": 1, \"intro\": \"Lorem ipsum dolor sit amet, consectetur adipiscing elit. Aenean ante urna, sagittis rhoncus orci sed, ullamcorper eleifend ipsum. Cras sit amet metus a justo pharetra dignissim. Suspendisse convallis dictum mauris, quis pulvinar nisi rutrum vitae. Vivamus fringilla nulla ac sagittis ornare. Fusce ac purus sodales, posuere ex euismod, semper nibh. Nullam a eros nulla. Maecenas id felis feugiat risus tincidunt ultricies. Suspendisse scelerisque erat vel sem posuere commodo.\", \"latest_revision_created_at\": \"2015-06-18T15:41:11.020Z\", \"go_live_at\": null, \"feed_image\": null, \"related_links\": [], \"title\": \"About Us\", \"seo_title\": \"\", \"slug\": \"about-us\", \"live\": true, \"has_unpublished_changes\": false, \"numchild\": 2, \"content_type\": 31, \"show_in_menus\": true, \"path\": \"000100010003\", \"url_path\": \"/home/about-us/\", \"expired\": false, \"pk\": 7, \"locked\": false, \"depth\": 3, \"expire_at\": null}",
    "user": [
      "admin"
    ],
    "page": 7
  },
  "model": "wagtailcore.pagerevision",
  "pk": 14
},
{
  "fields": {
    "approved_go_live_at": null,
    "created_at": "2015-06-18T16:07:54.680Z",
    "submitted_for_moderation": false,
    "content_json": "{\"subtitle\": \"This is our vision and mission\", \"carousel_items\": [], \"search_description\": \"\", \"owner\": 1, \"intro\": \"<p>\\nVivamus\\nsagittis lacus vel augue laoreet rutrum faucibus dolor auctor. Nulla\\nvitae elit libero, a pharetra augue. Donec id elit non mi porta\\ngravida at eget metus. Nullam id dolor id nibh ultricies vehicula ut\\nid elit. Lorem ipsum dolor sit amet, consectetur adipiscing elit.</p>\", \"latest_revision_created_at\": \"2015-06-18T15:44:01.371Z\", \"go_live_at\": null, \"feed_image\": null, \"related_links\": [], \"title\": \"Vision and Mission\", \"seo_title\": \"\", \"slug\": \"vision-and-mission\", \"live\": true, \"has_unpublished_changes\": false, \"body\": \"<h3>Vision and Mission</h3>\\n<p>\\nNullam\\nquis risus eget urna mollis ornare vel eu leo. Sed posuere\\nconsectetur est at lobortis. Donec sed odio dui. Cras justo odio,\\ndapibus ac facilisis in, egestas eget quam. Fusce dapibus, tellus ac\\ncursus commodo, tortor mauris condimentum nibh, ut fermentum massa\\njusto sit amet risus. Fusce dapibus, tellus ac cursus commodo, tortor\\nmauris condimentum nibh, ut fermentum massa justo sit amet risus. Cum\\nsociis natoque penatibus et magnis dis parturient montes, nascetur\\nridiculus mus.</p>\\n<p>\\n<br/>Nullam\\nid dolor id nibh ultricies vehicula ut id elit. Cras mattis\\nconsectetur purus sit amet fermentum. Donec ullamcorper nulla non\\nmetus auctor fringilla. Vestibulum id ligula porta felis euismod\\nsemper. Praesent commodo cursus magna, vel scelerisque nisl\\nconsectetur et. Nullam quis risus eget urna mollis ornare vel eu leo.</p>\\n<p>\\n<br/>Donec\\nid elit non mi porta gravida at eget metus. Vivamus sagittis lacus\\nvel augue laoreet rutrum faucibus dolor auctor. Morbi leo risus,\\nporta ac consectetur ac, vestibulum at eros. Integer posuere erat a\\nante venenatis dapibus posuere velit aliquet.</p>\\n<p>\\n<br/>Curabitur\\nblandit tempus porttitor. Lorem ipsum dolor sit amet, consectetur\\nadipiscing elit. Cum sociis natoque penatibus et magnis dis\\nparturient montes, nascetur ridiculus mus. Aenean lacinia bibendum\\nnulla sed consectetur. Nullam quis risus eget urna mollis ornare vel\\neu leo. Donec id elit non mi porta gravida at eget metus. Praesent\\ncommodo cursus magna, vel scelerisque nisl consectetur et.</p>\", \"numchild\": 0, \"content_type\": 34, \"show_in_menus\": true, \"path\": \"0001000100030002\", \"url_path\": \"/home/about-us/vision-and-mission/\", \"expired\": false, \"pk\": 9, \"locked\": false, \"depth\": 4, \"expire_at\": null}",
    "user": [
      "admin"
    ],
    "page": 9
  },
  "model": "wagtailcore.pagerevision",
  "pk": 15
},
{
  "fields": {
    "approved_go_live_at": null,
    "created_at": "2015-06-18T16:08:05.858Z",
    "submitted_for_moderation": false,
    "content_json": "{\"subtitle\": \"This is our story\", \"carousel_items\": [], \"search_description\": \"\", \"owner\": 1, \"intro\": \"<p>\\nNullam\\nquis risus eget urna mollis ornare vel eu leo. Praesent commodo\\ncursus magna, vel scelerisque nisl consectetur et. Aenean lacinia\\nbibendum nulla sed consectetur. Lorem ipsum dolor sit amet,\\nconsectetur adipiscing elit.</p>\", \"latest_revision_created_at\": \"2015-06-18T15:42:48.398Z\", \"go_live_at\": null, \"feed_image\": null, \"related_links\": [], \"title\": \"History\", \"seo_title\": \"\", \"slug\": \"history\", \"live\": true, \"has_unpublished_changes\": false, \"body\": \"<h2>History</h2>\\n<p>\\nCum\\nsociis natoque penatibus et magnis dis parturient montes, nascetur\\nridiculus mus. Nulla vitae elit libero, a pharetra augue. Donec id\\nelit non mi porta gravida at eget metus. Maecenas sed diam eget risus\\nvarius blandit sit amet non magna. Duis mollis, est non commodo\\nluctus, nisi erat porttitor ligula, eget lacinia odio sem nec elit.\\nDuis mollis, est non commodo luctus, nisi erat porttitor ligula, eget\\nlacinia odio sem nec elit. Maecenas faucibus mollis interdum.<br/><br/>Duis\\nmollis, est non commodo luctus, nisi erat porttitor ligula, eget\\nlacinia odio sem nec elit. Donec sed odio dui. Cras mattis\\nconsectetur purus sit amet fermentum. Donec ullamcorper nulla non\\nmetus auctor fringilla. Maecenas faucibus mollis interdum.<br/><br/>Nullam\\nid dolor id nibh ultricies vehicula ut id elit. Morbi leo risus,\\nporta ac consectetur ac, vestibulum at eros. Cras mattis consectetur\\npurus sit amet fermentum. Duis mollis, est non commodo luctus, nisi\\nerat porttitor ligula, eget lacinia odio sem nec elit. Donec id elit\\nnon mi porta gravida at eget metus. Cras justo odio, dapibus ac\\nfacilisis in, egestas eget quam. Donec sed odio dui.</p>\", \"numchild\": 0, \"content_type\": 34, \"show_in_menus\": true, \"path\": \"0001000100030001\", \"url_path\": \"/home/about-us/history/\", \"expired\": false, \"pk\": 8, \"locked\": false, \"depth\": 4, \"expire_at\": null}",
    "user": [
      "admin"
    ],
    "page": 8
  },
  "model": "wagtailcore.pagerevision",
  "pk": 16
},
{
  "fields": {
    "approved_go_live_at": null,
    "created_at": "2015-06-18T16:08:26.218Z",
    "submitted_for_moderation": false,
    "content_json": "{\"related_links\": [], \"locked\": false, \"title\": \"News\", \"numchild\": 1, \"show_in_menus\": true, \"live\": true, \"seo_title\": \"\", \"search_description\": \"\", \"depth\": 3, \"intro\": \"Welcome to news section\", \"latest_revision_created_at\": \"2015-06-18T15:36:26.469Z\", \"has_unpublished_changes\": false, \"content_type\": 38, \"path\": \"000100010002\", \"owner\": 1, \"pk\": 5, \"url_path\": \"/home/news/\", \"expired\": false, \"slug\": \"news\", \"expire_at\": null, \"go_live_at\": null}",
    "user": [
      "admin"
    ],
    "page": 5
  },
  "model": "wagtailcore.pagerevision",
  "pk": 17
},
{
  "fields": {
    "approved_go_live_at": null,
    "created_at": "2015-06-18T16:08:43.279Z",
    "submitted_for_moderation": false,
    "content_json": "{\"carousel_items\": [], \"search_description\": \"\", \"owner\": 1, \"intro\": \"<p>This is our first story.</p>\", \"latest_revision_created_at\": \"2015-06-18T15:39:24.800Z\", \"go_live_at\": null, \"feed_image\": null, \"related_links\": [], \"title\": \"Our first story\", \"seo_title\": \"\", \"slug\": \"our-first-story\", \"live\": true, \"has_unpublished_changes\": false, \"tagged_items\": [], \"body\": \"<p>Lorem ipsum dolor sit amet, consectetur adipiscing elit. Aenean ante urna, sagittis rhoncus orci sed, ullamcorper eleifend ipsum. Cras sit amet metus a justo pharetra dignissim. Suspendisse convallis dictum mauris, quis pulvinar nisi rutrum vitae. Vivamus fringilla nulla ac sagittis ornare. Fusce ac purus sodales, posuere ex euismod, semper nibh. Nullam a eros nulla. Maecenas id felis feugiat risus tincidunt ultricies. Suspendisse scelerisque erat vel sem posuere commodo.</p><p>Donec in mollis nisi. Sed ut neque sed dolor ultrices viverra eu quis orci. Nullam at tortor nec eros egestas tristique ut nec augue. Vivamus sapien magna, gravida at maximus quis, gravida vel arcu. Mauris elementum sit amet ex vehicula pulvinar. Suspendisse a tellus nec turpis semper fringilla. Etiam accumsan quis dui ut rhoncus. Pellentesque at augue in diam congue tempus et quis ante. Quisque venenatis hendrerit felis id rhoncus. Nunc egestas felis ornare lorem molestie, in sodales nisl vestibulum. In hendrerit bibendum eros vehicula mattis. Donec porta venenatis ante non interdum. Cras hendrerit et magna sed dignissim. Integer lorem ligula, pulvinar id ante in, faucibus elementum velit. Vestibulum ante ipsum primis in faucibus orci luctus et ultrices posuere cubilia Curae;</p><p>Proin ipsum libero, ornare vitae felis tincidunt, sollicitudin dapibus elit. Aenean iaculis sollicitudin orci vitae iaculis. Morbi ipsum sapien, egestas eget posuere quis, ultrices et lectus. Aenean laoreet porttitor mi, id mollis magna fringilla quis. Nullam non quam sodales, tempor nibh in, ultricies massa. Nam dictum lectus ac mi lobortis, vel luctus sapien aliquam. Donec rhoncus eget ante vel ornare.</p><p>Aliquam ut nisi nec turpis malesuada mattis et pulvinar velit. In pellentesque venenatis ornare. Phasellus auctor turpis suscipit lectus mattis, eget malesuada nisl accumsan. Lorem ipsum dolor sit amet, consectetur adipiscing elit. Donec eu placerat erat. Vivamus eget tempor erat. Praesent vehicula magna sit amet mi sodales viverra. Nam facilisis viverra eros ut cursus. Duis non vulputate arcu, sed rutrum nisl. Etiam sagittis mollis eleifend. Quisque eu leo at ex aliquet rhoncus. Fusce nisi magna, commodo id posuere a, fringilla tempor sapien.</p><p>Mauris quis velit est. Cras vel enim purus. Sed ut velit at diam pulvinar rhoncus. Mauris condimentum scelerisque ex, sed ornare mauris dignissim in. Ut vel eleifend enim. Aenean efficitur velit velit, nec lacinia tortor pulvinar id. Ut volutpat finibus tristique. Fusce at sodales urna. Sed sed mi posuere, laoreet quam at, aliquam massa. Aliquam vel sem quis eros consequat vehicula non ac dui.</p>\", \"numchild\": 0, \"content_type\": 42, \"show_in_menus\": true, \"date\": \"2015-06-18\", \"path\": \"0001000100020001\", \"url_path\": \"/home/news/our-first-story/\", \"expired\": false, \"pk\": 6, \"locked\": false, \"depth\": 4, \"expire_at\": null}",
    "user": [
      "admin"
    ],
    "page": 6
  },
  "model": "wagtailcore.pagerevision",
  "pk": 18
},
{
  "fields": {
    "approved_go_live_at": null,
    "created_at": "2015-06-18T16:16:34.788Z",
    "submitted_for_moderation": false,
    "content_json": "{\"to_address\": \"\", \"from_address\": \"\", \"telephone\": \"8675-309\", \"search_description\": \"\", \"owner\": 1, \"intro\": \"Contact Us\", \"latest_revision_created_at\": \"2015-06-18T16:07:30.239Z\", \"subject\": \"\", \"name_organization\": \"full/formatted name of the person or organisation\", \"city\": \"Town\", \"title\": \"Contact Us\", \"seo_title\": \"\", \"slug\": \"contact-us\", \"live\": true, \"has_unpublished_changes\": false, \"go_live_at\": null, \"email\": \"example@example.com\", \"post_code\": \"Postal\", \"numchild\": 0, \"content_type\": 52, \"show_in_menus\": true, \"thank_you_text\": \"Thanks for your interest\", \"path\": \"000100010005\", \"url_path\": \"/home/contact-us/\", \"expired\": false, \"pk\": 4, \"locked\": false, \"country\": \"Country\", \"form_fields\": [{\"default_value\": \"\", \"field_type\": \"singleline\", \"required\": true, \"choices\": \"\", \"sort_order\": 0, \"help_text\": \"\", \"pk\": 1, \"label\": \"Name\", \"page\": null}, {\"default_value\": \"\", \"field_type\": \"email\", \"required\": true, \"choices\": \"\", \"sort_order\": 1, \"help_text\": \"\", \"pk\": 2, \"label\": \"E-mail\", \"page\": null}, {\"default_value\": \"\", \"field_type\": \"dropdown\", \"required\": true, \"choices\": \"sdhsd,dsds,sfdsf\", \"sort_order\": 2, \"help_text\": \"\", \"pk\": 3, \"label\": \"Why do you want to contact?\", \"page\": null}, {\"default_value\": \"\", \"field_type\": \"multiline\", \"required\": true, \"choices\": \"\", \"sort_order\": 3, \"help_text\": \"\", \"pk\": 4, \"label\": \"Message\", \"page\": null}], \"depth\": 3, \"address_1\": \"Apt\", \"address_2\": \"Street Address\", \"expire_at\": null}",
    "user": [
      "admin"
    ],
    "page": 4
  },
  "model": "wagtailcore.pagerevision",
  "pk": 19
},
{
  "fields": {
    "approved_go_live_at": null,
    "created_at": "2015-06-18T16:25:37.288Z",
    "submitted_for_moderation": false,
    "content_json": "{\"carousel_items\": [], \"search_description\": \"\", \"owner\": 1, \"intro\": \"<p>This is our first story.</p>\", \"latest_revision_created_at\": \"2015-06-18T16:08:43.279Z\", \"go_live_at\": null, \"feed_image\": 3, \"related_links\": [], \"title\": \"Our first story\", \"seo_title\": \"\", \"slug\": \"our-first-story\", \"live\": true, \"has_unpublished_changes\": false, \"tagged_items\": [], \"body\": \"<p>Lorem ipsum dolor sit amet, consectetur adipiscing elit. Aenean ante urna, sagittis rhoncus orci sed, ullamcorper eleifend ipsum. Cras sit amet metus a justo pharetra dignissim. Suspendisse convallis dictum mauris, quis pulvinar nisi rutrum vitae. Vivamus fringilla nulla ac sagittis ornare. Fusce ac purus sodales, posuere ex euismod, semper nibh. Nullam a eros nulla. Maecenas id felis feugiat risus tincidunt ultricies. Suspendisse scelerisque erat vel sem posuere commodo.</p><p>Donec in mollis nisi. Sed ut neque sed dolor ultrices viverra eu quis orci. Nullam at tortor nec eros egestas tristique ut nec augue. Vivamus sapien magna, gravida at maximus quis, gravida vel arcu. Mauris elementum sit amet ex vehicula pulvinar. Suspendisse a tellus nec turpis semper fringilla. Etiam accumsan quis dui ut rhoncus. Pellentesque at augue in diam congue tempus et quis ante. Quisque venenatis hendrerit felis id rhoncus. Nunc egestas felis ornare lorem molestie, in sodales nisl vestibulum. In hendrerit bibendum eros vehicula mattis. Donec porta venenatis ante non interdum. Cras hendrerit et magna sed dignissim. Integer lorem ligula, pulvinar id ante in, faucibus elementum velit. Vestibulum ante ipsum primis in faucibus orci luctus et ultrices posuere cubilia Curae;</p><p>Proin ipsum libero, ornare vitae felis tincidunt, sollicitudin dapibus elit. Aenean iaculis sollicitudin orci vitae iaculis. Morbi ipsum sapien, egestas eget posuere quis, ultrices et lectus. Aenean laoreet porttitor mi, id mollis magna fringilla quis. Nullam non quam sodales, tempor nibh in, ultricies massa. Nam dictum lectus ac mi lobortis, vel luctus sapien aliquam. Donec rhoncus eget ante vel ornare.</p><p>Aliquam ut nisi nec turpis malesuada mattis et pulvinar velit. In pellentesque venenatis ornare. Phasellus auctor turpis suscipit lectus mattis, eget malesuada nisl accumsan. Lorem ipsum dolor sit amet, consectetur adipiscing elit. Donec eu placerat erat. Vivamus eget tempor erat. Praesent vehicula magna sit amet mi sodales viverra. Nam facilisis viverra eros ut cursus. Duis non vulputate arcu, sed rutrum nisl. Etiam sagittis mollis eleifend. Quisque eu leo at ex aliquet rhoncus. Fusce nisi magna, commodo id posuere a, fringilla tempor sapien.</p><p>Mauris quis velit est. Cras vel enim purus. Sed ut velit at diam pulvinar rhoncus. Mauris condimentum scelerisque ex, sed ornare mauris dignissim in. Ut vel eleifend enim. Aenean efficitur velit velit, nec lacinia tortor pulvinar id. Ut volutpat finibus tristique. Fusce at sodales urna. Sed sed mi posuere, laoreet quam at, aliquam massa. Aliquam vel sem quis eros consequat vehicula non ac dui.</p>\", \"numchild\": 0, \"content_type\": 42, \"show_in_menus\": true, \"date\": \"2015-06-18\", \"path\": \"0001000100040001\", \"url_path\": \"/home/news/our-first-story/\", \"expired\": false, \"pk\": 6, \"locked\": false, \"depth\": 4, \"expire_at\": null}",
    "user": [
      "admin"
    ],
    "page": 6
  },
  "model": "wagtailcore.pagerevision",
  "pk": 20
},
{
  "fields": {
    "approved_go_live_at": null,
    "created_at": "2015-06-26T07:42:47.125Z",
    "submitted_for_moderation": false,
    "content_json": "{\"to_address\": \"\", \"from_address\": \"\", \"telephone\": \"8675-309\", \"search_description\": \"\", \"owner\": 1, \"intro\": \"Contact Us\", \"latest_revision_created_at\": \"2015-06-18T16:16:34.788Z\", \"subject\": \"\", \"name_organization\": \"full/formatted name of the person or organisation\", \"city\": \"Town\", \"title\": \"Contact Us\", \"seo_title\": \"\", \"slug\": \"contact-us\", \"live\": true, \"has_unpublished_changes\": false, \"go_live_at\": null, \"email\": \"example@example.com\", \"post_code\": \"W1A 1AA\", \"numchild\": 0, \"content_type\": 52, \"show_in_menus\": true, \"thank_you_text\": \"Thanks for your interest\", \"path\": \"000100010005\", \"url_path\": \"/home/contact-us/\", \"expired\": false, \"pk\": 4, \"locked\": false, \"country\": \"Country\", \"form_fields\": [{\"default_value\": \"\", \"field_type\": \"singleline\", \"required\": true, \"choices\": \"\", \"sort_order\": 0, \"help_text\": \"\", \"pk\": 1, \"label\": \"Name\", \"page\": null}, {\"default_value\": \"\", \"field_type\": \"email\", \"required\": true, \"choices\": \"\", \"sort_order\": 1, \"help_text\": \"\", \"pk\": 2, \"label\": \"E-mail\", \"page\": null}, {\"default_value\": \"\", \"field_type\": \"dropdown\", \"required\": true, \"choices\": \"sdhsd,dsds,sfdsf\", \"sort_order\": 2, \"help_text\": \"\", \"pk\": 3, \"label\": \"Why do you want to contact?\", \"page\": null}, {\"default_value\": \"\", \"field_type\": \"multiline\", \"required\": true, \"choices\": \"\", \"sort_order\": 3, \"help_text\": \"\", \"pk\": 4, \"label\": \"Message\", \"page\": null}], \"depth\": 3, \"address_1\": \"Apt\", \"address_2\": \"Street Address\", \"expire_at\": null}",
    "user": [
      "admin"
    ],
    "page": 4
  },
  "model": "wagtailcore.pagerevision",
  "pk": 21
},
{
  "fields": {
    "approved_go_live_at": null,
    "created_at": "2015-06-26T08:01:19.844Z",
    "submitted_for_moderation": false,
    "content_json": "{\"to_address\": \"\", \"from_address\": \"\", \"telephone\": \"8675-309\", \"search_description\": \"\", \"owner\": 1, \"intro\": \"Contact Us\", \"latest_revision_created_at\": \"2015-06-26T07:42:47.125Z\", \"subject\": \"\", \"name_organization\": \"full/formatted name of the person or organisation\", \"city\": \"Town\", \"title\": \"Contact Us\", \"seo_title\": \"\", \"slug\": \"contact-us\", \"live\": true, \"has_unpublished_changes\": false, \"go_live_at\": null, \"email\": \"example@example.com\", \"post_code\": \"tunapuna\", \"numchild\": 0, \"content_type\": 52, \"show_in_menus\": true, \"thank_you_text\": \"Thanks for your interest\", \"path\": \"000100010005\", \"url_path\": \"/home/contact-us/\", \"expired\": false, \"pk\": 4, \"locked\": false, \"country\": \"Country\", \"form_fields\": [{\"default_value\": \"\", \"field_type\": \"singleline\", \"required\": true, \"choices\": \"\", \"sort_order\": 0, \"help_text\": \"\", \"pk\": 1, \"label\": \"Name\", \"page\": null}, {\"default_value\": \"\", \"field_type\": \"email\", \"required\": true, \"choices\": \"\", \"sort_order\": 1, \"help_text\": \"\", \"pk\": 2, \"label\": \"E-mail\", \"page\": null}, {\"default_value\": \"\", \"field_type\": \"dropdown\", \"required\": true, \"choices\": \"sdhsd,dsds,sfdsf\", \"sort_order\": 2, \"help_text\": \"\", \"pk\": 3, \"label\": \"Why do you want to contact?\", \"page\": null}, {\"default_value\": \"\", \"field_type\": \"multiline\", \"required\": true, \"choices\": \"\", \"sort_order\": 3, \"help_text\": \"\", \"pk\": 4, \"label\": \"Message\", \"page\": null}], \"depth\": 3, \"address_1\": \"Apt\", \"address_2\": \"Street Address\", \"expire_at\": null}",
    "user": [
      "admin"
    ],
    "page": 4
  },
  "model": "wagtailcore.pagerevision",
  "pk": 22
},
{
  "fields": {
    "approved_go_live_at": null,
    "created_at": "2015-07-01T18:33:29.725Z",
    "submitted_for_moderation": false,
    "content_json": "{\"carousel_items\": [], \"search_description\": \"\", \"owner\": 1, \"intro\": \"<p>This is our first story.</p>\", \"latest_revision_created_at\": \"2015-06-18T16:25:37.288Z\", \"go_live_at\": null, \"feed_image\": 1, \"related_links\": [], \"title\": \"Our first story\", \"seo_title\": \"\", \"slug\": \"our-first-story\", \"live\": true, \"has_unpublished_changes\": false, \"tagged_items\": [], \"body\": \"<p>Lorem ipsum dolor sit amet, consectetur adipiscing elit. Aenean ante urna, sagittis rhoncus orci sed, ullamcorper eleifend ipsum. Cras sit amet metus a justo pharetra dignissim. Suspendisse convallis dictum mauris, quis pulvinar nisi rutrum vitae. Vivamus fringilla nulla ac sagittis ornare. Fusce ac purus sodales, posuere ex euismod, semper nibh. Nullam a eros nulla. Maecenas id felis feugiat risus tincidunt ultricies. Suspendisse scelerisque erat vel sem posuere commodo.</p><p>Donec in mollis nisi. Sed ut neque sed dolor ultrices viverra eu quis orci. Nullam at tortor nec eros egestas tristique ut nec augue. Vivamus sapien magna, gravida at maximus quis, gravida vel arcu. Mauris elementum sit amet ex vehicula pulvinar. Suspendisse a tellus nec turpis semper fringilla. Etiam accumsan quis dui ut rhoncus. Pellentesque at augue in diam congue tempus et quis ante. Quisque venenatis hendrerit felis id rhoncus. Nunc egestas felis ornare lorem molestie, in sodales nisl vestibulum. In hendrerit bibendum eros vehicula mattis. Donec porta venenatis ante non interdum. Cras hendrerit et magna sed dignissim. Integer lorem ligula, pulvinar id ante in, faucibus elementum velit. Vestibulum ante ipsum primis in faucibus orci luctus et ultrices posuere cubilia Curae;</p><p>Proin ipsum libero, ornare vitae felis tincidunt, sollicitudin dapibus elit. Aenean iaculis sollicitudin orci vitae iaculis. Morbi ipsum sapien, egestas eget posuere quis, ultrices et lectus. Aenean laoreet porttitor mi, id mollis magna fringilla quis. Nullam non quam sodales, tempor nibh in, ultricies massa. Nam dictum lectus ac mi lobortis, vel luctus sapien aliquam. Donec rhoncus eget ante vel ornare.</p><p>Aliquam ut nisi nec turpis malesuada mattis et pulvinar velit. In pellentesque venenatis ornare. Phasellus auctor turpis suscipit lectus mattis, eget malesuada nisl accumsan. Lorem ipsum dolor sit amet, consectetur adipiscing elit. Donec eu placerat erat. Vivamus eget tempor erat. Praesent vehicula magna sit amet mi sodales viverra. Nam facilisis viverra eros ut cursus. Duis non vulputate arcu, sed rutrum nisl. Etiam sagittis mollis eleifend. Quisque eu leo at ex aliquet rhoncus. Fusce nisi magna, commodo id posuere a, fringilla tempor sapien.</p><p>Mauris quis velit est. Cras vel enim purus. Sed ut velit at diam pulvinar rhoncus. Mauris condimentum scelerisque ex, sed ornare mauris dignissim in. Ut vel eleifend enim. Aenean efficitur velit velit, nec lacinia tortor pulvinar id. Ut volutpat finibus tristique. Fusce at sodales urna. Sed sed mi posuere, laoreet quam at, aliquam massa. Aliquam vel sem quis eros consequat vehicula non ac dui.</p>\", \"numchild\": 0, \"content_type\": 42, \"show_in_menus\": true, \"date\": \"2015-06-18\", \"path\": \"0001000100040001\", \"url_path\": \"/home/news/our-first-story/\", \"expired\": false, \"pk\": 6, \"locked\": false, \"depth\": 4, \"expire_at\": null}",
    "user": [
      "admin"
    ],
    "page": 6
  },
  "model": "wagtailcore.pagerevision",
  "pk": 23
},
{
  "fields": {
    "approved_go_live_at": null,
    "created_at": "2015-07-01T18:33:34.007Z",
    "submitted_for_moderation": false,
    "content_json": "{\"carousel_items\": [], \"search_description\": \"\", \"owner\": 1, \"intro\": \"<p>This is our first story.</p>\", \"latest_revision_created_at\": \"2015-07-01T18:33:29.725Z\", \"go_live_at\": null, \"feed_image\": 1, \"related_links\": [], \"title\": \"Our first story\", \"seo_title\": \"\", \"slug\": \"our-first-story\", \"live\": true, \"has_unpublished_changes\": true, \"tagged_items\": [], \"body\": \"<p>Lorem ipsum dolor sit amet, consectetur adipiscing elit. Aenean ante urna, sagittis rhoncus orci sed, ullamcorper eleifend ipsum. Cras sit amet metus a justo pharetra dignissim. Suspendisse convallis dictum mauris, quis pulvinar nisi rutrum vitae. Vivamus fringilla nulla ac sagittis ornare. Fusce ac purus sodales, posuere ex euismod, semper nibh. Nullam a eros nulla. Maecenas id felis feugiat risus tincidunt ultricies. Suspendisse scelerisque erat vel sem posuere commodo.</p><p>Donec in mollis nisi. Sed ut neque sed dolor ultrices viverra eu quis orci. Nullam at tortor nec eros egestas tristique ut nec augue. Vivamus sapien magna, gravida at maximus quis, gravida vel arcu. Mauris elementum sit amet ex vehicula pulvinar. Suspendisse a tellus nec turpis semper fringilla. Etiam accumsan quis dui ut rhoncus. Pellentesque at augue in diam congue tempus et quis ante. Quisque venenatis hendrerit felis id rhoncus. Nunc egestas felis ornare lorem molestie, in sodales nisl vestibulum. In hendrerit bibendum eros vehicula mattis. Donec porta venenatis ante non interdum. Cras hendrerit et magna sed dignissim. Integer lorem ligula, pulvinar id ante in, faucibus elementum velit. Vestibulum ante ipsum primis in faucibus orci luctus et ultrices posuere cubilia Curae;</p><p>Proin ipsum libero, ornare vitae felis tincidunt, sollicitudin dapibus elit. Aenean iaculis sollicitudin orci vitae iaculis. Morbi ipsum sapien, egestas eget posuere quis, ultrices et lectus. Aenean laoreet porttitor mi, id mollis magna fringilla quis. Nullam non quam sodales, tempor nibh in, ultricies massa. Nam dictum lectus ac mi lobortis, vel luctus sapien aliquam. Donec rhoncus eget ante vel ornare.</p><p>Aliquam ut nisi nec turpis malesuada mattis et pulvinar velit. In pellentesque venenatis ornare. Phasellus auctor turpis suscipit lectus mattis, eget malesuada nisl accumsan. Lorem ipsum dolor sit amet, consectetur adipiscing elit. Donec eu placerat erat. Vivamus eget tempor erat. Praesent vehicula magna sit amet mi sodales viverra. Nam facilisis viverra eros ut cursus. Duis non vulputate arcu, sed rutrum nisl. Etiam sagittis mollis eleifend. Quisque eu leo at ex aliquet rhoncus. Fusce nisi magna, commodo id posuere a, fringilla tempor sapien.</p><p>Mauris quis velit est. Cras vel enim purus. Sed ut velit at diam pulvinar rhoncus. Mauris condimentum scelerisque ex, sed ornare mauris dignissim in. Ut vel eleifend enim. Aenean efficitur velit velit, nec lacinia tortor pulvinar id. Ut volutpat finibus tristique. Fusce at sodales urna. Sed sed mi posuere, laoreet quam at, aliquam massa. Aliquam vel sem quis eros consequat vehicula non ac dui.</p>\", \"numchild\": 0, \"content_type\": 42, \"show_in_menus\": true, \"date\": \"2015-06-18\", \"path\": \"0001000100040001\", \"url_path\": \"/home/news/our-first-story/\", \"expired\": false, \"pk\": 6, \"locked\": false, \"depth\": 4, \"expire_at\": null}",
    "user": [
      "admin"
    ],
    "page": 6
  },
  "model": "wagtailcore.pagerevision",
  "pk": 24
},
{
  "fields": {
    "group": [
      "Moderators"
    ],
    "page": 1,
    "permission_type": "add"
  },
  "model": "wagtailcore.grouppagepermission",
  "pk": 1
},
{
  "fields": {
    "group": [
      "Moderators"
    ],
    "page": 1,
    "permission_type": "edit"
  },
  "model": "wagtailcore.grouppagepermission",
  "pk": 2
},
{
  "fields": {
    "group": [
      "Moderators"
    ],
    "page": 1,
    "permission_type": "publish"
  },
  "model": "wagtailcore.grouppagepermission",
  "pk": 3
},
{
  "fields": {
    "group": [
      "Editors"
    ],
    "page": 1,
    "permission_type": "add"
  },
  "model": "wagtailcore.grouppagepermission",
  "pk": 4
},
{
  "fields": {
    "group": [
      "Editors"
    ],
    "page": 1,
    "permission_type": "edit"
  },
  "model": "wagtailcore.grouppagepermission",
  "pk": 5
},
{
  "fields": {
    "group": [
      "Moderators"
    ],
    "page": 1,
    "permission_type": "lock"
  },
  "model": "wagtailcore.grouppagepermission",
  "pk": 6
},
{
  "fields": {
    "focal_point_width": null,
    "title": "Foundation",
    "focal_point_height": null,
    "created_at": "2015-06-18T15:46:42.044Z",
    "focal_point_x": null,
    "focal_point_y": null,
    "height": 500,
    "width": 1300,
    "file": "original_images/foundation_5.png",
    "uploaded_by_user": [
      "admin"
    ]
  },
  "model": "wagtailimages.image",
  "pk": 1
},
{
  "fields": {
    "focal_point_width": null,
    "title": "Sass",
    "focal_point_height": null,
    "created_at": "2015-06-18T15:47:04.743Z",
    "focal_point_x": null,
    "focal_point_y": null,
    "height": 500,
    "width": 1300,
    "file": "original_images/sass-logo-new.png",
    "uploaded_by_user": [
      "admin"
    ]
  },
  "model": "wagtailimages.image",
  "pk": 2
},
{
  "fields": {
    "focal_point_width": null,
    "title": "Wagtail",
    "focal_point_height": null,
    "created_at": "2015-06-18T15:47:44.042Z",
    "focal_point_x": null,
    "focal_point_y": null,
    "height": 500,
    "width": 1300,
    "file": "original_images/wagtail.jpg",
    "uploaded_by_user": [
      "admin"
    ]
  },
  "model": "wagtailimages.image",
  "pk": 3
},
{
  "fields": {
    "focal_point_width": null,
    "title": "Postgresql",
    "focal_point_height": null,
    "created_at": "2015-06-18T15:48:20.611Z",
    "focal_point_x": null,
    "focal_point_y": null,
    "height": 500,
    "width": 1300,
    "file": "original_images/postgresql.jpg",
    "uploaded_by_user": [
      "admin"
    ]
  },
  "model": "wagtailimages.image",
  "pk": 4
},
{
  "fields": {
    "focal_point_width": null,
    "title": "wagtail-logo",
    "focal_point_height": null,
    "created_at": "2015-06-18T15:49:06.435Z",
    "focal_point_x": null,
    "focal_point_y": null,
    "height": 60,
    "width": 60,
    "file": "original_images/Wagtail_CMS_logo.png",
    "uploaded_by_user": [
      "admin"
    ]
  },
  "model": "wagtailimages.image",
  "pk": 5
},
{
  "fields": {
    "focal_point_width": null,
    "title": "foundation-logo",
    "focal_point_height": null,
    "created_at": "2015-06-18T15:50:00.971Z",
    "focal_point_x": null,
    "focal_point_y": null,
    "height": 60,
    "width": 60,
    "file": "original_images/hero-image.png",
    "uploaded_by_user": [
      "admin"
    ]
  },
  "model": "wagtailimages.image",
  "pk": 6
},
{
  "fields": {
    "focal_point_width": null,
    "title": "Ansible-logo",
    "focal_point_height": null,
    "created_at": "2015-06-18T15:51:03.084Z",
    "focal_point_x": null,
    "focal_point_y": null,
    "height": 60,
    "width": 60,
    "file": "original_images/image-ansible.png",
    "uploaded_by_user": [
      "admin"
    ]
  },
  "model": "wagtailimages.image",
  "pk": 7
},
{
  "fields": {
    "focal_point_width": null,
    "title": "sass-logo",
    "focal_point_height": null,
    "created_at": "2015-06-18T15:57:56.038Z",
    "focal_point_x": null,
    "focal_point_y": null,
    "height": 60,
    "width": 60,
    "file": "original_images/sass.png",
    "uploaded_by_user": [
      "admin"
    ]
  },
  "model": "wagtailimages.image",
  "pk": 8
},
{
  "fields": {
    "focal_point_width": null,
    "title": "postgresql-logo",
    "focal_point_height": null,
    "created_at": "2015-06-18T15:58:54.934Z",
    "focal_point_x": null,
    "focal_point_y": null,
    "height": 60,
    "width": 60,
    "file": "original_images/PostgreSQL_logo.3colors.120x120.png",
    "uploaded_by_user": [
      "admin"
    ]
  },
  "model": "wagtailimages.image",
  "pk": 9
},
{
  "fields": {
    "focal_point_width": null,
    "title": "digitalocean-logo",
    "focal_point_height": null,
    "created_at": "2015-06-18T16:00:00.750Z",
    "focal_point_x": null,
    "focal_point_y": null,
    "height": 60,
    "width": 60,
    "file": "original_images/digital.png",
    "uploaded_by_user": [
      "admin"
    ]
  },
  "model": "wagtailimages.image",
  "pk": 10
},
{
  "fields": {
    "spec": "fill-60x60"
  },
  "model": "wagtailimages.filter",
  "pk": 1
},
{
  "fields": {
    "spec": "width-1200"
  },
  "model": "wagtailimages.filter",
  "pk": 2
},
{
  "fields": {
    "spec": "width-1400"
  },
  "model": "wagtailimages.filter",
  "pk": 3
},
{
  "fields": {
    "spec": "width-100"
  },
  "model": "wagtailimages.filter",
  "pk": 4
},
{
  "fields": {
    "spec": "max-130x130"
  },
  "model": "wagtailimages.filter",
  "pk": 5
},
{
  "fields": {
    "spec": "width-250"
  },
  "model": "wagtailimages.filter",
  "pk": 6
},
{
  "fields": {
    "spec": "max-165x165"
  },
  "model": "wagtailimages.filter",
  "pk": 7
},
{
  "fields": {
    "spec": "max-130x100"
  },
  "model": "wagtailimages.filter",
  "pk": 8
},
{
  "fields": {
    "spec": "max-800x600"
  },
  "model": "wagtailimages.filter",
  "pk": 9
},
{
  "fields": {
    "spec": "width-500"
  },
  "model": "wagtailimages.filter",
  "pk": 10
},
{
  "fields": {
    "spec": "width-800"
  },
  "model": "wagtailimages.filter",
  "pk": 11
},
{
  "fields": {
    "spec": "max-600*300"
  },
  "model": "wagtailimages.filter",
  "pk": 12
},
{
  "fields": {
    "spec": "max-500x200"
  },
  "model": "wagtailimages.filter",
  "pk": 13
},
{
  "fields": {
    "spec": "max-800x400"
  },
  "model": "wagtailimages.filter",
  "pk": 14
},
{
  "fields": {
    "spec": "height-400"
  },
  "model": "wagtailimages.filter",
  "pk": 15
},
{
  "fields": {
    "spec": "height-300"
  },
  "model": "wagtailimages.filter",
  "pk": 16
},
{
  "fields": {
    "image": 1,
    "focal_point_key": "",
    "filter": 8,
    "width": 130,
    "file": "images/foundation_5.focus-none.max-130x100.png",
    "height": 50
  },
  "model": "wagtailimages.rendition",
  "pk": 1
},
{
  "fields": {
    "image": 1,
    "focal_point_key": "",
    "filter": 7,
    "width": 165,
    "file": "images/foundation_5.focus-none.max-165x165.png",
    "height": 63
  },
  "model": "wagtailimages.rendition",
  "pk": 2
},
{
  "fields": {
    "image": 2,
    "focal_point_key": "",
    "filter": 8,
    "width": 130,
    "file": "images/sass-logo-new.focus-none.max-130x100.png",
    "height": 50
  },
  "model": "wagtailimages.rendition",
  "pk": 3
},
{
  "fields": {
    "image": 2,
    "focal_point_key": "",
    "filter": 7,
    "width": 165,
    "file": "images/sass-logo-new.focus-none.max-165x165.png",
    "height": 63
  },
  "model": "wagtailimages.rendition",
  "pk": 4
},
{
  "fields": {
    "image": 3,
    "focal_point_key": "",
    "filter": 8,
    "width": 130,
    "file": "images/wagtail.focus-none.max-130x100.jpg",
    "height": 50
  },
  "model": "wagtailimages.rendition",
  "pk": 5
},
{
  "fields": {
    "image": 3,
    "focal_point_key": "",
    "filter": 7,
    "width": 165,
    "file": "images/wagtail.focus-none.max-165x165.jpg",
    "height": 63
  },
  "model": "wagtailimages.rendition",
  "pk": 6
},
{
  "fields": {
    "image": 4,
    "focal_point_key": "",
    "filter": 8,
    "width": 130,
    "file": "images/postgresql.focus-none.max-130x100.jpg",
    "height": 50
  },
  "model": "wagtailimages.rendition",
  "pk": 7
},
{
  "fields": {
    "image": 4,
    "focal_point_key": "",
    "filter": 7,
    "width": 165,
    "file": "images/postgresql.focus-none.max-165x165.jpg",
    "height": 63
  },
  "model": "wagtailimages.rendition",
  "pk": 8
},
{
  "fields": {
    "image": 5,
    "focal_point_key": "",
    "filter": 8,
    "width": 60,
    "file": "images/Wagtail_CMS_logo.focus-none.max-130x100.png",
    "height": 60
  },
  "model": "wagtailimages.rendition",
  "pk": 9
},
{
  "fields": {
    "image": 5,
    "focal_point_key": "",
    "filter": 7,
    "width": 60,
    "file": "images/Wagtail_CMS_logo.focus-none.max-165x165.png",
    "height": 60
  },
  "model": "wagtailimages.rendition",
  "pk": 10
},
{
  "fields": {
    "image": 6,
    "focal_point_key": "",
    "filter": 8,
    "width": 60,
    "file": "images/hero-image.focus-none.max-130x100.png",
    "height": 60
  },
  "model": "wagtailimages.rendition",
  "pk": 11
},
{
  "fields": {
    "image": 6,
    "focal_point_key": "",
    "filter": 7,
    "width": 60,
    "file": "images/hero-image.focus-none.max-165x165.png",
    "height": 60
  },
  "model": "wagtailimages.rendition",
  "pk": 12
},
{
  "fields": {
    "image": 7,
    "focal_point_key": "",
    "filter": 8,
    "width": 60,
    "file": "images/image-ansible.focus-none.max-130x100.png",
    "height": 60
  },
  "model": "wagtailimages.rendition",
  "pk": 13
},
{
  "fields": {
    "image": 7,
    "focal_point_key": "",
    "filter": 7,
    "width": 60,
    "file": "images/image-ansible.focus-none.max-165x165.png",
    "height": 60
  },
  "model": "wagtailimages.rendition",
  "pk": 14
},
{
  "fields": {
    "image": 1,
    "focal_point_key": "",
    "filter": 5,
    "width": 130,
    "file": "images/foundation_5.focus-none.max-130x130.png",
    "height": 50
  },
  "model": "wagtailimages.rendition",
  "pk": 15
},
{
  "fields": {
    "image": 3,
    "focal_point_key": "",
    "filter": 5,
    "width": 130,
    "file": "images/wagtail.focus-none.max-130x130.jpg",
    "height": 50
  },
  "model": "wagtailimages.rendition",
  "pk": 16
},
{
  "fields": {
    "image": 4,
    "focal_point_key": "",
    "filter": 5,
    "width": 130,
    "file": "images/postgresql.focus-none.max-130x130.jpg",
    "height": 50
  },
  "model": "wagtailimages.rendition",
  "pk": 17
},
{
  "fields": {
    "image": 2,
    "focal_point_key": "",
    "filter": 5,
    "width": 130,
    "file": "images/sass-logo-new.focus-none.max-130x130.png",
    "height": 50
  },
  "model": "wagtailimages.rendition",
  "pk": 18
},
{
  "fields": {
    "image": 5,
    "focal_point_key": "",
    "filter": 5,
    "width": 60,
    "file": "images/Wagtail_CMS_logo.focus-none.max-130x130.png",
    "height": 60
  },
  "model": "wagtailimages.rendition",
  "pk": 19
},
{
  "fields": {
    "image": 6,
    "focal_point_key": "",
    "filter": 5,
    "width": 60,
    "file": "images/hero-image.focus-none.max-130x130.png",
    "height": 60
  },
  "model": "wagtailimages.rendition",
  "pk": 20
},
{
  "fields": {
    "image": 7,
    "focal_point_key": "",
    "filter": 5,
    "width": 60,
    "file": "images/image-ansible.focus-none.max-130x130.png",
    "height": 60
  },
  "model": "wagtailimages.rendition",
  "pk": 21
},
{
  "fields": {
    "image": 8,
    "focal_point_key": "",
    "filter": 8,
    "width": 60,
    "file": "images/sass.focus-none.max-130x100.png",
    "height": 60
  },
  "model": "wagtailimages.rendition",
  "pk": 22
},
{
  "fields": {
    "image": 8,
    "focal_point_key": "",
    "filter": 7,
    "width": 60,
    "file": "images/sass.focus-none.max-165x165.png",
    "height": 60
  },
  "model": "wagtailimages.rendition",
  "pk": 23
},
{
  "fields": {
    "image": 9,
    "focal_point_key": "",
    "filter": 8,
    "width": 60,
    "file": "images/PostgreSQL_logo.3colors.120x120.focus-none.max-130x100.png",
    "height": 60
  },
  "model": "wagtailimages.rendition",
  "pk": 24
},
{
  "fields": {
    "image": 9,
    "focal_point_key": "",
    "filter": 7,
    "width": 60,
    "file": "images/PostgreSQL_logo.3colors.120x120.focus-none.max-165x165.png",
    "height": 60
  },
  "model": "wagtailimages.rendition",
  "pk": 25
},
{
  "fields": {
    "image": 10,
    "focal_point_key": "",
    "filter": 8,
    "width": 60,
    "file": "images/digital.focus-none.max-130x100.png",
    "height": 60
  },
  "model": "wagtailimages.rendition",
  "pk": 26
},
{
  "fields": {
    "image": 1,
    "focal_point_key": "",
    "filter": 3,
    "width": 1300,
    "file": "images/foundation_5.focus-none.width-1400.png",
    "height": 500
  },
  "model": "wagtailimages.rendition",
  "pk": 27
},
{
  "fields": {
    "image": 3,
    "focal_point_key": "",
    "filter": 3,
    "width": 1300,
    "file": "images/wagtail.focus-none.width-1400.jpg",
    "height": 500
  },
  "model": "wagtailimages.rendition",
  "pk": 28
},
{
  "fields": {
    "image": 4,
    "focal_point_key": "",
    "filter": 3,
    "width": 1300,
    "file": "images/postgresql.focus-none.width-1400.jpg",
    "height": 500
  },
  "model": "wagtailimages.rendition",
  "pk": 29
},
{
  "fields": {
    "image": 2,
    "focal_point_key": "",
    "filter": 3,
    "width": 1300,
    "file": "images/sass-logo-new.focus-none.width-1400.png",
    "height": 500
  },
  "model": "wagtailimages.rendition",
  "pk": 30
},
{
  "fields": {
    "image": 5,
    "focal_point_key": "",
    "filter": 1,
    "width": 60,
    "file": "images/Wagtail_CMS_logo.focus-none.fill-60x60.png",
    "height": 60
  },
  "model": "wagtailimages.rendition",
  "pk": 31
},
{
  "fields": {
    "image": 6,
    "focal_point_key": "",
    "filter": 1,
    "width": 60,
    "file": "images/hero-image.focus-none.fill-60x60.png",
    "height": 60
  },
  "model": "wagtailimages.rendition",
  "pk": 32
},
{
  "fields": {
    "image": 7,
    "focal_point_key": "",
    "filter": 1,
    "width": 60,
    "file": "images/image-ansible.focus-none.fill-60x60.png",
    "height": 60
  },
  "model": "wagtailimages.rendition",
  "pk": 33
},
{
  "fields": {
    "image": 8,
    "focal_point_key": "",
    "filter": 1,
    "width": 60,
    "file": "images/sass.focus-none.fill-60x60.png",
    "height": 60
  },
  "model": "wagtailimages.rendition",
  "pk": 34
},
{
  "fields": {
    "image": 9,
    "focal_point_key": "",
    "filter": 1,
    "width": 60,
    "file": "images/PostgreSQL_logo.3colors.120x120.focus-none.fill-60x60.png",
    "height": 60
  },
  "model": "wagtailimages.rendition",
  "pk": 35
},
{
  "fields": {
    "image": 10,
    "focal_point_key": "",
    "filter": 1,
    "width": 60,
    "file": "images/digital.focus-none.fill-60x60.png",
    "height": 60
  },
  "model": "wagtailimages.rendition",
  "pk": 36
},
{
  "fields": {
    "image": 8,
    "focal_point_key": "",
    "filter": 5,
    "width": 60,
    "file": "images/sass.focus-none.max-130x130.png",
    "height": 60
  },
  "model": "wagtailimages.rendition",
  "pk": 37
},
{
  "fields": {
    "image": 9,
    "focal_point_key": "",
    "filter": 5,
    "width": 60,
    "file": "images/PostgreSQL_logo.3colors.120x120.focus-none.max-130x130.png",
    "height": 60
  },
  "model": "wagtailimages.rendition",
  "pk": 38
},
{
  "fields": {
    "image": 10,
    "focal_point_key": "",
    "filter": 5,
    "width": 60,
    "file": "images/digital.focus-none.max-130x130.png",
    "height": 60
  },
  "model": "wagtailimages.rendition",
  "pk": 39
},
{
  "fields": {
    "image": 10,
    "focal_point_key": "",
    "filter": 7,
    "width": 60,
    "file": "images/digital.focus-none.max-165x165.png",
    "height": 60
  },
  "model": "wagtailimages.rendition",
  "pk": 40
},
{
  "fields": {
    "image": 3,
    "focal_point_key": "",
    "filter": 2,
    "width": 1200,
    "file": "images/wagtail.focus-none.width-1200.jpg",
    "height": 461
  },
  "model": "wagtailimages.rendition",
  "pk": 41
},
{
  "fields": {
    "image": 3,
    "focal_point_key": "",
    "filter": 6,
    "width": 250,
    "file": "images/wagtail.focus-none.width-250.jpg",
    "height": 96
  },
  "model": "wagtailimages.rendition",
  "pk": 42
},
{
  "fields": {
    "image": 9,
    "focal_point_key": "",
    "filter": 9,
    "width": 60,
    "file": "images/PostgreSQL_logo.3colors.120x120.focus-none.max-800x600.png",
    "height": 60
  },
  "model": "wagtailimages.rendition",
  "pk": 43
},
{
  "fields": {
    "image": 1,
    "focal_point_key": "",
    "filter": 6,
    "width": 250,
    "file": "images/foundation_5.focus-none.width-250.png",
    "height": 96
  },
  "model": "wagtailimages.rendition",
  "pk": 44
},
{
  "fields": {
    "image": 1,
    "focal_point_key": "",
    "filter": 2,
    "width": 1200,
    "file": "images/foundation_5.focus-none.width-1200.png",
    "height": 461
  },
  "model": "wagtailimages.rendition",
  "pk": 45
},
{
  "fields": {
    "query_string": "x"
  },
  "model": "wagtailsearch.query",
  "pk": 1
},
{
  "fields": {
    "query_string": "a"
  },
  "model": "wagtailsearch.query",
  "pk": 2
},
{
  "fields": {
    "date": "2015-06-26",
    "query": 1,
    "hits": 2
  },
  "model": "wagtailsearch.querydailyhits",
  "pk": 1
},
{
  "fields": {
    "date": "2015-06-26",
    "query": 2,
    "hits": 1
  },
  "model": "wagtailsearch.querydailyhits",
  "pk": 2
},
{
  "fields": {
    "form_data": "{\"e-mail\": \"example@example.com\", \"message\": \"Test\", \"why-do-you-want-to-contact\": \"sdhsd\", \"name\": \"Parbhat Puri\"}",
    "page": 4,
    "submit_time": "2015-06-18T16:15:47.722Z"
  },
  "model": "wagtailforms.formsubmission",
  "pk": 1
},
{
  "fields": {
    "form_data": "{\"e-mail\": \"example@example.com\", \"message\": \"Test\", \"why-do-you-want-to-contact\": \"sdhsd\", \"name\": \"Parbhat Puri\"}",
    "page": 4,
    "submit_time": "2015-06-18T16:16:40.967Z"
  },
  "model": "wagtailforms.formsubmission",
  "pk": 2
},
{
  "fields": {
    "slug": "wagtail",
    "link_page": null,
    "title": "Wagtail",
    "image": 5,
    "link_external": "https://wagtail.io/",
    "summary": "",
    "content": "Wagtail the leading Django CMS.",
    "sort_order": 0,
    "link_document": null,
    "page": 3
  },
  "model": "pages.homepagecontentitem",
  "pk": 1
},
{
  "fields": {
    "slug": "foundation",
    "link_page": null,
    "title": "Foundation",
    "image": 6,
    "link_external": "http://foundation.zurb.com/",
    "summary": "",
    "content": "The most advanced responsive\u00a0front-end framework in the world.",
    "sort_order": 1,
    "link_document": null,
    "page": 3
  },
  "model": "pages.homepagecontentitem",
  "pk": 2
},
{
  "fields": {
    "slug": "ansible",
    "link_page": null,
    "title": "Ansible",
    "image": 7,
    "link_external": "http://www.ansible.com/",
    "summary": "",
    "content": "Ansible for provisioning and Deployment",
    "sort_order": 2,
    "link_document": null,
    "page": 3
  },
  "model": "pages.homepagecontentitem",
  "pk": 3
},
{
  "fields": {
    "slug": "sass",
    "link_page": null,
    "title": "Sass",
    "image": 8,
    "link_external": "http://sass-lang.com/",
    "summary": "",
    "content": "100% Sass",
    "sort_order": 3,
    "link_document": null,
    "page": 3
  },
  "model": "pages.homepagecontentitem",
  "pk": 4
},
{
  "fields": {
    "slug": "postgresql",
    "link_page": null,
    "title": "Postgresql",
    "image": 9,
    "link_external": "http://www.postgresql.org/",
    "summary": "",
    "content": "PostgreSQL Everywhere",
    "sort_order": 4,
    "link_document": null,
    "page": 3
  },
  "model": "pages.homepagecontentitem",
  "pk": 5
},
{
  "fields": {
    "slug": "digitalocean",
    "link_page": null,
    "title": "Digital Ocean",
    "image": 10,
    "link_external": "https://www.digitalocean.com/",
    "summary": "",
    "content": "Spin Up your server with Digital Ocean API.",
    "sort_order": 5,
    "link_document": null,
    "page": 3
  },
  "model": "pages.homepagecontentitem",
  "pk": 6
},
{
  "fields": {
    "link_page": null,
    "embed_url": "",
    "image": 1,
    "link_external": "",
    "caption": "",
    "sort_order": 0,
    "link_document": null,
    "page": 3
  },
  "model": "pages.homepagecarouselitem",
  "pk": 1
},
{
  "fields": {
    "link_page": null,
    "embed_url": "",
    "image": 3,
    "link_external": "",
    "caption": "",
    "sort_order": 1,
    "link_document": null,
    "page": 3
  },
  "model": "pages.homepagecarouselitem",
  "pk": 2
},
{
  "fields": {
    "link_page": null,
    "embed_url": "",
    "image": 4,
    "link_external": "",
    "caption": "",
    "sort_order": 2,
    "link_document": null,
    "page": 3
  },
  "model": "pages.homepagecarouselitem",
  "pk": 3
},
{
  "fields": {
    "link_page": null,
    "embed_url": "",
    "image": 2,
    "link_external": "",
    "caption": "",
    "sort_order": 3,
    "link_document": null,
    "page": 3
  },
  "model": "pages.homepagecarouselitem",
  "pk": 4
},
{
  "fields": {
    "body": "A cookiecutter template for Wagtail CMS featuring Zurb Foundation front-end framework.",
    "title_text": "Welcome to Wagtail Cookiecutter Foundation"
  },
  "model": "pages.homepage",
  "pk": 3
},
{
  "fields": {
    "feed_image": null,
    "intro": "Lorem ipsum dolor sit amet, consectetur adipiscing elit. Aenean ante urna, sagittis rhoncus orci sed, ullamcorper eleifend ipsum. Cras sit amet metus a justo pharetra dignissim. Suspendisse convallis dictum mauris, quis pulvinar nisi rutrum vitae. Vivamus fringilla nulla ac sagittis ornare. Fusce ac purus sodales, posuere ex euismod, semper nibh. Nullam a eros nulla. Maecenas id felis feugiat risus tincidunt ultricies. Suspendisse scelerisque erat vel sem posuere commodo.",
    "subtitle": "About Us"
  },
  "model": "pages.standardindexpage",
  "pk": 7
},
{
  "fields": {
    "body": "<h2>History</h2>\n<p>\nCum\nsociis natoque penatibus et magnis dis parturient montes, nascetur\nridiculus mus. Nulla vitae elit libero, a pharetra augue. Donec id\nelit non mi porta gravida at eget metus. Maecenas sed diam eget risus\nvarius blandit sit amet non magna. Duis mollis, est non commodo\nluctus, nisi erat porttitor ligula, eget lacinia odio sem nec elit.\nDuis mollis, est non commodo luctus, nisi erat porttitor ligula, eget\nlacinia odio sem nec elit. Maecenas faucibus mollis interdum.<br/><br/>Duis\nmollis, est non commodo luctus, nisi erat porttitor ligula, eget\nlacinia odio sem nec elit. Donec sed odio dui. Cras mattis\nconsectetur purus sit amet fermentum. Donec ullamcorper nulla non\nmetus auctor fringilla. Maecenas faucibus mollis interdum.<br/><br/>Nullam\nid dolor id nibh ultricies vehicula ut id elit. Morbi leo risus,\nporta ac consectetur ac, vestibulum at eros. Cras mattis consectetur\npurus sit amet fermentum. Duis mollis, est non commodo luctus, nisi\nerat porttitor ligula, eget lacinia odio sem nec elit. Donec id elit\nnon mi porta gravida at eget metus. Cras justo odio, dapibus ac\nfacilisis in, egestas eget quam. Donec sed odio dui.</p>",
    "feed_image": null,
    "intro": "<p>\nNullam\nquis risus eget urna mollis ornare vel eu leo. Praesent commodo\ncursus magna, vel scelerisque nisl consectetur et. Aenean lacinia\nbibendum nulla sed consectetur. Lorem ipsum dolor sit amet,\nconsectetur adipiscing elit.</p>",
    "subtitle": "This is our story"
  },
  "model": "pages.standardpage",
  "pk": 8
},
{
  "fields": {
    "body": "<h3>Vision and Mission</h3>\n<p>\nNullam\nquis risus eget urna mollis ornare vel eu leo. Sed posuere\nconsectetur est at lobortis. Donec sed odio dui. Cras justo odio,\ndapibus ac facilisis in, egestas eget quam. Fusce dapibus, tellus ac\ncursus commodo, tortor mauris condimentum nibh, ut fermentum massa\njusto sit amet risus. Fusce dapibus, tellus ac cursus commodo, tortor\nmauris condimentum nibh, ut fermentum massa justo sit amet risus. Cum\nsociis natoque penatibus et magnis dis parturient montes, nascetur\nridiculus mus.</p>\n<p>\n<br/>Nullam\nid dolor id nibh ultricies vehicula ut id elit. Cras mattis\nconsectetur purus sit amet fermentum. Donec ullamcorper nulla non\nmetus auctor fringilla. Vestibulum id ligula porta felis euismod\nsemper. Praesent commodo cursus magna, vel scelerisque nisl\nconsectetur et. Nullam quis risus eget urna mollis ornare vel eu leo.</p>\n<p>\n<br/>Donec\nid elit non mi porta gravida at eget metus. Vivamus sagittis lacus\nvel augue laoreet rutrum faucibus dolor auctor. Morbi leo risus,\nporta ac consectetur ac, vestibulum at eros. Integer posuere erat a\nante venenatis dapibus posuere velit aliquet.</p>\n<p>\n<br/>Curabitur\nblandit tempus porttitor. Lorem ipsum dolor sit amet, consectetur\nadipiscing elit. Cum sociis natoque penatibus et magnis dis\nparturient montes, nascetur ridiculus mus. Aenean lacinia bibendum\nnulla sed consectetur. Nullam quis risus eget urna mollis ornare vel\neu leo. Donec id elit non mi porta gravida at eget metus. Praesent\ncommodo cursus magna, vel scelerisque nisl consectetur et.</p>",
    "feed_image": null,
    "intro": "<p>\nVivamus\nsagittis lacus vel augue laoreet rutrum faucibus dolor auctor. Nulla\nvitae elit libero, a pharetra augue. Donec id elit non mi porta\ngravida at eget metus. Nullam id dolor id nibh ultricies vehicula ut\nid elit. Lorem ipsum dolor sit amet, consectetur adipiscing elit.</p>",
    "subtitle": "This is our vision and mission"
  },
  "model": "pages.standardpage",
  "pk": 9
},
{
  "fields": {
    "intro": "Welcome to news section"
  },
  "model": "blog.blogindexpage",
  "pk": 5
},
{
  "fields": {
    "body": "<p>Lorem ipsum dolor sit amet, consectetur adipiscing elit. Aenean ante urna, sagittis rhoncus orci sed, ullamcorper eleifend ipsum. Cras sit amet metus a justo pharetra dignissim. Suspendisse convallis dictum mauris, quis pulvinar nisi rutrum vitae. Vivamus fringilla nulla ac sagittis ornare. Fusce ac purus sodales, posuere ex euismod, semper nibh. Nullam a eros nulla. Maecenas id felis feugiat risus tincidunt ultricies. Suspendisse scelerisque erat vel sem posuere commodo.</p><p>Donec in mollis nisi. Sed ut neque sed dolor ultrices viverra eu quis orci. Nullam at tortor nec eros egestas tristique ut nec augue. Vivamus sapien magna, gravida at maximus quis, gravida vel arcu. Mauris elementum sit amet ex vehicula pulvinar. Suspendisse a tellus nec turpis semper fringilla. Etiam accumsan quis dui ut rhoncus. Pellentesque at augue in diam congue tempus et quis ante. Quisque venenatis hendrerit felis id rhoncus. Nunc egestas felis ornare lorem molestie, in sodales nisl vestibulum. In hendrerit bibendum eros vehicula mattis. Donec porta venenatis ante non interdum. Cras hendrerit et magna sed dignissim. Integer lorem ligula, pulvinar id ante in, faucibus elementum velit. Vestibulum ante ipsum primis in faucibus orci luctus et ultrices posuere cubilia Curae;</p><p>Proin ipsum libero, ornare vitae felis tincidunt, sollicitudin dapibus elit. Aenean iaculis sollicitudin orci vitae iaculis. Morbi ipsum sapien, egestas eget posuere quis, ultrices et lectus. Aenean laoreet porttitor mi, id mollis magna fringilla quis. Nullam non quam sodales, tempor nibh in, ultricies massa. Nam dictum lectus ac mi lobortis, vel luctus sapien aliquam. Donec rhoncus eget ante vel ornare.</p><p>Aliquam ut nisi nec turpis malesuada mattis et pulvinar velit. In pellentesque venenatis ornare. Phasellus auctor turpis suscipit lectus mattis, eget malesuada nisl accumsan. Lorem ipsum dolor sit amet, consectetur adipiscing elit. Donec eu placerat erat. Vivamus eget tempor erat. Praesent vehicula magna sit amet mi sodales viverra. Nam facilisis viverra eros ut cursus. Duis non vulputate arcu, sed rutrum nisl. Etiam sagittis mollis eleifend. Quisque eu leo at ex aliquet rhoncus. Fusce nisi magna, commodo id posuere a, fringilla tempor sapien.</p><p>Mauris quis velit est. Cras vel enim purus. Sed ut velit at diam pulvinar rhoncus. Mauris condimentum scelerisque ex, sed ornare mauris dignissim in. Ut vel eleifend enim. Aenean efficitur velit velit, nec lacinia tortor pulvinar id. Ut volutpat finibus tristique. Fusce at sodales urna. Sed sed mi posuere, laoreet quam at, aliquam massa. Aliquam vel sem quis eros consequat vehicula non ac dui.</p>",
    "date": "2015-06-18",
    "intro": "<p>This is our first story.</p>",
    "feed_image": 1
  },
  "model": "blog.blogpage",
  "pk": 6
},
{
  "fields": {
    "default_value": "",
    "field_type": "singleline",
    "required": true,
    "choices": "",
    "sort_order": 0,
    "help_text": "",
    "label": "Name",
    "page": 4
  },
  "model": "contact.contactformfield",
  "pk": 1
},
{
  "fields": {
    "default_value": "",
    "field_type": "email",
    "required": true,
    "choices": "",
    "sort_order": 1,
    "help_text": "",
    "label": "E-mail",
    "page": 4
  },
  "model": "contact.contactformfield",
  "pk": 2
},
{
  "fields": {
    "default_value": "",
    "field_type": "dropdown",
    "required": true,
    "choices": "sdhsd,dsds,sfdsf",
    "sort_order": 2,
    "help_text": "",
    "label": "Why do you want to contact?",
    "page": 4
  },
  "model": "contact.contactformfield",
  "pk": 3
},
{
  "fields": {
    "default_value": "",
    "field_type": "multiline",
    "required": true,
    "choices": "",
    "sort_order": 3,
    "help_text": "",
    "label": "Message",
    "page": 4
  },
  "model": "contact.contactformfield",
  "pk": 4
},
{
  "fields": {
    "name_organization": "full/formatted name of the person or organisation",
    "city": "Town",
    "post_code": "tunapuna",
    "to_address": "",
    "from_address": "",
    "country": "Country",
    "telephone": "8675-309",
    "intro": "Contact Us",
    "address_1": "Apt",
    "address_2": "Street Address",
    "thank_you_text": "Thanks for your interest",
    "email": "example@example.com",
    "subject": ""
  },
  "model": "contact.contactpage",
  "pk": 4
}
]
