[
{
  "fields": {
    "codename": "add_image",
    "name": "Can add image",
    "content_type": [
      "wagtailimages",
      "image"
    ]
  },
  "model": "auth.permission",
  "pk": 1
},
{
  "fields": {
    "codename": "change_image",
    "name": "Can change image",
    "content_type": [
      "wagtailimages",
      "image"
    ]
  },
  "model": "auth.permission",
  "pk": 2
},
{
  "fields": {
    "codename": "delete_image",
    "name": "Can delete image",
    "content_type": [
      "wagtailimages",
      "image"
    ]
  },
  "model": "auth.permission",
  "pk": 3
},
{
  "fields": {
    "codename": "add_document",
    "name": "Can add document",
    "content_type": [
      "wagtaildocs",
      "document"
    ]
  },
  "model": "auth.permission",
  "pk": 4
},
{
  "fields": {
    "codename": "change_document",
    "name": "Can change document",
    "content_type": [
      "wagtaildocs",
      "document"
    ]
  },
  "model": "auth.permission",
  "pk": 5
},
{
  "fields": {
    "codename": "delete_document",
    "name": "Can delete document",
    "content_type": [
      "wagtaildocs",
      "document"
    ]
  },
  "model": "auth.permission",
  "pk": 6
},
{
  "fields": {
    "codename": "access_admin",
    "name": "Can access Wagtail admin",
    "content_type": [
      "wagtailadmin",
      "admin"
    ]
  },
  "model": "auth.permission",
  "pk": 7
},
{
  "fields": {
    "codename": "add_logentry",
    "name": "Can add log entry",
    "content_type": [
      "admin",
      "logentry"
    ]
  },
  "model": "auth.permission",
  "pk": 8
},
{
  "fields": {
    "codename": "change_logentry",
    "name": "Can change log entry",
    "content_type": [
      "admin",
      "logentry"
    ]
  },
  "model": "auth.permission",
  "pk": 9
},
{
  "fields": {
    "codename": "delete_logentry",
    "name": "Can delete log entry",
    "content_type": [
      "admin",
      "logentry"
    ]
  },
  "model": "auth.permission",
  "pk": 10
},
{
  "fields": {
    "codename": "add_permission",
    "name": "Can add permission",
    "content_type": [
      "auth",
      "permission"
    ]
  },
  "model": "auth.permission",
  "pk": 11
},
{
  "fields": {
    "codename": "change_permission",
    "name": "Can change permission",
    "content_type": [
      "auth",
      "permission"
    ]
  },
  "model": "auth.permission",
  "pk": 12
},
{
  "fields": {
    "codename": "delete_permission",
    "name": "Can delete permission",
    "content_type": [
      "auth",
      "permission"
    ]
  },
  "model": "auth.permission",
  "pk": 13
},
{
  "fields": {
    "codename": "add_group",
    "name": "Can add group",
    "content_type": [
      "auth",
      "group"
    ]
  },
  "model": "auth.permission",
  "pk": 14
},
{
  "fields": {
    "codename": "change_group",
    "name": "Can change group",
    "content_type": [
      "auth",
      "group"
    ]
  },
  "model": "auth.permission",
  "pk": 15
},
{
  "fields": {
    "codename": "delete_group",
    "name": "Can delete group",
    "content_type": [
      "auth",
      "group"
    ]
  },
  "model": "auth.permission",
  "pk": 16
},
{
  "fields": {
    "codename": "add_user",
    "name": "Can add user",
    "content_type": [
      "auth",
      "user"
    ]
  },
  "model": "auth.permission",
  "pk": 17
},
{
  "fields": {
    "codename": "change_user",
    "name": "Can change user",
    "content_type": [
      "auth",
      "user"
    ]
  },
  "model": "auth.permission",
  "pk": 18
},
{
  "fields": {
    "codename": "delete_user",
    "name": "Can delete user",
    "content_type": [
      "auth",
      "user"
    ]
  },
  "model": "auth.permission",
  "pk": 19
},
{
  "fields": {
    "codename": "add_contenttype",
    "name": "Can add content type",
    "content_type": [
      "contenttypes",
      "contenttype"
    ]
  },
  "model": "auth.permission",
  "pk": 20
},
{
  "fields": {
    "codename": "change_contenttype",
    "name": "Can change content type",
    "content_type": [
      "contenttypes",
      "contenttype"
    ]
  },
  "model": "auth.permission",
  "pk": 21
},
{
  "fields": {
    "codename": "delete_contenttype",
    "name": "Can delete content type",
    "content_type": [
      "contenttypes",
      "contenttype"
    ]
  },
  "model": "auth.permission",
  "pk": 22
},
{
  "fields": {
    "codename": "add_session",
    "name": "Can add session",
    "content_type": [
      "sessions",
      "session"
    ]
  },
  "model": "auth.permission",
  "pk": 23
},
{
  "fields": {
    "codename": "change_session",
    "name": "Can change session",
    "content_type": [
      "sessions",
      "session"
    ]
  },
  "model": "auth.permission",
  "pk": 24
},
{
  "fields": {
    "codename": "delete_session",
    "name": "Can delete session",
    "content_type": [
      "sessions",
      "session"
    ]
  },
  "model": "auth.permission",
  "pk": 25
},
{
  "fields": {
    "codename": "add_tag",
    "name": "Can add Tag",
    "content_type": [
      "taggit",
      "tag"
    ]
  },
  "model": "auth.permission",
  "pk": 26
},
{
  "fields": {
    "codename": "change_tag",
    "name": "Can change Tag",
    "content_type": [
      "taggit",
      "tag"
    ]
  },
  "model": "auth.permission",
  "pk": 27
},
{
  "fields": {
    "codename": "delete_tag",
    "name": "Can delete Tag",
    "content_type": [
      "taggit",
      "tag"
    ]
  },
  "model": "auth.permission",
  "pk": 28
},
{
  "fields": {
    "codename": "add_taggeditem",
    "name": "Can add Tagged Item",
    "content_type": [
      "taggit",
      "taggeditem"
    ]
  },
  "model": "auth.permission",
  "pk": 29
},
{
  "fields": {
    "codename": "change_taggeditem",
    "name": "Can change Tagged Item",
    "content_type": [
      "taggit",
      "taggeditem"
    ]
  },
  "model": "auth.permission",
  "pk": 30
},
{
  "fields": {
    "codename": "delete_taggeditem",
    "name": "Can delete Tagged Item",
    "content_type": [
      "taggit",
      "taggeditem"
    ]
  },
  "model": "auth.permission",
  "pk": 31
},
{
  "fields": {
    "codename": "add_site",
    "name": "Can add Site",
    "content_type": [
      "wagtailcore",
      "site"
    ]
  },
  "model": "auth.permission",
  "pk": 32
},
{
  "fields": {
    "codename": "change_site",
    "name": "Can change Site",
    "content_type": [
      "wagtailcore",
      "site"
    ]
  },
  "model": "auth.permission",
  "pk": 33
},
{
  "fields": {
    "codename": "delete_site",
    "name": "Can delete Site",
    "content_type": [
      "wagtailcore",
      "site"
    ]
  },
  "model": "auth.permission",
  "pk": 34
},
{
  "fields": {
    "codename": "add_page",
    "name": "Can add page",
    "content_type": [
      "wagtailcore",
      "page"
    ]
  },
  "model": "auth.permission",
  "pk": 35
},
{
  "fields": {
    "codename": "change_page",
    "name": "Can change page",
    "content_type": [
      "wagtailcore",
      "page"
    ]
  },
  "model": "auth.permission",
  "pk": 36
},
{
  "fields": {
    "codename": "delete_page",
    "name": "Can delete page",
    "content_type": [
      "wagtailcore",
      "page"
    ]
  },
  "model": "auth.permission",
  "pk": 37
},
{
  "fields": {
    "codename": "add_pagerevision",
    "name": "Can add Page Revision",
    "content_type": [
      "wagtailcore",
      "pagerevision"
    ]
  },
  "model": "auth.permission",
  "pk": 38
},
{
  "fields": {
    "codename": "change_pagerevision",
    "name": "Can change Page Revision",
    "content_type": [
      "wagtailcore",
      "pagerevision"
    ]
  },
  "model": "auth.permission",
  "pk": 39
},
{
  "fields": {
    "codename": "delete_pagerevision",
    "name": "Can delete Page Revision",
    "content_type": [
      "wagtailcore",
      "pagerevision"
    ]
  },
  "model": "auth.permission",
  "pk": 40
},
{
  "fields": {
    "codename": "add_grouppagepermission",
    "name": "Can add Group Page Permission",
    "content_type": [
      "wagtailcore",
      "grouppagepermission"
    ]
  },
  "model": "auth.permission",
  "pk": 41
},
{
  "fields": {
    "codename": "change_grouppagepermission",
    "name": "Can change Group Page Permission",
    "content_type": [
      "wagtailcore",
      "grouppagepermission"
    ]
  },
  "model": "auth.permission",
  "pk": 42
},
{
  "fields": {
    "codename": "delete_grouppagepermission",
    "name": "Can delete Group Page Permission",
    "content_type": [
      "wagtailcore",
      "grouppagepermission"
    ]
  },
  "model": "auth.permission",
  "pk": 43
},
{
  "fields": {
    "codename": "add_pageviewrestriction",
    "name": "Can add Page View Restriction",
    "content_type": [
      "wagtailcore",
      "pageviewrestriction"
    ]
  },
  "model": "auth.permission",
  "pk": 44
},
{
  "fields": {
    "codename": "change_pageviewrestriction",
    "name": "Can change Page View Restriction",
    "content_type": [
      "wagtailcore",
      "pageviewrestriction"
    ]
  },
  "model": "auth.permission",
  "pk": 45
},
{
  "fields": {
    "codename": "delete_pageviewrestriction",
    "name": "Can delete Page View Restriction",
    "content_type": [
      "wagtailcore",
      "pageviewrestriction"
    ]
  },
  "model": "auth.permission",
  "pk": 46
},
{
  "fields": {
    "codename": "add_userprofile",
    "name": "Can add User Profile",
    "content_type": [
      "wagtailusers",
      "userprofile"
    ]
  },
  "model": "auth.permission",
  "pk": 47
},
{
  "fields": {
    "codename": "change_userprofile",
    "name": "Can change User Profile",
    "content_type": [
      "wagtailusers",
      "userprofile"
    ]
  },
  "model": "auth.permission",
  "pk": 48
},
{
  "fields": {
    "codename": "delete_userprofile",
    "name": "Can delete User Profile",
    "content_type": [
      "wagtailusers",
      "userprofile"
    ]
  },
  "model": "auth.permission",
  "pk": 49
},
{
  "fields": {
    "codename": "add_filter",
    "name": "Can add filter",
    "content_type": [
      "wagtailimages",
      "filter"
    ]
  },
  "model": "auth.permission",
  "pk": 50
},
{
  "fields": {
    "codename": "change_filter",
    "name": "Can change filter",
    "content_type": [
      "wagtailimages",
      "filter"
    ]
  },
  "model": "auth.permission",
  "pk": 51
},
{
  "fields": {
    "codename": "delete_filter",
    "name": "Can delete filter",
    "content_type": [
      "wagtailimages",
      "filter"
    ]
  },
  "model": "auth.permission",
  "pk": 52
},
{
  "fields": {
    "codename": "add_rendition",
    "name": "Can add rendition",
    "content_type": [
      "wagtailimages",
      "rendition"
    ]
  },
  "model": "auth.permission",
  "pk": 53
},
{
  "fields": {
    "codename": "change_rendition",
    "name": "Can change rendition",
    "content_type": [
      "wagtailimages",
      "rendition"
    ]
  },
  "model": "auth.permission",
  "pk": 54
},
{
  "fields": {
    "codename": "delete_rendition",
    "name": "Can delete rendition",
    "content_type": [
      "wagtailimages",
      "rendition"
    ]
  },
  "model": "auth.permission",
  "pk": 55
},
{
  "fields": {
    "codename": "add_embed",
    "name": "Can add Embed",
    "content_type": [
      "wagtailembeds",
      "embed"
    ]
  },
  "model": "auth.permission",
  "pk": 56
},
{
  "fields": {
    "codename": "change_embed",
    "name": "Can change Embed",
    "content_type": [
      "wagtailembeds",
      "embed"
    ]
  },
  "model": "auth.permission",
  "pk": 57
},
{
  "fields": {
    "codename": "delete_embed",
    "name": "Can delete Embed",
    "content_type": [
      "wagtailembeds",
      "embed"
    ]
  },
  "model": "auth.permission",
  "pk": 58
},
{
  "fields": {
    "codename": "add_query",
    "name": "Can add query",
    "content_type": [
      "wagtailsearch",
      "query"
    ]
  },
  "model": "auth.permission",
  "pk": 59
},
{
  "fields": {
    "codename": "change_query",
    "name": "Can change query",
    "content_type": [
      "wagtailsearch",
      "query"
    ]
  },
  "model": "auth.permission",
  "pk": 60
},
{
  "fields": {
    "codename": "delete_query",
    "name": "Can delete query",
    "content_type": [
      "wagtailsearch",
      "query"
    ]
  },
  "model": "auth.permission",
  "pk": 61
},
{
  "fields": {
    "codename": "add_querydailyhits",
    "name": "Can add Query Daily Hits",
    "content_type": [
      "wagtailsearch",
      "querydailyhits"
    ]
  },
  "model": "auth.permission",
  "pk": 62
},
{
  "fields": {
    "codename": "change_querydailyhits",
    "name": "Can change Query Daily Hits",
    "content_type": [
      "wagtailsearch",
      "querydailyhits"
    ]
  },
  "model": "auth.permission",
  "pk": 63
},
{
  "fields": {
    "codename": "delete_querydailyhits",
    "name": "Can delete Query Daily Hits",
    "content_type": [
      "wagtailsearch",
      "querydailyhits"
    ]
  },
  "model": "auth.permission",
  "pk": 64
},
{
  "fields": {
    "codename": "add_editorspick",
    "name": "Can add Editor's Pick",
    "content_type": [
      "wagtailsearch",
      "editorspick"
    ]
  },
  "model": "auth.permission",
  "pk": 65
},
{
  "fields": {
    "codename": "change_editorspick",
    "name": "Can change Editor's Pick",
    "content_type": [
      "wagtailsearch",
      "editorspick"
    ]
  },
  "model": "auth.permission",
  "pk": 66
},
{
  "fields": {
    "codename": "delete_editorspick",
    "name": "Can delete Editor's Pick",
    "content_type": [
      "wagtailsearch",
      "editorspick"
    ]
  },
  "model": "auth.permission",
  "pk": 67
},
{
  "fields": {
    "codename": "add_redirect",
    "name": "Can add Redirect",
    "content_type": [
      "wagtailredirects",
      "redirect"
    ]
  },
  "model": "auth.permission",
  "pk": 68
},
{
  "fields": {
    "codename": "change_redirect",
    "name": "Can change Redirect",
    "content_type": [
      "wagtailredirects",
      "redirect"
    ]
  },
  "model": "auth.permission",
  "pk": 69
},
{
  "fields": {
    "codename": "delete_redirect",
    "name": "Can delete Redirect",
    "content_type": [
      "wagtailredirects",
      "redirect"
    ]
  },
  "model": "auth.permission",
  "pk": 70
},
{
  "fields": {
    "codename": "add_formsubmission",
    "name": "Can add Form Submission",
    "content_type": [
      "wagtailforms",
      "formsubmission"
    ]
  },
  "model": "auth.permission",
  "pk": 71
},
{
  "fields": {
    "codename": "change_formsubmission",
    "name": "Can change Form Submission",
    "content_type": [
      "wagtailforms",
      "formsubmission"
    ]
  },
  "model": "auth.permission",
  "pk": 72
},
{
  "fields": {
    "codename": "delete_formsubmission",
    "name": "Can delete Form Submission",
    "content_type": [
      "wagtailforms",
      "formsubmission"
    ]
  },
  "model": "auth.permission",
  "pk": 73
},
{
  "fields": {
    "codename": "add_homepagecontentitem",
    "name": "Can add home page content item",
    "content_type": [
      "pages",
      "homepagecontentitem"
    ]
  },
  "model": "auth.permission",
  "pk": 74
},
{
  "fields": {
    "codename": "change_homepagecontentitem",
    "name": "Can change home page content item",
    "content_type": [
      "pages",
      "homepagecontentitem"
    ]
  },
  "model": "auth.permission",
  "pk": 75
},
{
  "fields": {
    "codename": "delete_homepagecontentitem",
    "name": "Can delete home page content item",
    "content_type": [
      "pages",
      "homepagecontentitem"
    ]
  },
  "model": "auth.permission",
  "pk": 76
},
{
  "fields": {
    "codename": "add_homepagecarouselitem",
    "name": "Can add home page carousel item",
    "content_type": [
      "pages",
      "homepagecarouselitem"
    ]
  },
  "model": "auth.permission",
  "pk": 77
},
{
  "fields": {
    "codename": "change_homepagecarouselitem",
    "name": "Can change home page carousel item",
    "content_type": [
      "pages",
      "homepagecarouselitem"
    ]
  },
  "model": "auth.permission",
  "pk": 78
},
{
  "fields": {
    "codename": "delete_homepagecarouselitem",
    "name": "Can delete home page carousel item",
    "content_type": [
      "pages",
      "homepagecarouselitem"
    ]
  },
  "model": "auth.permission",
  "pk": 79
},
{
  "fields": {
    "codename": "add_homepagerelatedlink",
    "name": "Can add home page related link",
    "content_type": [
      "pages",
      "homepagerelatedlink"
    ]
  },
  "model": "auth.permission",
  "pk": 80
},
{
  "fields": {
    "codename": "change_homepagerelatedlink",
    "name": "Can change home page related link",
    "content_type": [
      "pages",
      "homepagerelatedlink"
    ]
  },
  "model": "auth.permission",
  "pk": 81
},
{
  "fields": {
    "codename": "delete_homepagerelatedlink",
    "name": "Can delete home page related link",
    "content_type": [
      "pages",
      "homepagerelatedlink"
    ]
  },
  "model": "auth.permission",
  "pk": 82
},
{
  "fields": {
    "codename": "add_homepage",
    "name": "Can add Homepage",
    "content_type": [
      "pages",
      "homepage"
    ]
  },
  "model": "auth.permission",
  "pk": 83
},
{
  "fields": {
    "codename": "change_homepage",
    "name": "Can change Homepage",
    "content_type": [
      "pages",
      "homepage"
    ]
  },
  "model": "auth.permission",
  "pk": 84
},
{
  "fields": {
    "codename": "delete_homepage",
    "name": "Can delete Homepage",
    "content_type": [
      "pages",
      "homepage"
    ]
  },
  "model": "auth.permission",
  "pk": 85
},
{
  "fields": {
    "codename": "add_standardindexpagerelatedlink",
    "name": "Can add standard index page related link",
    "content_type": [
      "pages",
      "standardindexpagerelatedlink"
    ]
  },
  "model": "auth.permission",
  "pk": 86
},
{
  "fields": {
    "codename": "change_standardindexpagerelatedlink",
    "name": "Can change standard index page related link",
    "content_type": [
      "pages",
      "standardindexpagerelatedlink"
    ]
  },
  "model": "auth.permission",
  "pk": 87
},
{
  "fields": {
    "codename": "delete_standardindexpagerelatedlink",
    "name": "Can delete standard index page related link",
    "content_type": [
      "pages",
      "standardindexpagerelatedlink"
    ]
  },
  "model": "auth.permission",
  "pk": 88
},
{
  "fields": {
    "codename": "add_standardindexpage",
    "name": "Can add standard index page",
    "content_type": [
      "pages",
      "standardindexpage"
    ]
  },
  "model": "auth.permission",
  "pk": 89
},
{
  "fields": {
    "codename": "change_standardindexpage",
    "name": "Can change standard index page",
    "content_type": [
      "pages",
      "standardindexpage"
    ]
  },
  "model": "auth.permission",
  "pk": 90
},
{
  "fields": {
    "codename": "delete_standardindexpage",
    "name": "Can delete standard index page",
    "content_type": [
      "pages",
      "standardindexpage"
    ]
  },
  "model": "auth.permission",
  "pk": 91
},
{
  "fields": {
    "codename": "add_standardpagecarouselitem",
    "name": "Can add standard page carousel item",
    "content_type": [
      "pages",
      "standardpagecarouselitem"
    ]
  },
  "model": "auth.permission",
  "pk": 92
},
{
  "fields": {
    "codename": "change_standardpagecarouselitem",
    "name": "Can change standard page carousel item",
    "content_type": [
      "pages",
      "standardpagecarouselitem"
    ]
  },
  "model": "auth.permission",
  "pk": 93
},
{
  "fields": {
    "codename": "delete_standardpagecarouselitem",
    "name": "Can delete standard page carousel item",
    "content_type": [
      "pages",
      "standardpagecarouselitem"
    ]
  },
  "model": "auth.permission",
  "pk": 94
},
{
  "fields": {
    "codename": "add_standardpagerelatedlink",
    "name": "Can add standard page related link",
    "content_type": [
      "pages",
      "standardpagerelatedlink"
    ]
  },
  "model": "auth.permission",
  "pk": 95
},
{
  "fields": {
    "codename": "change_standardpagerelatedlink",
    "name": "Can change standard page related link",
    "content_type": [
      "pages",
      "standardpagerelatedlink"
    ]
  },
  "model": "auth.permission",
  "pk": 96
},
{
  "fields": {
    "codename": "delete_standardpagerelatedlink",
    "name": "Can delete standard page related link",
    "content_type": [
      "pages",
      "standardpagerelatedlink"
    ]
  },
  "model": "auth.permission",
  "pk": 97
},
{
  "fields": {
    "codename": "add_standardpage",
    "name": "Can add standard page",
    "content_type": [
      "pages",
      "standardpage"
    ]
  },
  "model": "auth.permission",
  "pk": 98
},
{
  "fields": {
    "codename": "change_standardpage",
    "name": "Can change standard page",
    "content_type": [
      "pages",
      "standardpage"
    ]
  },
  "model": "auth.permission",
  "pk": 99
},
{
  "fields": {
    "codename": "delete_standardpage",
    "name": "Can delete standard page",
    "content_type": [
      "pages",
      "standardpage"
    ]
  },
  "model": "auth.permission",
  "pk": 100
},
{
  "fields": {
    "codename": "add_contentblock",
    "name": "Can add content block",
    "content_type": [
      "pages",
      "contentblock"
    ]
  },
  "model": "auth.permission",
  "pk": 101
},
{
  "fields": {
    "codename": "change_contentblock",
    "name": "Can change content block",
    "content_type": [
      "pages",
      "contentblock"
    ]
  },
  "model": "auth.permission",
  "pk": 102
},
{
  "fields": {
    "codename": "delete_contentblock",
    "name": "Can delete content block",
    "content_type": [
      "pages",
      "contentblock"
    ]
  },
  "model": "auth.permission",
  "pk": 103
},
{
  "fields": {
    "codename": "add_testimonial",
    "name": "Can add testimonial",
    "content_type": [
      "pages",
      "testimonial"
    ]
  },
  "model": "auth.permission",
  "pk": 104
},
{
  "fields": {
    "codename": "change_testimonial",
    "name": "Can change testimonial",
    "content_type": [
      "pages",
      "testimonial"
    ]
  },
  "model": "auth.permission",
  "pk": 105
},
{
  "fields": {
    "codename": "delete_testimonial",
    "name": "Can delete testimonial",
    "content_type": [
      "pages",
      "testimonial"
    ]
  },
  "model": "auth.permission",
  "pk": 106
},
{
  "fields": {
    "codename": "add_faqspage",
    "name": "Can add faqs page",
    "content_type": [
      "pages",
      "faqspage"
    ]
  },
  "model": "auth.permission",
  "pk": 107
},
{
  "fields": {
    "codename": "change_faqspage",
    "name": "Can change faqs page",
    "content_type": [
      "pages",
      "faqspage"
    ]
  },
  "model": "auth.permission",
  "pk": 108
},
{
  "fields": {
    "codename": "delete_faqspage",
    "name": "Can delete faqs page",
    "content_type": [
      "pages",
      "faqspage"
    ]
  },
  "model": "auth.permission",
  "pk": 109
},
{
  "fields": {
    "codename": "add_blogindexpagerelatedlink",
    "name": "Can add blog index page related link",
    "content_type": [
      "blog",
      "blogindexpagerelatedlink"
    ]
  },
  "model": "auth.permission",
  "pk": 110
},
{
  "fields": {
    "codename": "change_blogindexpagerelatedlink",
    "name": "Can change blog index page related link",
    "content_type": [
      "blog",
      "blogindexpagerelatedlink"
    ]
  },
  "model": "auth.permission",
  "pk": 111
},
{
  "fields": {
    "codename": "delete_blogindexpagerelatedlink",
    "name": "Can delete blog index page related link",
    "content_type": [
      "blog",
      "blogindexpagerelatedlink"
    ]
  },
  "model": "auth.permission",
  "pk": 112
},
{
  "fields": {
    "codename": "add_blogindexpage",
    "name": "Can add blog index page",
    "content_type": [
      "blog",
      "blogindexpage"
    ]
  },
  "model": "auth.permission",
  "pk": 113
},
{
  "fields": {
    "codename": "change_blogindexpage",
    "name": "Can change blog index page",
    "content_type": [
      "blog",
      "blogindexpage"
    ]
  },
  "model": "auth.permission",
  "pk": 114
},
{
  "fields": {
    "codename": "delete_blogindexpage",
    "name": "Can delete blog index page",
    "content_type": [
      "blog",
      "blogindexpage"
    ]
  },
  "model": "auth.permission",
  "pk": 115
},
{
  "fields": {
    "codename": "add_blogpagecarouselitem",
    "name": "Can add blog page carousel item",
    "content_type": [
      "blog",
      "blogpagecarouselitem"
    ]
  },
  "model": "auth.permission",
  "pk": 116
},
{
  "fields": {
    "codename": "change_blogpagecarouselitem",
    "name": "Can change blog page carousel item",
    "content_type": [
      "blog",
      "blogpagecarouselitem"
    ]
  },
  "model": "auth.permission",
  "pk": 117
},
{
  "fields": {
    "codename": "delete_blogpagecarouselitem",
    "name": "Can delete blog page carousel item",
    "content_type": [
      "blog",
      "blogpagecarouselitem"
    ]
  },
  "model": "auth.permission",
  "pk": 118
},
{
  "fields": {
    "codename": "add_blogpagerelatedlink",
    "name": "Can add blog page related link",
    "content_type": [
      "blog",
      "blogpagerelatedlink"
    ]
  },
  "model": "auth.permission",
  "pk": 119
},
{
  "fields": {
    "codename": "change_blogpagerelatedlink",
    "name": "Can change blog page related link",
    "content_type": [
      "blog",
      "blogpagerelatedlink"
    ]
  },
  "model": "auth.permission",
  "pk": 120
},
{
  "fields": {
    "codename": "delete_blogpagerelatedlink",
    "name": "Can delete blog page related link",
    "content_type": [
      "blog",
      "blogpagerelatedlink"
    ]
  },
  "model": "auth.permission",
  "pk": 121
},
{
  "fields": {
    "codename": "add_blogpagetag",
    "name": "Can add blog page tag",
    "content_type": [
      "blog",
      "blogpagetag"
    ]
  },
  "model": "auth.permission",
  "pk": 122
},
{
  "fields": {
    "codename": "change_blogpagetag",
    "name": "Can change blog page tag",
    "content_type": [
      "blog",
      "blogpagetag"
    ]
  },
  "model": "auth.permission",
  "pk": 123
},
{
  "fields": {
    "codename": "delete_blogpagetag",
    "name": "Can delete blog page tag",
    "content_type": [
      "blog",
      "blogpagetag"
    ]
  },
  "model": "auth.permission",
  "pk": 124
},
{
  "fields": {
    "codename": "add_blogpage",
    "name": "Can add blog page",
    "content_type": [
      "blog",
      "blogpage"
    ]
  },
  "model": "auth.permission",
  "pk": 125
},
{
  "fields": {
    "codename": "change_blogpage",
    "name": "Can change blog page",
    "content_type": [
      "blog",
      "blogpage"
    ]
  },
  "model": "auth.permission",
  "pk": 126
},
{
  "fields": {
    "codename": "delete_blogpage",
    "name": "Can delete blog page",
    "content_type": [
      "blog",
      "blogpage"
    ]
  },
  "model": "auth.permission",
  "pk": 127
},
{
  "fields": {
    "codename": "add_eventindexpagerelatedlink",
    "name": "Can add event index page related link",
    "content_type": [
      "events",
      "eventindexpagerelatedlink"
    ]
  },
  "model": "auth.permission",
  "pk": 128
},
{
  "fields": {
    "codename": "change_eventindexpagerelatedlink",
    "name": "Can change event index page related link",
    "content_type": [
      "events",
      "eventindexpagerelatedlink"
    ]
  },
  "model": "auth.permission",
  "pk": 129
},
{
  "fields": {
    "codename": "delete_eventindexpagerelatedlink",
    "name": "Can delete event index page related link",
    "content_type": [
      "events",
      "eventindexpagerelatedlink"
    ]
  },
  "model": "auth.permission",
  "pk": 130
},
{
  "fields": {
    "codename": "add_eventindexpage",
    "name": "Can add event index page",
    "content_type": [
      "events",
      "eventindexpage"
    ]
  },
  "model": "auth.permission",
  "pk": 131
},
{
  "fields": {
    "codename": "change_eventindexpage",
    "name": "Can change event index page",
    "content_type": [
      "events",
      "eventindexpage"
    ]
  },
  "model": "auth.permission",
  "pk": 132
},
{
  "fields": {
    "codename": "delete_eventindexpage",
    "name": "Can delete event index page",
    "content_type": [
      "events",
      "eventindexpage"
    ]
  },
  "model": "auth.permission",
  "pk": 133
},
{
  "fields": {
    "codename": "add_eventpagecarouselitem",
    "name": "Can add event page carousel item",
    "content_type": [
      "events",
      "eventpagecarouselitem"
    ]
  },
  "model": "auth.permission",
  "pk": 134
},
{
  "fields": {
    "codename": "change_eventpagecarouselitem",
    "name": "Can change event page carousel item",
    "content_type": [
      "events",
      "eventpagecarouselitem"
    ]
  },
  "model": "auth.permission",
  "pk": 135
},
{
  "fields": {
    "codename": "delete_eventpagecarouselitem",
    "name": "Can delete event page carousel item",
    "content_type": [
      "events",
      "eventpagecarouselitem"
    ]
  },
  "model": "auth.permission",
  "pk": 136
},
{
  "fields": {
    "codename": "add_eventpagerelatedlink",
    "name": "Can add event page related link",
    "content_type": [
      "events",
      "eventpagerelatedlink"
    ]
  },
  "model": "auth.permission",
  "pk": 137
},
{
  "fields": {
    "codename": "change_eventpagerelatedlink",
    "name": "Can change event page related link",
    "content_type": [
      "events",
      "eventpagerelatedlink"
    ]
  },
  "model": "auth.permission",
  "pk": 138
},
{
  "fields": {
    "codename": "delete_eventpagerelatedlink",
    "name": "Can delete event page related link",
    "content_type": [
      "events",
      "eventpagerelatedlink"
    ]
  },
  "model": "auth.permission",
  "pk": 139
},
{
  "fields": {
    "codename": "add_eventpagespeaker",
    "name": "Can add event page speaker",
    "content_type": [
      "events",
      "eventpagespeaker"
    ]
  },
  "model": "auth.permission",
  "pk": 140
},
{
  "fields": {
    "codename": "change_eventpagespeaker",
    "name": "Can change event page speaker",
    "content_type": [
      "events",
      "eventpagespeaker"
    ]
  },
  "model": "auth.permission",
  "pk": 141
},
{
  "fields": {
    "codename": "delete_eventpagespeaker",
    "name": "Can delete event page speaker",
    "content_type": [
      "events",
      "eventpagespeaker"
    ]
  },
  "model": "auth.permission",
  "pk": 142
},
{
  "fields": {
    "codename": "add_eventpage",
    "name": "Can add event page",
    "content_type": [
      "events",
      "eventpage"
    ]
  },
  "model": "auth.permission",
  "pk": 143
},
{
  "fields": {
    "codename": "change_eventpage",
    "name": "Can change event page",
    "content_type": [
      "events",
      "eventpage"
    ]
  },
  "model": "auth.permission",
  "pk": 144
},
{
  "fields": {
    "codename": "delete_eventpage",
    "name": "Can delete event page",
    "content_type": [
      "events",
      "eventpage"
    ]
  },
  "model": "auth.permission",
  "pk": 145
},
{
  "fields": {
    "codename": "add_formfield",
    "name": "Can add form field",
    "content_type": [
      "contact",
      "formfield"
    ]
  },
  "model": "auth.permission",
  "pk": 146
},
{
  "fields": {
    "codename": "change_formfield",
    "name": "Can change form field",
    "content_type": [
      "contact",
      "formfield"
    ]
  },
  "model": "auth.permission",
  "pk": 147
},
{
  "fields": {
    "codename": "delete_formfield",
    "name": "Can delete form field",
    "content_type": [
      "contact",
      "formfield"
    ]
  },
  "model": "auth.permission",
  "pk": 148
},
{
  "fields": {
    "codename": "add_formpage",
    "name": "Can add form page",
    "content_type": [
      "contact",
      "formpage"
    ]
  },
  "model": "auth.permission",
  "pk": 149
},
{
  "fields": {
    "codename": "change_formpage",
    "name": "Can change form page",
    "content_type": [
      "contact",
      "formpage"
    ]
  },
  "model": "auth.permission",
  "pk": 150
},
{
  "fields": {
    "codename": "delete_formpage",
    "name": "Can delete form page",
    "content_type": [
      "contact",
      "formpage"
    ]
  },
  "model": "auth.permission",
  "pk": 151
},
{
  "fields": {
    "codename": "add_contactformfield",
    "name": "Can add contact form field",
    "content_type": [
      "contact",
      "contactformfield"
    ]
  },
  "model": "auth.permission",
  "pk": 152
},
{
  "fields": {
    "codename": "change_contactformfield",
    "name": "Can change contact form field",
    "content_type": [
      "contact",
      "contactformfield"
    ]
  },
  "model": "auth.permission",
  "pk": 153
},
{
  "fields": {
    "codename": "delete_contactformfield",
    "name": "Can delete contact form field",
    "content_type": [
      "contact",
      "contactformfield"
    ]
  },
  "model": "auth.permission",
  "pk": 154
},
{
  "fields": {
    "codename": "add_contactpage",
    "name": "Can add contact page",
    "content_type": [
      "contact",
      "contactpage"
    ]
  },
  "model": "auth.permission",
  "pk": 155
},
{
  "fields": {
    "codename": "change_contactpage",
    "name": "Can change contact page",
    "content_type": [
      "contact",
      "contactpage"
    ]
  },
  "model": "auth.permission",
  "pk": 156
},
{
  "fields": {
    "codename": "delete_contactpage",
    "name": "Can delete contact page",
    "content_type": [
      "contact",
      "contactpage"
    ]
  },
  "model": "auth.permission",
  "pk": 157
},
{
  "fields": {
    "codename": "add_personindexpagerelatedlink",
    "name": "Can add person index page related link",
    "content_type": [
      "people",
      "personindexpagerelatedlink"
    ]
  },
  "model": "auth.permission",
  "pk": 158
},
{
  "fields": {
    "codename": "change_personindexpagerelatedlink",
    "name": "Can change person index page related link",
    "content_type": [
      "people",
      "personindexpagerelatedlink"
    ]
  },
  "model": "auth.permission",
  "pk": 159
},
{
  "fields": {
    "codename": "delete_personindexpagerelatedlink",
    "name": "Can delete person index page related link",
    "content_type": [
      "people",
      "personindexpagerelatedlink"
    ]
  },
  "model": "auth.permission",
  "pk": 160
},
{
  "fields": {
    "codename": "add_personindexpage",
    "name": "Can add person index page",
    "content_type": [
      "people",
      "personindexpage"
    ]
  },
  "model": "auth.permission",
  "pk": 161
},
{
  "fields": {
    "codename": "change_personindexpage",
    "name": "Can change person index page",
    "content_type": [
      "people",
      "personindexpage"
    ]
  },
  "model": "auth.permission",
  "pk": 162
},
{
  "fields": {
    "codename": "delete_personindexpage",
    "name": "Can delete person index page",
    "content_type": [
      "people",
      "personindexpage"
    ]
  },
  "model": "auth.permission",
  "pk": 163
},
{
  "fields": {
    "codename": "add_personpagerelatedlink",
    "name": "Can add person page related link",
    "content_type": [
      "people",
      "personpagerelatedlink"
    ]
  },
  "model": "auth.permission",
  "pk": 164
},
{
  "fields": {
    "codename": "change_personpagerelatedlink",
    "name": "Can change person page related link",
    "content_type": [
      "people",
      "personpagerelatedlink"
    ]
  },
  "model": "auth.permission",
  "pk": 165
},
{
  "fields": {
    "codename": "delete_personpagerelatedlink",
    "name": "Can delete person page related link",
    "content_type": [
      "people",
      "personpagerelatedlink"
    ]
  },
  "model": "auth.permission",
  "pk": 166
},
{
  "fields": {
    "codename": "add_personpagetag",
    "name": "Can add person page tag",
    "content_type": [
      "people",
      "personpagetag"
    ]
  },
  "model": "auth.permission",
  "pk": 167
},
{
  "fields": {
    "codename": "change_personpagetag",
    "name": "Can change person page tag",
    "content_type": [
      "people",
      "personpagetag"
    ]
  },
  "model": "auth.permission",
  "pk": 168
},
{
  "fields": {
    "codename": "delete_personpagetag",
    "name": "Can delete person page tag",
    "content_type": [
      "people",
      "personpagetag"
    ]
  },
  "model": "auth.permission",
  "pk": 169
},
{
  "fields": {
    "codename": "add_personrole",
    "name": "Can add person role",
    "content_type": [
      "people",
      "personrole"
    ]
  },
  "model": "auth.permission",
  "pk": 170
},
{
  "fields": {
    "codename": "change_personrole",
    "name": "Can change person role",
    "content_type": [
      "people",
      "personrole"
    ]
  },
  "model": "auth.permission",
  "pk": 171
},
{
  "fields": {
    "codename": "delete_personrole",
    "name": "Can delete person role",
    "content_type": [
      "people",
      "personrole"
    ]
  },
  "model": "auth.permission",
  "pk": 172
},
{
  "fields": {
    "codename": "add_personpage",
    "name": "Can add person page",
    "content_type": [
      "people",
      "personpage"
    ]
  },
  "model": "auth.permission",
  "pk": 173
},
{
  "fields": {
    "codename": "change_personpage",
    "name": "Can change person page",
    "content_type": [
      "people",
      "personpage"
    ]
  },
  "model": "auth.permission",
  "pk": 174
},
{
  "fields": {
    "codename": "delete_personpage",
    "name": "Can delete person page",
    "content_type": [
      "people",
      "personpage"
    ]
  },
  "model": "auth.permission",
  "pk": 175
},
{
  "fields": {
    "codename": "add_galleryindexpage",
    "name": "Can add Gallery Index Page",
    "content_type": [
      "photo_gallery",
      "galleryindexpage"
    ]
  },
  "model": "auth.permission",
  "pk": 176
},
{
  "fields": {
    "codename": "change_galleryindexpage",
    "name": "Can change Gallery Index Page",
    "content_type": [
      "photo_gallery",
      "galleryindexpage"
    ]
  },
  "model": "auth.permission",
  "pk": 177
},
{
  "fields": {
    "codename": "delete_galleryindexpage",
    "name": "Can delete Gallery Index Page",
    "content_type": [
      "photo_gallery",
      "galleryindexpage"
    ]
  },
  "model": "auth.permission",
  "pk": 178
},
{
  "fields": {
    "codename": "add_gallerypagetag",
    "name": "Can add gallery page tag",
    "content_type": [
      "photo_gallery",
      "gallerypagetag"
    ]
  },
  "model": "auth.permission",
  "pk": 179
},
{
  "fields": {
    "codename": "change_gallerypagetag",
    "name": "Can change gallery page tag",
    "content_type": [
      "photo_gallery",
      "gallerypagetag"
    ]
  },
  "model": "auth.permission",
  "pk": 180
},
{
  "fields": {
    "codename": "delete_gallerypagetag",
    "name": "Can delete gallery page tag",
    "content_type": [
      "photo_gallery",
      "gallerypagetag"
    ]
  },
  "model": "auth.permission",
  "pk": 181
},
{
  "fields": {
    "codename": "add_gallerypage",
    "name": "Can add Gallery Page",
    "content_type": [
      "photo_gallery",
      "gallerypage"
    ]
  },
  "model": "auth.permission",
  "pk": 182
},
{
  "fields": {
    "codename": "change_gallerypage",
    "name": "Can change Gallery Page",
    "content_type": [
      "photo_gallery",
      "gallerypage"
    ]
  },
  "model": "auth.permission",
  "pk": 183
},
{
  "fields": {
    "codename": "delete_gallerypage",
    "name": "Can delete Gallery Page",
    "content_type": [
      "photo_gallery",
      "gallerypage"
    ]
  },
  "model": "auth.permission",
  "pk": 184
},
{
  "fields": {
    "codename": "add_productindexpagerelatedlink",
    "name": "Can add product index page related link",
    "content_type": [
      "products",
      "productindexpagerelatedlink"
    ]
  },
  "model": "auth.permission",
  "pk": 185
},
{
  "fields": {
    "codename": "change_productindexpagerelatedlink",
    "name": "Can change product index page related link",
    "content_type": [
      "products",
      "productindexpagerelatedlink"
    ]
  },
  "model": "auth.permission",
  "pk": 186
},
{
  "fields": {
    "codename": "delete_productindexpagerelatedlink",
    "name": "Can delete product index page related link",
    "content_type": [
      "products",
      "productindexpagerelatedlink"
    ]
  },
  "model": "auth.permission",
  "pk": 187
},
{
  "fields": {
    "codename": "add_productindexpage",
    "name": "Can add product index page",
    "content_type": [
      "products",
      "productindexpage"
    ]
  },
  "model": "auth.permission",
  "pk": 188
},
{
  "fields": {
    "codename": "change_productindexpage",
    "name": "Can change product index page",
    "content_type": [
      "products",
      "productindexpage"
    ]
  },
  "model": "auth.permission",
  "pk": 189
},
{
  "fields": {
    "codename": "delete_productindexpage",
    "name": "Can delete product index page",
    "content_type": [
      "products",
      "productindexpage"
    ]
  },
  "model": "auth.permission",
  "pk": 190
},
{
  "fields": {
    "codename": "add_productpagerelatedlink",
    "name": "Can add product page related link",
    "content_type": [
      "products",
      "productpagerelatedlink"
    ]
  },
  "model": "auth.permission",
  "pk": 191
},
{
  "fields": {
    "codename": "change_productpagerelatedlink",
    "name": "Can change product page related link",
    "content_type": [
      "products",
      "productpagerelatedlink"
    ]
  },
  "model": "auth.permission",
  "pk": 192
},
{
  "fields": {
    "codename": "delete_productpagerelatedlink",
    "name": "Can delete product page related link",
    "content_type": [
      "products",
      "productpagerelatedlink"
    ]
  },
  "model": "auth.permission",
  "pk": 193
},
{
  "fields": {
    "codename": "add_productpagetag",
    "name": "Can add product page tag",
    "content_type": [
      "products",
      "productpagetag"
    ]
  },
  "model": "auth.permission",
  "pk": 194
},
{
  "fields": {
    "codename": "change_productpagetag",
    "name": "Can change product page tag",
    "content_type": [
      "products",
      "productpagetag"
    ]
  },
  "model": "auth.permission",
  "pk": 195
},
{
  "fields": {
    "codename": "delete_productpagetag",
    "name": "Can delete product page tag",
    "content_type": [
      "products",
      "productpagetag"
    ]
  },
  "model": "auth.permission",
  "pk": 196
},
{
  "fields": {
    "codename": "add_productpage",
    "name": "Can add product page",
    "content_type": [
      "products",
      "productpage"
    ]
  },
  "model": "auth.permission",
  "pk": 197
},
{
  "fields": {
    "codename": "change_productpage",
    "name": "Can change product page",
    "content_type": [
      "products",
      "productpage"
    ]
  },
  "model": "auth.permission",
  "pk": 198
},
{
  "fields": {
    "codename": "delete_productpage",
    "name": "Can delete product page",
    "content_type": [
      "products",
      "productpage"
    ]
  },
  "model": "auth.permission",
  "pk": 199
},
{
  "fields": {
    "name": "Moderators",
    "permissions": [
      [
        "access_admin",
        "wagtailadmin",
        "admin"
      ],
      [
        "add_document",
        "wagtaildocs",
        "document"
      ],
      [
        "change_document",
        "wagtaildocs",
        "document"
      ],
      [
        "delete_document",
        "wagtaildocs",
        "document"
      ],
      [
        "add_image",
        "wagtailimages",
        "image"
      ],
      [
        "change_image",
        "wagtailimages",
        "image"
      ],
      [
        "delete_image",
        "wagtailimages",
        "image"
      ]
    ]
  },
  "model": "auth.group",
  "pk": 1
},
{
  "fields": {
    "name": "Editors",
    "permissions": [
      [
        "access_admin",
        "wagtailadmin",
        "admin"
      ],
      [
        "add_document",
        "wagtaildocs",
        "document"
      ],
      [
        "change_document",
        "wagtaildocs",
        "document"
      ],
      [
        "delete_document",
        "wagtaildocs",
        "document"
      ],
      [
        "add_image",
        "wagtailimages",
        "image"
      ],
      [
        "change_image",
        "wagtailimages",
        "image"
      ],
      [
        "delete_image",
        "wagtailimages",
        "image"
      ]
    ]
  },
  "model": "auth.group",
  "pk": 2
},
{
  "fields": {
    "username": "admin",
    "first_name": "",
    "last_name": "",
    "is_active": true,
    "is_superuser": true,
    "is_staff": true,
    "last_login": "2015-09-08T12:56:19.954Z",
    "groups": [],
    "user_permissions": [],
    "password": "pbkdf2_sha256$20000$BFcvBcetPSTJ$q2pKkXmU5+5eCYBdbPFXehnUTKPRAi3ijgkV/GjpRp8=",
    "email": "",
    "date_joined": "2015-08-06T18:29:19.112Z"
  },
  "model": "auth.user",
  "pk": 1
},
{
  "fields": {
    "name": "birthday",
    "slug": "birthday"
  },
  "model": "taggit.tag",
  "pk": 1
},
{
  "fields": {
    "name": "senior",
    "slug": "senior"
  },
  "model": "taggit.tag",
  "pk": 2
},
{
  "fields": {
    "name": "farewell",
    "slug": "farewell"
  },
  "model": "taggit.tag",
  "pk": 3
},
{
  "fields": {
    "name": "junior",
    "slug": "junior"
  },
  "model": "taggit.tag",
  "pk": 4
},
{
  "fields": {
    "name": "person",
    "slug": "person"
  },
  "model": "taggit.tag",
  "pk": 5
},
{
  "fields": {
    "tag": 1,
    "content_type": [
      "wagtailimages",
      "image"
    ],
    "object_id": 2
  },
  "model": "taggit.taggeditem",
  "pk": 1
},
{
  "fields": {
    "tag": 2,
    "content_type": [
      "wagtailimages",
      "image"
    ],
    "object_id": 5
  },
  "model": "taggit.taggeditem",
  "pk": 2
},
{
  "fields": {
    "tag": 3,
    "content_type": [
      "wagtailimages",
      "image"
    ],
    "object_id": 8
  },
  "model": "taggit.taggeditem",
  "pk": 3
},
{
  "fields": {
    "tag": 4,
    "content_type": [
      "wagtailimages",
      "image"
    ],
    "object_id": 9
  },
  "model": "taggit.taggeditem",
  "pk": 4
},
{
  "fields": {
    "root_page": 3,
    "hostname": "localhost",
    "port": 80,
    "is_default_site": true
  },
  "model": "wagtailcore.site",
  "pk": 2
},
{
  "fields": {
    "locked": false,
    "title": "Root",
    "numchild": 1,
    "show_in_menus": false,
    "live": true,
    "seo_title": "",
    "latest_revision_created_at": null,
    "depth": 1,
    "search_description": "",
    "content_type": [
      "wagtailcore",
      "page"
    ],
    "has_unpublished_changes": false,
    "owner": null,
    "path": "0001",
    "first_published_at": null,
    "url_path": "/",
    "expired": false,
    "slug": "root",
    "expire_at": null,
    "go_live_at": null
  },
  "model": "wagtailcore.page",
  "pk": 1
},
{
  "fields": {
    "locked": false,
    "title": "Homepage",
    "numchild": 6,
    "show_in_menus": false,
    "live": true,
    "seo_title": "",
    "latest_revision_created_at": "2015-08-06T18:39:43.673Z",
    "depth": 2,
    "search_description": "",
    "content_type": [
      "pages",
      "homepage"
    ],
    "has_unpublished_changes": false,
    "owner": null,
    "path": "00010001",
    "first_published_at": "2015-08-06T18:31:06.156Z",
    "url_path": "/home/",
    "expired": false,
    "slug": "home",
    "expire_at": null,
    "go_live_at": null
  },
  "model": "wagtailcore.page",
  "pk": 3
},
{
  "fields": {
    "locked": false,
    "title": "About Us",
    "numchild": 2,
    "show_in_menus": true,
    "live": true,
    "seo_title": "",
    "latest_revision_created_at": "2015-08-06T18:41:31.344Z",
    "depth": 3,
    "search_description": "",
    "content_type": [
      "pages",
      "standardindexpage"
    ],
    "has_unpublished_changes": false,
    "owner": [
      "admin"
    ],
    "path": "000100010001",
    "first_published_at": "2015-08-06T18:41:31.424Z",
    "url_path": "/home/about-us/",
    "expired": false,
    "slug": "about-us",
    "expire_at": null,
    "go_live_at": null
  },
  "model": "wagtailcore.page",
  "pk": 4
},
{
  "fields": {
    "locked": false,
    "title": "History",
    "numchild": 0,
    "show_in_menus": true,
    "live": true,
    "seo_title": "",
    "latest_revision_created_at": "2015-08-06T18:43:18.814Z",
    "depth": 4,
    "search_description": "",
    "content_type": [
      "pages",
      "standardpage"
    ],
    "has_unpublished_changes": false,
    "owner": [
      "admin"
    ],
    "path": "0001000100010001",
    "first_published_at": "2015-08-06T18:43:18.872Z",
    "url_path": "/home/about-us/history/",
    "expired": false,
    "slug": "history",
    "expire_at": null,
    "go_live_at": null
  },
  "model": "wagtailcore.page",
  "pk": 5
},
{
  "fields": {
    "locked": false,
    "title": "Vision and Mission",
    "numchild": 0,
    "show_in_menus": true,
    "live": true,
    "seo_title": "",
    "latest_revision_created_at": "2015-08-06T18:46:00.027Z",
    "depth": 4,
    "search_description": "",
    "content_type": [
      "pages",
      "standardpage"
    ],
    "has_unpublished_changes": false,
    "owner": [
      "admin"
    ],
    "path": "0001000100010002",
    "first_published_at": "2015-08-06T18:46:00.213Z",
    "url_path": "/home/about-us/vision-and-mission/",
    "expired": false,
    "slug": "vision-and-mission",
    "expire_at": null,
    "go_live_at": null
  },
  "model": "wagtailcore.page",
  "pk": 6
},
{
  "fields": {
    "locked": false,
    "title": "News",
    "numchild": 2,
    "show_in_menus": true,
    "live": true,
    "seo_title": "",
    "latest_revision_created_at": "2015-08-06T18:47:24.488Z",
    "depth": 3,
    "search_description": "",
    "content_type": [
      "blog",
      "blogindexpage"
    ],
    "has_unpublished_changes": false,
    "owner": [
      "admin"
    ],
    "path": "000100010002",
    "first_published_at": "2015-08-06T18:47:24.624Z",
    "url_path": "/home/news/",
    "expired": false,
    "slug": "news",
    "expire_at": null,
    "go_live_at": null
  },
  "model": "wagtailcore.page",
  "pk": 7
},
{
  "fields": {
    "locked": false,
    "title": "Our first story",
    "numchild": 0,
    "show_in_menus": true,
    "live": true,
    "seo_title": "",
    "latest_revision_created_at": "2015-08-06T18:48:50.709Z",
    "depth": 4,
    "search_description": "",
    "content_type": [
      "blog",
      "blogpage"
    ],
    "has_unpublished_changes": false,
    "owner": [
      "admin"
    ],
    "path": "0001000100020001",
    "first_published_at": "2015-08-06T18:48:50.807Z",
    "url_path": "/home/news/our-first-story/",
    "expired": false,
    "slug": "our-first-story",
    "expire_at": null,
    "go_live_at": null
  },
  "model": "wagtailcore.page",
  "pk": 8
},
{
  "fields": {
    "locked": false,
    "title": "Django Birthday",
    "numchild": 0,
    "show_in_menus": false,
    "live": true,
    "seo_title": "",
    "latest_revision_created_at": "2015-08-06T18:51:45.656Z",
    "depth": 4,
    "search_description": "",
    "content_type": [
      "events",
      "eventpage"
    ],
    "has_unpublished_changes": false,
    "owner": [
      "admin"
    ],
    "path": "0001000100020002",
    "first_published_at": "2015-08-06T18:51:45.832Z",
    "url_path": "/home/news/django-birthday/",
    "expired": false,
    "slug": "django-birthday",
    "expire_at": null,
    "go_live_at": null
  },
  "model": "wagtailcore.page",
  "pk": 9
},
{
  "fields": {
    "locked": false,
    "title": "Contact Us",
    "numchild": 0,
    "show_in_menus": true,
    "live": true,
    "seo_title": "",
    "latest_revision_created_at": "2015-08-06T18:55:08.678Z",
    "depth": 3,
    "search_description": "",
    "content_type": [
      "contact",
      "contactpage"
    ],
    "has_unpublished_changes": false,
    "owner": [
      "admin"
    ],
    "path": "000100010003",
    "first_published_at": "2015-08-06T18:54:39.606Z",
    "url_path": "/home/contact-us/",
    "expired": false,
    "slug": "contact-us",
    "expire_at": null,
    "go_live_at": null
  },
  "model": "wagtailcore.page",
  "pk": 10
},
{
  "fields": {
    "locked": false,
    "title": "Gallery",
    "numchild": 2,
    "show_in_menus": true,
    "live": true,
    "seo_title": "",
    "latest_revision_created_at": "2015-08-06T18:56:14.778Z",
    "depth": 3,
    "search_description": "",
    "content_type": [
      "photo_gallery",
      "galleryindexpage"
    ],
    "has_unpublished_changes": false,
    "owner": [
      "admin"
    ],
    "path": "000100010004",
    "first_published_at": "2015-08-06T18:56:14.850Z",
    "url_path": "/home/gallery/",
    "expired": false,
    "slug": "gallery",
    "expire_at": null,
    "go_live_at": null
  },
  "model": "wagtailcore.page",
  "pk": 11
},
{
  "fields": {
    "locked": false,
    "title": "Farewell party",
    "numchild": 0,
    "show_in_menus": true,
    "live": true,
    "seo_title": "",
    "latest_revision_created_at": "2015-08-06T18:57:30.092Z",
    "depth": 4,
    "search_description": "",
    "content_type": [
      "photo_gallery",
      "gallerypage"
    ],
    "has_unpublished_changes": false,
    "owner": [
      "admin"
    ],
    "path": "0001000100040001",
    "first_published_at": "2015-08-06T18:57:30.353Z",
    "url_path": "/home/gallery/farewell-party/",
    "expired": false,
    "slug": "farewell-party",
    "expire_at": null,
    "go_live_at": null
  },
  "model": "wagtailcore.page",
  "pk": 12
},
{
  "fields": {
    "locked": false,
    "title": "Birthday party",
    "numchild": 0,
    "show_in_menus": true,
    "live": true,
    "seo_title": "",
    "latest_revision_created_at": "2015-08-06T18:58:36.787Z",
    "depth": 4,
    "search_description": "",
    "content_type": [
      "photo_gallery",
      "gallerypage"
    ],
    "has_unpublished_changes": false,
    "owner": [
      "admin"
    ],
    "path": "0001000100040002",
    "first_published_at": "2015-08-06T18:58:36.957Z",
    "url_path": "/home/gallery/birthday-party/",
    "expired": false,
    "slug": "birthday-party",
    "expire_at": null,
    "go_live_at": null
  },
  "model": "wagtailcore.page",
  "pk": 13
},
{
  "fields": {
    "locked": false,
    "title": "Faqs",
    "numchild": 0,
    "show_in_menus": true,
    "live": true,
    "seo_title": "",
    "latest_revision_created_at": "2015-08-06T19:02:52.765Z",
    "depth": 3,
    "search_description": "",
    "content_type": [
      "pages",
      "faqspage"
    ],
    "has_unpublished_changes": false,
    "owner": [
      "admin"
    ],
    "path": "000100010005",
    "first_published_at": "2015-08-06T19:01:48.416Z",
    "url_path": "/home/faqs/",
    "expired": false,
    "slug": "faqs",
    "expire_at": null,
    "go_live_at": null
  },
  "model": "wagtailcore.page",
  "pk": 14
},
{
  "fields": {
    "locked": false,
    "title": "Person",
    "numchild": 2,
    "show_in_menus": true,
    "live": true,
    "seo_title": "",
    "latest_revision_created_at": "2015-09-08T12:57:17.550Z",
    "depth": 3,
    "search_description": "",
    "content_type": [
      "people",
      "personindexpage"
    ],
    "has_unpublished_changes": false,
    "owner": [
      "admin"
    ],
    "path": "000100010006",
    "first_published_at": "2015-09-08T12:57:17.756Z",
    "url_path": "/home/person/",
    "expired": false,
    "slug": "person",
    "expire_at": null,
    "go_live_at": null
  },
  "model": "wagtailcore.page",
  "pk": 15
},
{
  "fields": {
    "locked": false,
    "title": "person one",
    "numchild": 0,
    "show_in_menus": true,
    "live": true,
    "seo_title": "",
    "latest_revision_created_at": "2015-09-08T13:00:32.296Z",
    "depth": 4,
    "search_description": "",
    "content_type": [
      "people",
      "personpage"
    ],
    "has_unpublished_changes": false,
    "owner": [
      "admin"
    ],
    "path": "0001000100060001",
    "first_published_at": "2015-09-08T12:59:13.250Z",
    "url_path": "/home/person/person-one/",
    "expired": false,
    "slug": "person-one",
    "expire_at": null,
    "go_live_at": null
  },
  "model": "wagtailcore.page",
  "pk": 16
},
{
  "fields": {
    "locked": false,
    "title": "person two",
    "numchild": 0,
    "show_in_menus": true,
    "live": true,
    "seo_title": "",
    "latest_revision_created_at": "2015-09-08T13:00:50.889Z",
    "depth": 4,
    "search_description": "",
    "content_type": [
      "people",
      "personpage"
    ],
    "has_unpublished_changes": false,
    "owner": [
      "admin"
    ],
    "path": "0001000100060002",
    "first_published_at": "2015-09-08T13:00:18.386Z",
    "url_path": "/home/person/person-two/",
    "expired": false,
    "slug": "person-two",
    "expire_at": null,
    "go_live_at": null
  },
  "model": "wagtailcore.page",
  "pk": 17
},
{
  "fields": {
    "approved_go_live_at": null,
    "created_at": "2015-08-06T18:31:00.414Z",
    "submitted_for_moderation": false,
    "content_json": "{\"carousel_items\": [{\"link_page\": null, \"embed_url\": \"\", \"image\": null, \"link_external\": \"\", \"caption\": \"\", \"sort_order\": 0, \"link_document\": null, \"pk\": null, \"page\": 3}], \"search_description\": \"\", \"owner\": null, \"latest_revision_created_at\": null, \"go_live_at\": null, \"related_links\": [], \"title\": \"Homepage\", \"seo_title\": \"\", \"slug\": \"home\", \"live\": true, \"has_unpublished_changes\": false, \"body\": \"<p>A cookiecutter template for Wagtail CMS featuring Zurb Foundation front-end framework.</p>\", \"content_items\": [], \"numchild\": 0, \"title_text\": \"<h3>Welcome to Wagtail Cookiecutter Foundation</h3>\", \"content_type\": 4, \"show_in_menus\": false, \"path\": \"00010001\", \"url_path\": \"/home/\", \"expired\": false, \"pk\": 3, \"locked\": false, \"depth\": 2, \"first_published_at\": null, \"expire_at\": null}",
    "user": [
      "admin"
    ],
    "page": 3
  },
  "model": "wagtailcore.pagerevision",
  "pk": 1
},
{
  "fields": {
    "approved_go_live_at": null,
    "created_at": "2015-08-06T18:31:06.021Z",
    "submitted_for_moderation": false,
    "content_json": "{\"carousel_items\": [], \"search_description\": \"\", \"owner\": null, \"latest_revision_created_at\": \"2015-08-06T18:31:00.414Z\", \"go_live_at\": null, \"related_links\": [], \"title\": \"Homepage\", \"seo_title\": \"\", \"slug\": \"home\", \"live\": true, \"has_unpublished_changes\": true, \"body\": \"<p>A cookiecutter template for Wagtail CMS featuring Zurb Foundation front-end framework.</p>\", \"content_items\": [], \"numchild\": 0, \"title_text\": \"<h3>Welcome to Wagtail Cookiecutter Foundation</h3>\", \"content_type\": 4, \"show_in_menus\": false, \"path\": \"00010001\", \"url_path\": \"/home/\", \"expired\": false, \"pk\": 3, \"locked\": false, \"depth\": 2, \"first_published_at\": null, \"expire_at\": null}",
    "user": [
      "admin"
    ],
    "page": 3
  },
  "model": "wagtailcore.pagerevision",
  "pk": 2
},
{
  "fields": {
    "approved_go_live_at": null,
    "created_at": "2015-08-06T18:33:39.356Z",
    "submitted_for_moderation": false,
    "content_json": "{\"carousel_items\": [{\"link_page\": null, \"embed_url\": \"\", \"image\": 2, \"link_external\": \"\", \"caption\": \"\", \"sort_order\": 0, \"link_document\": null, \"pk\": null, \"page\": 3}, {\"link_page\": null, \"embed_url\": \"\", \"image\": 9, \"link_external\": \"\", \"caption\": \"\", \"sort_order\": 1, \"link_document\": null, \"pk\": null, \"page\": 3}, {\"link_page\": null, \"embed_url\": \"\", \"image\": 5, \"link_external\": \"\", \"caption\": \"\", \"sort_order\": 2, \"link_document\": null, \"pk\": null, \"page\": 3}, {\"link_page\": null, \"embed_url\": \"\", \"image\": 8, \"link_external\": \"\", \"caption\": \"\", \"sort_order\": 3, \"link_document\": null, \"pk\": null, \"page\": 3}], \"search_description\": \"\", \"owner\": null, \"latest_revision_created_at\": \"2015-08-06T18:31:06.021Z\", \"go_live_at\": null, \"related_links\": [], \"title\": \"Homepage\", \"seo_title\": \"\", \"slug\": \"home\", \"live\": true, \"has_unpublished_changes\": false, \"body\": \"<p>A cookiecutter template for Wagtail CMS featuring Zurb Foundation front-end framework.</p>\", \"content_items\": [], \"numchild\": 0, \"title_text\": \"<h3>Welcome to Wagtail Cookiecutter Foundation</h3>\", \"content_type\": 4, \"show_in_menus\": false, \"path\": \"00010001\", \"url_path\": \"/home/\", \"expired\": false, \"pk\": 3, \"locked\": false, \"depth\": 2, \"first_published_at\": \"2015-08-06T18:31:06.156Z\", \"expire_at\": null}",
    "user": [
      "admin"
    ],
    "page": 3
  },
  "model": "wagtailcore.pagerevision",
  "pk": 3
},
{
  "fields": {
    "approved_go_live_at": null,
    "created_at": "2015-08-06T18:34:08.447Z",
    "submitted_for_moderation": false,
    "content_json": "{\"carousel_items\": [{\"link_page\": null, \"embed_url\": \"\", \"image\": 2, \"link_external\": \"\", \"caption\": \"\", \"sort_order\": 0, \"link_document\": null, \"pk\": null, \"page\": 3}, {\"link_page\": null, \"embed_url\": \"\", \"image\": 9, \"link_external\": \"\", \"caption\": \"\", \"sort_order\": 1, \"link_document\": null, \"pk\": null, \"page\": 3}, {\"link_page\": null, \"embed_url\": \"\", \"image\": 5, \"link_external\": \"\", \"caption\": \"\", \"sort_order\": 2, \"link_document\": null, \"pk\": null, \"page\": 3}, {\"link_page\": null, \"embed_url\": \"\", \"image\": 8, \"link_external\": \"\", \"caption\": \"\", \"sort_order\": 3, \"link_document\": null, \"pk\": null, \"page\": 3}], \"search_description\": \"\", \"owner\": null, \"latest_revision_created_at\": \"2015-08-06T18:33:39.356Z\", \"go_live_at\": null, \"related_links\": [], \"title\": \"Homepage\", \"seo_title\": \"\", \"slug\": \"home\", \"live\": true, \"has_unpublished_changes\": true, \"body\": \"<p>A cookiecutter template for Wagtail CMS featuring Zurb Foundation front-end framework.</p>\", \"content_items\": [], \"numchild\": 0, \"title_text\": \"<h3>Welcome to Wagtail Cookiecutter Foundation</h3>\", \"content_type\": 4, \"show_in_menus\": false, \"path\": \"00010001\", \"url_path\": \"/home/\", \"expired\": false, \"pk\": 3, \"locked\": false, \"depth\": 2, \"first_published_at\": \"2015-08-06T18:31:06.156Z\", \"expire_at\": null}",
    "user": [
      "admin"
    ],
    "page": 3
  },
  "model": "wagtailcore.pagerevision",
  "pk": 4
},
{
  "fields": {
    "approved_go_live_at": null,
    "created_at": "2015-08-06T18:35:51.848Z",
    "submitted_for_moderation": false,
    "content_json": "{\"carousel_items\": [{\"link_page\": null, \"embed_url\": \"\", \"image\": 2, \"link_external\": \"\", \"caption\": \"\", \"sort_order\": 0, \"link_document\": null, \"pk\": null, \"page\": 3}, {\"link_page\": null, \"embed_url\": \"\", \"image\": 9, \"link_external\": \"\", \"caption\": \"\", \"sort_order\": 1, \"link_document\": null, \"pk\": null, \"page\": 3}, {\"link_page\": null, \"embed_url\": \"\", \"image\": 5, \"link_external\": \"\", \"caption\": \"\", \"sort_order\": 2, \"link_document\": null, \"pk\": null, \"page\": 3}, {\"link_page\": null, \"embed_url\": \"\", \"image\": 8, \"link_external\": \"\", \"caption\": \"\", \"sort_order\": 3, \"link_document\": null, \"pk\": null, \"page\": 3}], \"search_description\": \"\", \"owner\": null, \"latest_revision_created_at\": \"2015-08-06T18:34:08.447Z\", \"go_live_at\": null, \"related_links\": [], \"title\": \"Homepage\", \"seo_title\": \"\", \"slug\": \"home\", \"live\": true, \"has_unpublished_changes\": false, \"body\": \"<p>A cookiecutter template for Wagtail CMS featuring Zurb Foundation front-end framework.</p>\", \"content_items\": [{\"slug\": \"wagtail\", \"link_page\": null, \"title\": \"Wagtail\", \"image\": 10, \"link_external\": \"https://wagtail.io/\", \"summary\": \"\", \"content\": \"<p>Wagtail the leading Django CMS.</p>\", \"sort_order\": 0, \"link_document\": null, \"pk\": null, \"page\": 3}], \"numchild\": 0, \"title_text\": \"<h3>Welcome to Wagtail Cookiecutter Foundation</h3>\", \"content_type\": 4, \"show_in_menus\": false, \"path\": \"00010001\", \"url_path\": \"/home/\", \"expired\": false, \"pk\": 3, \"locked\": false, \"depth\": 2, \"first_published_at\": \"2015-08-06T18:31:06.156Z\", \"expire_at\": null}",
    "user": [
      "admin"
    ],
    "page": 3
  },
  "model": "wagtailcore.pagerevision",
  "pk": 5
},
{
  "fields": {
    "approved_go_live_at": null,
    "created_at": "2015-08-06T18:38:09.474Z",
    "submitted_for_moderation": false,
    "content_json": "{\"carousel_items\": [{\"link_page\": null, \"embed_url\": \"\", \"image\": 2, \"link_external\": \"\", \"caption\": \"\", \"sort_order\": 0, \"link_document\": null, \"pk\": null, \"page\": 3}, {\"link_page\": null, \"embed_url\": \"\", \"image\": 9, \"link_external\": \"\", \"caption\": \"\", \"sort_order\": 1, \"link_document\": null, \"pk\": null, \"page\": 3}, {\"link_page\": null, \"embed_url\": \"\", \"image\": 5, \"link_external\": \"\", \"caption\": \"\", \"sort_order\": 2, \"link_document\": null, \"pk\": null, \"page\": 3}, {\"link_page\": null, \"embed_url\": \"\", \"image\": 8, \"link_external\": \"\", \"caption\": \"\", \"sort_order\": 3, \"link_document\": null, \"pk\": null, \"page\": 3}], \"search_description\": \"\", \"owner\": null, \"latest_revision_created_at\": \"2015-08-06T18:35:51.848Z\", \"go_live_at\": null, \"related_links\": [], \"title\": \"Homepage\", \"seo_title\": \"\", \"slug\": \"home\", \"live\": true, \"has_unpublished_changes\": true, \"body\": \"<p>A cookiecutter template for Wagtail CMS featuring Zurb Foundation front-end framework.</p>\", \"content_items\": [{\"slug\": \"wagtail\", \"link_page\": null, \"title\": \"Wagtail\", \"image\": 10, \"link_external\": \"https://wagtail.io/\", \"summary\": \"\", \"content\": \"<p>Wagtail the leading Django CMS.</p>\", \"sort_order\": 0, \"link_document\": null, \"pk\": null, \"page\": 3}, {\"slug\": \"foundation\", \"link_page\": null, \"title\": \"Foundation\", \"image\": 3, \"link_external\": \"http://foundation.zurb.com/\", \"summary\": \"\", \"content\": \"<p>The most advanced responsive\\u00a0front-end framework in the world.</p>\", \"sort_order\": 1, \"link_document\": null, \"pk\": null, \"page\": 3}, {\"slug\": \"ansible\", \"link_page\": null, \"title\": \"Ansible\", \"image\": 4, \"link_external\": \"http://www.ansible.com/\", \"summary\": \"\", \"content\": \"<p>Ansible for provisioning and Deployment</p>\", \"sort_order\": 2, \"link_document\": null, \"pk\": null, \"page\": 3}, {\"slug\": \"sass\", \"link_page\": null, \"title\": \"Sass\", \"image\": 7, \"link_external\": \"http://sass-lang.com/\", \"summary\": \"\", \"content\": \"<p>100% Sass</p>\", \"sort_order\": 3, \"link_document\": null, \"pk\": null, \"page\": 3}], \"numchild\": 0, \"title_text\": \"<h3>Welcome to Wagtail Cookiecutter Foundation</h3>\", \"content_type\": 4, \"show_in_menus\": false, \"path\": \"00010001\", \"url_path\": \"/home/\", \"expired\": false, \"pk\": 3, \"locked\": false, \"depth\": 2, \"first_published_at\": \"2015-08-06T18:31:06.156Z\", \"expire_at\": null}",
    "user": [
      "admin"
    ],
    "page": 3
  },
  "model": "wagtailcore.pagerevision",
  "pk": 6
},
{
  "fields": {
    "approved_go_live_at": null,
    "created_at": "2015-08-06T18:39:43.673Z",
    "submitted_for_moderation": false,
    "content_json": "{\"carousel_items\": [{\"link_page\": null, \"embed_url\": \"\", \"image\": 2, \"link_external\": \"\", \"caption\": \"\", \"sort_order\": 0, \"link_document\": null, \"pk\": null, \"page\": 3}, {\"link_page\": null, \"embed_url\": \"\", \"image\": 9, \"link_external\": \"\", \"caption\": \"\", \"sort_order\": 1, \"link_document\": null, \"pk\": null, \"page\": 3}, {\"link_page\": null, \"embed_url\": \"\", \"image\": 5, \"link_external\": \"\", \"caption\": \"\", \"sort_order\": 2, \"link_document\": null, \"pk\": null, \"page\": 3}, {\"link_page\": null, \"embed_url\": \"\", \"image\": 8, \"link_external\": \"\", \"caption\": \"\", \"sort_order\": 3, \"link_document\": null, \"pk\": null, \"page\": 3}], \"search_description\": \"\", \"owner\": null, \"latest_revision_created_at\": \"2015-08-06T18:38:09.474Z\", \"go_live_at\": null, \"related_links\": [], \"title\": \"Homepage\", \"seo_title\": \"\", \"slug\": \"home\", \"live\": true, \"has_unpublished_changes\": true, \"body\": \"<p>A cookiecutter template for Wagtail CMS featuring Zurb Foundation front-end framework.</p>\", \"content_items\": [{\"slug\": \"wagtail\", \"link_page\": null, \"title\": \"Wagtail\", \"image\": 10, \"link_external\": \"https://wagtail.io/\", \"summary\": \"\", \"content\": \"<p>Wagtail the leading Django CMS.</p>\", \"sort_order\": 0, \"link_document\": null, \"pk\": null, \"page\": 3}, {\"slug\": \"foundation\", \"link_page\": null, \"title\": \"Foundation\", \"image\": 3, \"link_external\": \"http://foundation.zurb.com/\", \"summary\": \"\", \"content\": \"<p>The most advanced responsive\\u00a0front-end framework in the world.</p>\", \"sort_order\": 1, \"link_document\": null, \"pk\": null, \"page\": 3}, {\"slug\": \"ansible\", \"link_page\": null, \"title\": \"Ansible\", \"image\": 4, \"link_external\": \"http://www.ansible.com/\", \"summary\": \"\", \"content\": \"<p>Ansible for provisioning and Deployment</p>\", \"sort_order\": 2, \"link_document\": null, \"pk\": null, \"page\": 3}, {\"slug\": \"sass\", \"link_page\": null, \"title\": \"Sass\", \"image\": 7, \"link_external\": \"http://sass-lang.com/\", \"summary\": \"\", \"content\": \"<p>100% Sass</p>\", \"sort_order\": 3, \"link_document\": null, \"pk\": null, \"page\": 3}, {\"slug\": \"postgresql\", \"link_page\": null, \"title\": \"Postgresql\", \"image\": 6, \"link_external\": \"http://www.postgresql.org/\", \"summary\": \"\", \"content\": \"<p>PostgreSQL Everywhere</p>\", \"sort_order\": 4, \"link_document\": null, \"pk\": null, \"page\": 3}, {\"slug\": \"digitalocean\", \"link_page\": null, \"title\": \"Digital Ocean\", \"image\": 1, \"link_external\": \"https://www.digitalocean.com/\", \"summary\": \"<p>Spin Up your server with Digital Ocean API.</p>\", \"content\": \"<p>Spin Up your server with Digital Ocean API.</p>\", \"sort_order\": 5, \"link_document\": null, \"pk\": null, \"page\": 3}], \"numchild\": 0, \"title_text\": \"<h3>Welcome to Wagtail Cookiecutter Foundation</h3>\", \"content_type\": 4, \"show_in_menus\": false, \"path\": \"00010001\", \"url_path\": \"/home/\", \"expired\": false, \"pk\": 3, \"locked\": false, \"depth\": 2, \"first_published_at\": \"2015-08-06T18:31:06.156Z\", \"expire_at\": null}",
    "user": [
      "admin"
    ],
    "page": 3
  },
  "model": "wagtailcore.pagerevision",
  "pk": 7
},
{
  "fields": {
    "approved_go_live_at": null,
    "created_at": "2015-08-06T18:41:31.344Z",
    "submitted_for_moderation": false,
    "content_json": "{\"subtitle\": \"About Us\", \"search_description\": \"\", \"owner\": 1, \"intro\": \"<p>Lorem ipsum dolor sit amet, consectetur adipiscing elit. Aenean ante \\nurna, sagittis rhoncus orci sed, ullamcorper eleifend ipsum. Cras sit \\namet metus a justo pharetra dignissim. Suspendisse convallis dictum \\nmauris, quis pulvinar nisi rutrum vitae. Vivamus fringilla nulla ac \\nsagittis ornare. Fusce ac purus sodales, posuere ex euismod, semper \\nnibh. Nullam a eros nulla. Maecenas id felis feugiat risus tincidunt \\nultricies. Suspendisse scelerisque erat vel sem posuere commodo.</p>\", \"latest_revision_created_at\": null, \"go_live_at\": null, \"feed_image\": null, \"related_links\": [], \"title\": \"About Us\", \"seo_title\": \"\", \"slug\": \"about-us\", \"live\": true, \"has_unpublished_changes\": false, \"numchild\": 0, \"content_type\": 31, \"show_in_menus\": true, \"path\": \"000100010001\", \"url_path\": \"/home/about-us/\", \"expired\": false, \"pk\": 4, \"locked\": false, \"depth\": 3, \"first_published_at\": null, \"expire_at\": null}",
    "user": [
      "admin"
    ],
    "page": 4
  },
  "model": "wagtailcore.pagerevision",
  "pk": 8
},
{
  "fields": {
    "approved_go_live_at": null,
    "created_at": "2015-08-06T18:43:18.814Z",
    "submitted_for_moderation": false,
    "content_json": "{\"subtitle\": \"This is our story\", \"carousel_items\": [], \"search_description\": \"\", \"owner\": 1, \"intro\": \"<p>Nullam quis risus eget urna mollis ornare vel eu leo. Praesent commodo \\ncursus magna, vel scelerisque nisl consectetur et. Aenean lacinia \\nbibendum nulla sed consectetur. Lorem ipsum dolor sit amet, consectetur \\nadipiscing elit.</p>\", \"latest_revision_created_at\": null, \"go_live_at\": null, \"feed_image\": null, \"related_links\": [], \"title\": \"History\", \"seo_title\": \"\", \"slug\": \"history\", \"live\": true, \"has_unpublished_changes\": false, \"body\": \"<h2>History</h2><p>Cum sociis natoque penatibus et magnis dis parturient\\n montes, nascetur ridiculus mus. Nulla vitae elit libero, a pharetra \\naugue. Donec id elit non mi porta gravida at eget metus. Maecenas sed \\ndiam eget risus varius blandit sit amet non magna. Duis mollis, est non \\ncommodo luctus, nisi erat porttitor ligula, eget lacinia odio sem nec \\nelit. Duis mollis, est non commodo luctus, nisi erat porttitor ligula, \\neget lacinia odio sem nec elit. Maecenas faucibus mollis interdum.<br/><br/>Duis\\n mollis, est non commodo luctus, nisi erat porttitor ligula, eget \\nlacinia odio sem nec elit. Donec sed odio dui. Cras mattis consectetur \\npurus sit amet fermentum. Donec ullamcorper nulla non metus auctor \\nfringilla. Maecenas faucibus mollis interdum.<br/><br/>Nullam id dolor id \\nnibh ultricies vehicula ut id elit. Morbi leo risus, porta ac \\nconsectetur ac, vestibulum at eros. Cras mattis consectetur purus sit \\namet fermentum. Duis mollis, est non commodo luctus, nisi erat porttitor\\n ligula, eget lacinia odio sem nec elit. Donec id elit non mi porta \\ngravida at eget metus. Cras justo odio, dapibus ac facilisis in, egestas\\n eget quam. Donec sed odio dui.</p>\", \"numchild\": 0, \"content_type\": 34, \"show_in_menus\": true, \"path\": \"0001000100010001\", \"url_path\": \"/home/about-us/history/\", \"expired\": false, \"pk\": 5, \"locked\": false, \"depth\": 4, \"first_published_at\": null, \"expire_at\": null}",
    "user": [
      "admin"
    ],
    "page": 5
  },
  "model": "wagtailcore.pagerevision",
  "pk": 9
},
{
  "fields": {
    "approved_go_live_at": null,
    "created_at": "2015-08-06T18:46:00.027Z",
    "submitted_for_moderation": false,
    "content_json": "{\"subtitle\": \"This is our vision and mission\", \"carousel_items\": [], \"search_description\": \"\", \"owner\": 1, \"intro\": \"<p>Vivamus sagittis lacus vel augue laoreet rutrum faucibus dolor auctor. \\nNulla vitae elit libero, a pharetra augue. Donec id elit non mi porta \\ngravida at eget metus. Nullam id dolor id nibh ultricies vehicula ut id \\nelit. Lorem ipsum dolor sit amet, consectetur adipiscing elit.</p>\", \"latest_revision_created_at\": null, \"go_live_at\": null, \"feed_image\": null, \"related_links\": [], \"title\": \"Vision and Mission\", \"seo_title\": \"\", \"slug\": \"vision-and-mission\", \"live\": true, \"has_unpublished_changes\": false, \"body\": \"<h3>Vision and Mission</h3><p>Nullam quis risus eget urna mollis ornare \\nvel eu leo. Sed posuere consectetur est at lobortis. Donec sed odio dui.\\n Cras justo odio, dapibus ac facilisis in, egestas eget quam. Fusce \\ndapibus, tellus ac cursus commodo, tortor mauris condimentum nibh, ut \\nfermentum massa justo sit amet risus. Fusce dapibus, tellus ac cursus \\ncommodo, tortor mauris condimentum nibh, ut fermentum massa justo sit \\namet risus. Cum sociis natoque penatibus et magnis dis parturient \\nmontes, nascetur ridiculus mus.</p><p><br/>Nullam id dolor id nibh \\nultricies vehicula ut id elit. Cras mattis consectetur purus sit amet \\nfermentum. Donec ullamcorper nulla non metus auctor fringilla. \\nVestibulum id ligula porta felis euismod semper. Praesent commodo cursus\\n magna, vel scelerisque nisl consectetur et. Nullam quis risus eget urna\\n mollis ornare vel eu leo.</p><p><br/>Donec id elit non mi porta gravida \\nat eget metus. Vivamus sagittis lacus vel augue laoreet rutrum faucibus \\ndolor auctor. Morbi leo risus, porta ac consectetur ac, vestibulum at \\neros. Integer posuere erat a ante venenatis dapibus posuere velit \\naliquet.</p><p><br/>Curabitur blandit tempus porttitor. Lorem ipsum dolor\\n sit amet, consectetur adipiscing elit. Cum sociis natoque penatibus et \\nmagnis dis parturient montes, nascetur ridiculus mus. Aenean lacinia \\nbibendum nulla sed consectetur. Nullam quis risus eget urna mollis \\nornare vel eu leo. Donec id elit non mi porta gravida at eget metus. \\nPraesent commodo cursus magna, vel scelerisque nisl consectetur et.</p>\", \"numchild\": 0, \"content_type\": 34, \"show_in_menus\": true, \"path\": \"0001000100010002\", \"url_path\": \"/home/about-us/vision-and-mission/\", \"expired\": false, \"pk\": 6, \"locked\": false, \"depth\": 4, \"first_published_at\": null, \"expire_at\": null}",
    "user": [
      "admin"
    ],
    "page": 6
  },
  "model": "wagtailcore.pagerevision",
  "pk": 10
},
{
  "fields": {
    "approved_go_live_at": null,
    "created_at": "2015-08-06T18:47:24.488Z",
    "submitted_for_moderation": false,
    "content_json": "{\"search_description\": \"\", \"owner\": 1, \"intro\": \"<p>Welcome to news section</p>\", \"latest_revision_created_at\": null, \"go_live_at\": null, \"related_links\": [], \"title\": \"News\", \"seo_title\": \"\", \"slug\": \"news\", \"live\": true, \"has_unpublished_changes\": false, \"numchild\": 0, \"content_type\": 39, \"show_in_menus\": true, \"path\": \"000100010002\", \"url_path\": \"/home/news/\", \"expired\": false, \"pk\": 7, \"locked\": false, \"depth\": 3, \"first_published_at\": null, \"expire_at\": null}",
    "user": [
      "admin"
    ],
    "page": 7
  },
  "model": "wagtailcore.pagerevision",
  "pk": 11
},
{
  "fields": {
    "approved_go_live_at": null,
    "created_at": "2015-08-06T18:48:50.709Z",
    "submitted_for_moderation": false,
    "content_json": "{\"carousel_items\": [], \"search_description\": \"\", \"owner\": 1, \"intro\": \"<p>This is our first story.</p>\", \"latest_revision_created_at\": null, \"go_live_at\": null, \"feed_image\": 2, \"related_links\": [], \"title\": \"Our first story\", \"seo_title\": \"\", \"slug\": \"our-first-story\", \"live\": true, \"has_unpublished_changes\": false, \"tagged_items\": [], \"body\": \"<p>Lorem ipsum dolor sit amet, consectetur adipiscing elit. Aenean ante \\nurna, sagittis rhoncus orci sed, ullamcorper eleifend ipsum. Cras sit \\namet metus a justo pharetra dignissim. Suspendisse convallis dictum \\nmauris, quis pulvinar nisi rutrum vitae. Vivamus fringilla nulla ac \\nsagittis ornare. Fusce ac purus sodales, posuere ex euismod, semper \\nnibh. Nullam a eros nulla. Maecenas id felis feugiat risus tincidunt \\nultricies. Suspendisse scelerisque erat vel sem posuere commodo.</p><p>Donec\\n in mollis nisi. Sed ut neque sed dolor ultrices viverra eu quis orci. \\nNullam at tortor nec eros egestas tristique ut nec augue. Vivamus sapien\\n magna, gravida at maximus quis, gravida vel arcu. Mauris elementum sit \\namet ex vehicula pulvinar. Suspendisse a tellus nec turpis semper \\nfringilla. Etiam accumsan quis dui ut rhoncus. Pellentesque at augue in \\ndiam congue tempus et quis ante. Quisque venenatis hendrerit felis id \\nrhoncus. Nunc egestas felis ornare lorem molestie, in sodales nisl \\nvestibulum. In hendrerit bibendum eros vehicula mattis. Donec porta \\nvenenatis ante non interdum. Cras hendrerit et magna sed dignissim. \\nInteger lorem ligula, pulvinar id ante in, faucibus elementum velit. \\nVestibulum ante ipsum primis in faucibus orci luctus et ultrices posuere\\n cubilia Curae;</p><p>Proin ipsum libero, ornare vitae felis tincidunt, \\nsollicitudin dapibus elit. Aenean iaculis sollicitudin orci vitae \\niaculis. Morbi ipsum sapien, egestas eget posuere quis, ultrices et \\nlectus. Aenean laoreet porttitor mi, id mollis magna fringilla quis. \\nNullam non quam sodales, tempor nibh in, ultricies massa. Nam dictum \\nlectus ac mi lobortis, vel luctus sapien aliquam. Donec rhoncus eget \\nante vel ornare.</p><p>Aliquam ut nisi nec turpis malesuada mattis et \\npulvinar velit. In pellentesque venenatis ornare. Phasellus auctor \\nturpis suscipit lectus mattis, eget malesuada nisl accumsan. Lorem ipsum\\n dolor sit amet, consectetur adipiscing elit. Donec eu placerat erat. \\nVivamus eget tempor erat. Praesent vehicula magna sit amet mi sodales \\nviverra. Nam facilisis viverra eros ut cursus. Duis non vulputate arcu, \\nsed rutrum nisl. Etiam sagittis mollis eleifend. Quisque eu leo at ex \\naliquet rhoncus. Fusce nisi magna, commodo id posuere a, fringilla \\ntempor sapien.</p><p>Mauris quis velit est. Cras vel enim purus. Sed ut \\nvelit at diam pulvinar rhoncus. Mauris condimentum scelerisque ex, sed \\nornare mauris dignissim in. Ut vel eleifend enim. Aenean efficitur velit\\n velit, nec lacinia tortor pulvinar id. Ut volutpat finibus tristique. \\nFusce at sodales urna. Sed sed mi posuere, laoreet quam at, aliquam \\nmassa. Aliquam vel sem quis eros consequat vehicula non ac dui.</p>\", \"numchild\": 0, \"content_type\": 43, \"show_in_menus\": true, \"date\": \"2015-08-07\", \"path\": \"0001000100020001\", \"url_path\": \"/home/news/our-first-story/\", \"expired\": false, \"pk\": 8, \"locked\": false, \"depth\": 4, \"first_published_at\": null, \"expire_at\": null}",
    "user": [
      "admin"
    ],
    "page": 8
  },
  "model": "wagtailcore.pagerevision",
  "pk": 12
},
{
  "fields": {
    "approved_go_live_at": null,
    "created_at": "2015-08-06T18:51:45.656Z",
    "submitted_for_moderation": false,
    "content_json": "{\"carousel_items\": [], \"date_to\": \"2015-07-12\", \"search_description\": \"\", \"owner\": 1, \"cost\": \"$90\", \"latest_revision_created_at\": null, \"time_to\": \"18:00:00\", \"go_live_at\": null, \"feed_image\": null, \"related_links\": [], \"title\": \"Django Birthday\", \"signup_link\": \"https://djangobirthday.com/\", \"date_from\": \"2015-07-10\", \"seo_title\": \"\", \"slug\": \"django-birthday\", \"live\": true, \"location\": \"Lawrence, KS\", \"has_unpublished_changes\": false, \"body\": \"<h2>Happy birthday Django!</h2><p>Time to celebrate! <a href=\\\"https://www.djangoproject.com/\\\">Django</a> is turning 10 years old this July. We're throwing a birthday party for it in the town where it was created.</p><p>We'll\\n post more details as we lock down plans, but tickets are limited so we \\nwanted to give as much notice as possible for those of you who will be \\ntraveling long distances.</p>\", \"numchild\": 0, \"time_from\": \"17:00:00\", \"speakers\": [], \"audience\": \"public\", \"content_type\": 49, \"show_in_menus\": false, \"path\": \"0001000100020002\", \"url_path\": \"/home/news/django-birthday/\", \"expired\": false, \"pk\": 9, \"locked\": false, \"depth\": 4, \"first_published_at\": null, \"expire_at\": null}",
    "user": [
      "admin"
    ],
    "page": 9
  },
  "model": "wagtailcore.pagerevision",
  "pk": 13
},
{
  "fields": {
    "approved_go_live_at": null,
    "created_at": "2015-08-06T18:54:39.498Z",
    "submitted_for_moderation": false,
    "content_json": "{\"to_address\": \"\", \"from_address\": \"\", \"telephone\": \"8675-309\", \"search_description\": \"\", \"owner\": 1, \"intro\": \"Contact Us\", \"latest_revision_created_at\": null, \"go_live_at\": null, \"name_organization\": \"full/formatted name of the person or organisation\", \"city\": \"Town\", \"title\": \"Contact Us\", \"seo_title\": \"\", \"slug\": \"contact-us\", \"live\": true, \"has_unpublished_changes\": false, \"subject\": \"\", \"email\": \"example@example.com\", \"post_code\": \"tunapuna\", \"numchild\": 0, \"content_type\": 53, \"show_in_menus\": false, \"thank_you_text\": \"<p>Thanks for your interest</p>\", \"path\": \"000100010003\", \"url_path\": \"/home/contact-us/\", \"expired\": false, \"pk\": 10, \"locked\": false, \"country\": \"Country\", \"form_fields\": [{\"default_value\": \"\", \"field_type\": \"singleline\", \"required\": true, \"choices\": \"\", \"sort_order\": 0, \"help_text\": \"\", \"pk\": 1, \"label\": \"Name\", \"page\": 10}, {\"default_value\": \"\", \"field_type\": \"email\", \"required\": true, \"choices\": \"\", \"sort_order\": 1, \"help_text\": \"\", \"pk\": 2, \"label\": \"E-mail\", \"page\": 10}, {\"default_value\": \"\", \"field_type\": \"dropdown\", \"required\": true, \"choices\": \"Option 1, Option 2, Option 3\", \"sort_order\": 2, \"help_text\": \"\", \"pk\": 3, \"label\": \"Why do you want to contact?\", \"page\": 10}, {\"default_value\": \"\", \"field_type\": \"multiline\", \"required\": true, \"choices\": \"\", \"sort_order\": 3, \"help_text\": \"\", \"pk\": 4, \"label\": \"Message\", \"page\": 10}], \"depth\": 3, \"address_1\": \"Apt\", \"address_2\": \"Street Address\", \"first_published_at\": null, \"expire_at\": null}",
    "user": [
      "admin"
    ],
    "page": 10
  },
  "model": "wagtailcore.pagerevision",
  "pk": 14
},
{
  "fields": {
    "approved_go_live_at": null,
    "created_at": "2015-08-06T18:55:08.678Z",
    "submitted_for_moderation": false,
    "content_json": "{\"to_address\": \"\", \"from_address\": \"\", \"telephone\": \"8675-309\", \"search_description\": \"\", \"owner\": 1, \"intro\": \"Contact Us\", \"latest_revision_created_at\": \"2015-08-06T18:54:39.498Z\", \"go_live_at\": null, \"name_organization\": \"full/formatted name of the person or organisation\", \"city\": \"Town\", \"title\": \"Contact Us\", \"seo_title\": \"\", \"slug\": \"contact-us\", \"live\": true, \"has_unpublished_changes\": false, \"subject\": \"\", \"email\": \"example@example.com\", \"post_code\": \"tunapuna\", \"numchild\": 0, \"content_type\": 53, \"show_in_menus\": true, \"thank_you_text\": \"<p>Thanks for your interest</p>\", \"path\": \"000100010003\", \"url_path\": \"/home/contact-us/\", \"expired\": false, \"pk\": 10, \"locked\": false, \"country\": \"Country\", \"form_fields\": [{\"default_value\": \"\", \"field_type\": \"singleline\", \"required\": true, \"choices\": \"\", \"sort_order\": 0, \"help_text\": \"\", \"pk\": 1, \"label\": \"Name\", \"page\": null}, {\"default_value\": \"\", \"field_type\": \"email\", \"required\": true, \"choices\": \"\", \"sort_order\": 1, \"help_text\": \"\", \"pk\": 2, \"label\": \"E-mail\", \"page\": null}, {\"default_value\": \"\", \"field_type\": \"dropdown\", \"required\": true, \"choices\": \"Option 1, Option 2, Option 3\", \"sort_order\": 2, \"help_text\": \"\", \"pk\": 3, \"label\": \"Why do you want to contact?\", \"page\": null}, {\"default_value\": \"\", \"field_type\": \"multiline\", \"required\": true, \"choices\": \"\", \"sort_order\": 3, \"help_text\": \"\", \"pk\": 4, \"label\": \"Message\", \"page\": null}], \"depth\": 3, \"address_1\": \"Apt\", \"address_2\": \"Street Address\", \"first_published_at\": \"2015-08-06T18:54:39.606Z\", \"expire_at\": null}",
    "user": [
      "admin"
    ],
    "page": 10
  },
  "model": "wagtailcore.pagerevision",
  "pk": 15
},
{
  "fields": {
    "approved_go_live_at": null,
    "created_at": "2015-08-06T18:56:14.778Z",
    "submitted_for_moderation": false,
    "content_json": "{\"search_description\": \"\", \"owner\": 1, \"intro\": \"<p>Welcome to Gallery module</p>\", \"latest_revision_created_at\": null, \"go_live_at\": null, \"feed_image\": null, \"title\": \"Gallery\", \"seo_title\": \"\", \"slug\": \"gallery\", \"live\": true, \"has_unpublished_changes\": false, \"numchild\": 0, \"content_type\": 60, \"show_in_menus\": true, \"path\": \"000100010004\", \"url_path\": \"/home/gallery/\", \"expired\": false, \"pk\": 11, \"locked\": false, \"depth\": 3, \"first_published_at\": null, \"expire_at\": null}",
    "user": [
      "admin"
    ],
    "page": 11
  },
  "model": "wagtailcore.pagerevision",
  "pk": 16
},
{
  "fields": {
    "approved_go_live_at": null,
    "created_at": "2015-08-06T18:57:30.092Z",
    "submitted_for_moderation": false,
    "content_json": "{\"search_description\": \"\", \"owner\": 1, \"latest_revision_created_at\": null, \"go_live_at\": null, \"feed_image\": 8, \"title\": \"Farewell party\", \"seo_title\": \"\", \"slug\": \"farewell-party\", \"live\": true, \"has_unpublished_changes\": false, \"tagged_items\": [{\"pk\": 1, \"tag\": 2, \"content_object\": 12}, {\"pk\": 2, \"tag\": 3, \"content_object\": 12}], \"numchild\": 0, \"content_type\": 62, \"show_in_menus\": true, \"path\": \"0001000100040001\", \"url_path\": \"/home/gallery/farewell-party/\", \"expired\": false, \"pk\": 12, \"locked\": false, \"depth\": 4, \"first_published_at\": null, \"expire_at\": null}",
    "user": [
      "admin"
    ],
    "page": 12
  },
  "model": "wagtailcore.pagerevision",
  "pk": 17
},
{
  "fields": {
    "approved_go_live_at": null,
    "created_at": "2015-08-06T18:58:23.820Z",
    "submitted_for_moderation": false,
    "content_json": "{\"search_description\": \"\", \"owner\": 1, \"latest_revision_created_at\": null, \"go_live_at\": null, \"feed_image\": null, \"title\": \"Birthday party\", \"seo_title\": \"\", \"slug\": \"birthday-party\", \"live\": false, \"has_unpublished_changes\": false, \"tagged_items\": [{\"pk\": 3, \"tag\": 1, \"content_object\": 13}, {\"pk\": 4, \"tag\": 4, \"content_object\": 13}], \"numchild\": 0, \"content_type\": 62, \"show_in_menus\": false, \"path\": \"0001000100040002\", \"url_path\": \"/home/gallery/birthday-party/\", \"expired\": false, \"pk\": 13, \"locked\": false, \"depth\": 4, \"first_published_at\": null, \"expire_at\": null}",
    "user": [
      "admin"
    ],
    "page": 13
  },
  "model": "wagtailcore.pagerevision",
  "pk": 18
},
{
  "fields": {
    "approved_go_live_at": null,
    "created_at": "2015-08-06T18:58:36.787Z",
    "submitted_for_moderation": false,
    "content_json": "{\"search_description\": \"\", \"owner\": 1, \"latest_revision_created_at\": \"2015-08-06T18:58:23.820Z\", \"go_live_at\": null, \"feed_image\": 2, \"title\": \"Birthday party\", \"seo_title\": \"\", \"slug\": \"birthday-party\", \"live\": false, \"has_unpublished_changes\": true, \"tagged_items\": [{\"pk\": null, \"tag\": 1, \"content_object\": 13}, {\"pk\": null, \"tag\": 4, \"content_object\": 13}], \"numchild\": 0, \"content_type\": 62, \"show_in_menus\": true, \"path\": \"0001000100040002\", \"url_path\": \"/home/gallery/birthday-party/\", \"expired\": false, \"pk\": 13, \"locked\": false, \"depth\": 4, \"first_published_at\": null, \"expire_at\": null}",
    "user": [
      "admin"
    ],
    "page": 13
  },
  "model": "wagtailcore.pagerevision",
  "pk": 19
},
{
  "fields": {
    "approved_go_live_at": null,
    "created_at": "2015-08-06T19:01:35.366Z",
    "submitted_for_moderation": false,
    "content_json": "{\"body\": \"[{\\\"type\\\": \\\"faq_question\\\", \\\"value\\\": \\\"What is Wagtail cookiecutter Foundation?\\\"}, {\\\"type\\\": \\\"faq_answer\\\", \\\"value\\\": \\\"<p>A <a href=\\\\\\\"https://github.com/audreyr/cookiecutter\\\\\\\">cookiecutter</a> template for <a href=\\\\\\\"https://wagtail.io\\\\\\\">Wagtail CMS</a> featuring <a href=\\\\\\\"https://foundation.zurb.com\\\\\\\">Zurb Foundation</a> front-end\\\\nframework.</p>\\\"}, {\\\"type\\\": \\\"faq_question\\\", \\\"value\\\": \\\"What is included in Wagtail cookiecutter Foundation?\\\"}, {\\\"type\\\": \\\"faq_answer\\\", \\\"value\\\": \\\"<ul><li><p>A comprehensive suite of apps to use for building your site.\\\\nWe take an approach similar to the <a href=\\\\\\\"https://github.com/torchbox/wagtaildemo\\\\\\\">Wagtail Demo Project</a> but we use a\\\\nmodular approach so that can pick and choose the functionality you want to include\\\\non you site. We provide individual modules for:</p>\\\\n\\\\n<ul><li>pages - Hompage, Standard Pages, People Page, Contact Page, etc.</li><li>blog - Blogging or site news</li><li>events - Event management</li><li>photo_gallery- To facilitate easy  management of photo galleries</li><li>utils - utility functions, templatetags and filters</li></ul>\\\\n\\\\n</li></ul>\\\"}]\", \"locked\": false, \"latest_revision_created_at\": null, \"title\": \"Faqs\", \"numchild\": 0, \"show_in_menus\": true, \"live\": false, \"seo_title\": \"\", \"search_description\": \"\", \"depth\": 3, \"first_published_at\": null, \"has_unpublished_changes\": false, \"content_type\": 37, \"path\": \"000100010005\", \"owner\": 1, \"pk\": 14, \"url_path\": \"/home/faqs/\", \"expired\": false, \"slug\": \"faqs\", \"expire_at\": null, \"go_live_at\": null}",
    "user": [
      "admin"
    ],
    "page": 14
  },
  "model": "wagtailcore.pagerevision",
  "pk": 20
},
{
  "fields": {
    "approved_go_live_at": null,
    "created_at": "2015-08-06T19:01:48.324Z",
    "submitted_for_moderation": false,
    "content_json": "{\"body\": \"[{\\\"type\\\": \\\"faq_question\\\", \\\"value\\\": \\\"What is Wagtail cookiecutter Foundation?\\\"}, {\\\"type\\\": \\\"faq_answer\\\", \\\"value\\\": \\\"<p>A <a href=\\\\\\\"https://github.com/audreyr/cookiecutter\\\\\\\">cookiecutter</a> template for <a href=\\\\\\\"https://wagtail.io\\\\\\\">Wagtail CMS</a> featuring <a href=\\\\\\\"https://foundation.zurb.com\\\\\\\">Zurb Foundation</a> front-end\\\\nframework.</p>\\\"}, {\\\"type\\\": \\\"faq_question\\\", \\\"value\\\": \\\"What is included in Wagtail cookiecutter Foundation?\\\"}, {\\\"type\\\": \\\"faq_answer\\\", \\\"value\\\": \\\"<ul><li><p>A comprehensive suite of apps to use for building your site.\\\\nWe take an approach similar to the <a href=\\\\\\\"https://github.com/torchbox/wagtaildemo\\\\\\\">Wagtail Demo Project</a> but we use a\\\\nmodular approach so that can pick and choose the functionality you want to include\\\\non you site. We provide individual modules for:</p>\\\\n\\\\n<ul><li>pages - Hompage, Standard Pages, People Page, Contact Page, etc.</li><li>blog - Blogging or site news</li><li>events - Event management</li><li>photo_gallery- To facilitate easy  management of photo galleries</li><li>utils - utility functions, templatetags and filters</li></ul>\\\\n\\\\n</li></ul>\\\"}]\", \"locked\": false, \"latest_revision_created_at\": \"2015-08-06T19:01:35.366Z\", \"title\": \"Faqs\", \"numchild\": 0, \"show_in_menus\": true, \"live\": false, \"seo_title\": \"\", \"search_description\": \"\", \"depth\": 3, \"first_published_at\": null, \"has_unpublished_changes\": true, \"content_type\": 37, \"path\": \"000100010005\", \"owner\": 1, \"pk\": 14, \"url_path\": \"/home/faqs/\", \"expired\": false, \"slug\": \"faqs\", \"expire_at\": null, \"go_live_at\": null}",
    "user": [
      "admin"
    ],
    "page": 14
  },
  "model": "wagtailcore.pagerevision",
  "pk": 21
},
{
  "fields": {
    "approved_go_live_at": null,
    "created_at": "2015-08-06T19:02:52.765Z",
    "submitted_for_moderation": false,
    "content_json": "{\"body\": \"[{\\\"type\\\": \\\"faq_question\\\", \\\"value\\\": \\\"What is Wagtail cookiecutter Foundation?\\\"}, {\\\"type\\\": \\\"faq_answer\\\", \\\"value\\\": \\\"<p>A <a href=\\\\\\\"https://github.com/audreyr/cookiecutter\\\\\\\">cookiecutter</a> template for <a href=\\\\\\\"https://wagtail.io\\\\\\\">Wagtail CMS</a> featuring <a href=\\\\\\\"https://foundation.zurb.com\\\\\\\">Zurb Foundation</a> front-end\\\\nframework.</p>\\\"}, {\\\"type\\\": \\\"faq_question\\\", \\\"value\\\": \\\"What is included in Wagtail cookiecutter Foundation?\\\"}, {\\\"type\\\": \\\"faq_answer\\\", \\\"value\\\": \\\"<p>A comprehensive suite of apps to use for building your site.\\\\nWe take an approach similar to the <a href=\\\\\\\"https://github.com/torchbox/wagtaildemo\\\\\\\">Wagtail Demo Project</a> but we use a\\\\nmodular approach so that can pick and choose the functionality you want to include\\\\non you site. We provide individual modules for:</p>\\\\n\\\\n<ul><li>pages - Hompage, Standard Pages, People Page, Contact Page, etc.</li><li>blog - Blogging or site news</li><li>events - Event management</li><li>photo_gallery- To facilitate easy  management of photo galleries</li><li>utils - utility functions, templatetags and filters</li></ul>\\\\n\\\\n\\\"}]\", \"locked\": false, \"latest_revision_created_at\": \"2015-08-06T19:01:48.324Z\", \"title\": \"Faqs\", \"numchild\": 0, \"show_in_menus\": true, \"live\": true, \"seo_title\": \"\", \"search_description\": \"\", \"depth\": 3, \"first_published_at\": \"2015-08-06T19:01:48.416Z\", \"has_unpublished_changes\": false, \"content_type\": 37, \"path\": \"000100010005\", \"owner\": 1, \"pk\": 14, \"url_path\": \"/home/faqs/\", \"expired\": false, \"slug\": \"faqs\", \"expire_at\": null, \"go_live_at\": null}",
    "user": [
      "admin"
    ],
    "page": 14
  },
  "model": "wagtailcore.pagerevision",
  "pk": 22
},
{
  "fields": {
    "approved_go_live_at": null,
    "created_at": "2015-09-08T12:57:17.550Z",
    "submitted_for_moderation": false,
    "content_json": "{\"subtitle\": \"\", \"search_description\": \"\", \"owner\": 1, \"intro\": \"<h3>Welcome to Person Module</h3>\", \"latest_revision_created_at\": null, \"go_live_at\": null, \"related_links\": [], \"title\": \"Person\", \"seo_title\": \"\", \"slug\": \"person\", \"live\": true, \"has_unpublished_changes\": false, \"numchild\": 0, \"content_type\": 55, \"show_in_menus\": true, \"path\": \"000100010006\", \"url_path\": \"/home/person/\", \"expired\": false, \"pk\": 15, \"locked\": false, \"depth\": 3, \"first_published_at\": null, \"expire_at\": null}",
    "user": [
      "admin"
    ],
    "page": 15
  },
  "model": "wagtailcore.pagerevision",
  "pk": 23
},
{
  "fields": {
    "approved_go_live_at": null,
    "created_at": "2015-09-08T12:59:13.131Z",
    "submitted_for_moderation": false,
    "content_json": "{\"image\": 9, \"telephone\": \"\", \"search_description\": \"\", \"owner\": 1, \"intro\": \"<p>I am Person one.</p>\", \"latest_revision_created_at\": null, \"biography\": \"<p>Lorem ipsum dolor sit amet, consectetur adipiscing elit. Donec in ante eget leo egestas pretium ut in dui. Nunc sit amet varius sem. Duis tempus vel mi eu laoreet. Phasellus eget nunc ante. Aenean suscipit ante in est fermentum, quis tincidunt mi aliquet. Donec aliquet diam egestas elementum rutrum. Suspendisse sit amet varius magna, a vulputate felis. Pellentesque eget mi augue. Proin ligula felis, semper ut augue at, dignissim venenatis arcu. Nulla facilisis laoreet imperdiet. Fusce velit eros, porta sed euismod a, malesuada vitae massa. Fusce dolor mi, fermentum sed ante vitae, convallis suscipit mi. Maecenas sed turpis vel augue.<br/></p>\", \"go_live_at\": null, \"name_organization\": \"\", \"city\": \"\", \"related_links\": [], \"title\": \"person one\", \"seo_title\": \"\", \"slug\": \"person-one\", \"live\": true, \"role\": null, \"has_unpublished_changes\": false, \"email\": \"\", \"feed_image\": null, \"post_code\": \"\", \"numchild\": 0, \"content_type\": 59, \"show_in_menus\": false, \"path\": \"0001000100060001\", \"url_path\": \"/home/person/person-one/\", \"expired\": false, \"pk\": 16, \"locked\": false, \"country\": \"\", \"tagged_items\": [{\"pk\": 1, \"tag\": 5, \"content_object\": 16}], \"depth\": 4, \"address_1\": \"\", \"address_2\": \"\", \"first_published_at\": null, \"expire_at\": null}",
    "user": [
      "admin"
    ],
    "page": 16
  },
  "model": "wagtailcore.pagerevision",
  "pk": 24
},
{
  "fields": {
    "approved_go_live_at": null,
    "created_at": "2015-09-08T13:00:18.265Z",
    "submitted_for_moderation": false,
    "content_json": "{\"image\": 2, \"telephone\": \"\", \"search_description\": \"\", \"owner\": 1, \"intro\": \"<p>I am person two.</p>\", \"latest_revision_created_at\": null, \"biography\": \"<p>Lorem ipsum dolor sit amet, consectetur adipiscing elit. Nulla consequat et erat id interdum. Proin a urna augue. Ut imperdiet bibendum pulvinar. Sed gravida fermentum enim, nec mattis tellus dignissim ac. Duis metus libero, semper sit amet lorem eu, semper posuere risus. Pellentesque mattis finibus augue, sit amet condimentum erat. In eu pharetra ex, mattis finibus massa. In dapibus dolor dolor, id rhoncus ex dapibus vitae.</p><p>Fusce ac tellus sit amet elit sollicitudin hendrerit eget vitae dolor. Nulla efficitur, enim id vulputate commodo, est felis accumsan justo, quis dapibus orci metus quis est. Sed pellentesque dui vitae condimentum malesuada. Quisque elit urna, suscipit in pretium vitae, tristique id tellus. Integer.</p>\", \"go_live_at\": null, \"name_organization\": \"\", \"city\": \"\", \"related_links\": [], \"title\": \"person two\", \"seo_title\": \"\", \"slug\": \"person-two\", \"live\": true, \"role\": null, \"has_unpublished_changes\": false, \"email\": \"\", \"feed_image\": null, \"post_code\": \"\", \"numchild\": 0, \"content_type\": 59, \"show_in_menus\": false, \"path\": \"0001000100060002\", \"url_path\": \"/home/person/person-two/\", \"expired\": false, \"pk\": 17, \"locked\": false, \"country\": \"\", \"tagged_items\": [{\"pk\": 2, \"tag\": 5, \"content_object\": 17}], \"depth\": 4, \"address_1\": \"\", \"address_2\": \"\", \"first_published_at\": null, \"expire_at\": null}",
    "user": [
      "admin"
    ],
    "page": 17
  },
  "model": "wagtailcore.pagerevision",
  "pk": 25
},
{
  "fields": {
    "approved_go_live_at": null,
    "created_at": "2015-09-08T13:00:32.296Z",
    "submitted_for_moderation": false,
    "content_json": "{\"image\": 9, \"telephone\": \"\", \"search_description\": \"\", \"owner\": 1, \"intro\": \"<p>I am Person one.</p>\", \"latest_revision_created_at\": \"2015-09-08T12:59:13.131Z\", \"biography\": \"<p>Lorem ipsum dolor sit amet, consectetur adipiscing elit. Donec in ante eget leo egestas pretium ut in dui. Nunc sit amet varius sem. Duis tempus vel mi eu laoreet. Phasellus eget nunc ante. Aenean suscipit ante in est fermentum, quis tincidunt mi aliquet. Donec aliquet diam egestas elementum rutrum. Suspendisse sit amet varius magna, a vulputate felis. Pellentesque eget mi augue. Proin ligula felis, semper ut augue at, dignissim venenatis arcu. Nulla facilisis laoreet imperdiet. Fusce velit eros, porta sed euismod a, malesuada vitae massa. Fusce dolor mi, fermentum sed ante vitae, convallis suscipit mi. Maecenas sed turpis vel augue.<br/></p>\", \"go_live_at\": null, \"name_organization\": \"\", \"city\": \"\", \"related_links\": [], \"title\": \"person one\", \"seo_title\": \"\", \"slug\": \"person-one\", \"live\": true, \"role\": null, \"has_unpublished_changes\": false, \"email\": \"\", \"feed_image\": null, \"post_code\": \"\", \"numchild\": 0, \"content_type\": 59, \"show_in_menus\": true, \"path\": \"0001000100060001\", \"url_path\": \"/home/person/person-one/\", \"expired\": false, \"pk\": 16, \"locked\": false, \"country\": \"\", \"tagged_items\": [{\"pk\": null, \"tag\": 5, \"content_object\": 16}], \"depth\": 4, \"address_1\": \"\", \"address_2\": \"\", \"first_published_at\": \"2015-09-08T12:59:13.250Z\", \"expire_at\": null}",
    "user": [
      "admin"
    ],
    "page": 16
  },
  "model": "wagtailcore.pagerevision",
  "pk": 26
},
{
  "fields": {
    "approved_go_live_at": null,
    "created_at": "2015-09-08T13:00:50.889Z",
    "submitted_for_moderation": false,
    "content_json": "{\"image\": 2, \"telephone\": \"\", \"search_description\": \"\", \"owner\": 1, \"intro\": \"<p>I am Person two.</p>\", \"latest_revision_created_at\": \"2015-09-08T13:00:18.265Z\", \"biography\": \"<p>Lorem ipsum dolor sit amet, consectetur adipiscing elit. Nulla consequat et erat id interdum. Proin a urna augue. Ut imperdiet bibendum pulvinar. Sed gravida fermentum enim, nec mattis tellus dignissim ac. Duis metus libero, semper sit amet lorem eu, semper posuere risus. Pellentesque mattis finibus augue, sit amet condimentum erat. In eu pharetra ex, mattis finibus massa. In dapibus dolor dolor, id rhoncus ex dapibus vitae.</p><p>Fusce ac tellus sit amet elit sollicitudin hendrerit eget vitae dolor. Nulla efficitur, enim id vulputate commodo, est felis accumsan justo, quis dapibus orci metus quis est. Sed pellentesque dui vitae condimentum malesuada. Quisque elit urna, suscipit in pretium vitae, tristique id tellus. Integer.</p>\", \"go_live_at\": null, \"name_organization\": \"\", \"city\": \"\", \"related_links\": [], \"title\": \"person two\", \"seo_title\": \"\", \"slug\": \"person-two\", \"live\": true, \"role\": null, \"has_unpublished_changes\": false, \"email\": \"\", \"feed_image\": null, \"post_code\": \"\", \"numchild\": 0, \"content_type\": 59, \"show_in_menus\": true, \"path\": \"0001000100060002\", \"url_path\": \"/home/person/person-two/\", \"expired\": false, \"pk\": 17, \"locked\": false, \"country\": \"\", \"tagged_items\": [{\"pk\": null, \"tag\": 5, \"content_object\": 17}], \"depth\": 4, \"address_1\": \"\", \"address_2\": \"\", \"first_published_at\": \"2015-09-08T13:00:18.386Z\", \"expire_at\": null}",
    "user": [
      "admin"
    ],
    "page": 17
  },
  "model": "wagtailcore.pagerevision",
  "pk": 27
},
{
  "fields": {
    "group": [
      "Moderators"
    ],
    "page": 1,
    "permission_type": "add"
  },
  "model": "wagtailcore.grouppagepermission",
  "pk": 1
},
{
  "fields": {
    "group": [
      "Moderators"
    ],
    "page": 1,
    "permission_type": "edit"
  },
  "model": "wagtailcore.grouppagepermission",
  "pk": 2
},
{
  "fields": {
    "group": [
      "Moderators"
    ],
    "page": 1,
    "permission_type": "publish"
  },
  "model": "wagtailcore.grouppagepermission",
  "pk": 3
},
{
  "fields": {
    "group": [
      "Editors"
    ],
    "page": 1,
    "permission_type": "add"
  },
  "model": "wagtailcore.grouppagepermission",
  "pk": 4
},
{
  "fields": {
    "group": [
      "Editors"
    ],
    "page": 1,
    "permission_type": "edit"
  },
  "model": "wagtailcore.grouppagepermission",
  "pk": 5
},
{
  "fields": {
    "group": [
      "Moderators"
    ],
    "page": 1,
    "permission_type": "lock"
  },
  "model": "wagtailcore.grouppagepermission",
  "pk": 6
},
{
  "fields": {
    "focal_point_width": null,
    "title": "digital.png",
    "focal_point_height": null,
    "created_at": "2015-08-06T18:31:54.804Z",
    "focal_point_x": null,
    "focal_point_y": null,
    "height": 60,
    "width": 60,
    "file": "original_images/digital.png",
    "uploaded_by_user": [
      "admin"
    ]
  },
  "model": "wagtailimages.image",
  "pk": 1
},
{
  "fields": {
    "focal_point_width": null,
    "title": "foundation_5.png",
    "focal_point_height": null,
    "created_at": "2015-08-06T18:31:54.956Z",
    "focal_point_x": null,
    "focal_point_y": null,
    "height": 500,
    "width": 1300,
    "file": "original_images/foundation_5.png",
    "uploaded_by_user": [
      "admin"
    ]
  },
  "model": "wagtailimages.image",
  "pk": 2
},
{
  "fields": {
    "focal_point_width": null,
    "title": "hero-image.png",
    "focal_point_height": null,
    "created_at": "2015-08-06T18:31:55.118Z",
    "focal_point_x": null,
    "focal_point_y": null,
    "height": 60,
    "width": 60,
    "file": "original_images/hero-image.png",
    "uploaded_by_user": [
      "admin"
    ]
  },
  "model": "wagtailimages.image",
  "pk": 3
},
{
  "fields": {
    "focal_point_width": null,
    "title": "image-ansible.png",
    "focal_point_height": null,
    "created_at": "2015-08-06T18:31:55.268Z",
    "focal_point_x": null,
    "focal_point_y": null,
    "height": 60,
    "width": 60,
    "file": "original_images/image-ansible.png",
    "uploaded_by_user": [
      "admin"
    ]
  },
  "model": "wagtailimages.image",
  "pk": 4
},
{
  "fields": {
    "focal_point_width": null,
    "title": "postgresql.jpg",
    "focal_point_height": null,
    "created_at": "2015-08-06T18:31:55.538Z",
    "focal_point_x": null,
    "focal_point_y": null,
    "height": 500,
    "width": 1300,
    "file": "original_images/postgresql.jpg",
    "uploaded_by_user": [
      "admin"
    ]
  },
  "model": "wagtailimages.image",
  "pk": 5
},
{
  "fields": {
    "focal_point_width": null,
    "title": "PostgreSQL_logo.3colors.120x120.png",
    "focal_point_height": null,
    "created_at": "2015-08-06T18:31:55.709Z",
    "focal_point_x": null,
    "focal_point_y": null,
    "height": 60,
    "width": 60,
    "file": "original_images/PostgreSQL_logo.3colors.120x120.png",
    "uploaded_by_user": [
      "admin"
    ]
  },
  "model": "wagtailimages.image",
  "pk": 6
},
{
  "fields": {
    "focal_point_width": null,
    "title": "sass.png",
    "focal_point_height": null,
    "created_at": "2015-08-06T18:31:55.931Z",
    "focal_point_x": null,
    "focal_point_y": null,
    "height": 60,
    "width": 60,
    "file": "original_images/sass.png",
    "uploaded_by_user": [
      "admin"
    ]
  },
  "model": "wagtailimages.image",
  "pk": 7
},
{
  "fields": {
    "focal_point_width": null,
    "title": "sass-logo-new.png",
    "focal_point_height": null,
    "created_at": "2015-08-06T18:31:56.156Z",
    "focal_point_x": null,
    "focal_point_y": null,
    "height": 500,
    "width": 1300,
    "file": "original_images/sass-logo-new.png",
    "uploaded_by_user": [
      "admin"
    ]
  },
  "model": "wagtailimages.image",
  "pk": 8
},
{
  "fields": {
    "focal_point_width": null,
    "title": "wagtail.jpg",
    "focal_point_height": null,
    "created_at": "2015-08-06T18:31:56.324Z",
    "focal_point_x": null,
    "focal_point_y": null,
    "height": 500,
    "width": 1300,
    "file": "original_images/wagtail.jpg",
    "uploaded_by_user": [
      "admin"
    ]
  },
  "model": "wagtailimages.image",
  "pk": 9
},
{
  "fields": {
    "focal_point_width": null,
    "title": "Wagtail_CMS_logo.png",
    "focal_point_height": null,
    "created_at": "2015-08-06T18:31:56.556Z",
    "focal_point_x": null,
    "focal_point_y": null,
    "height": 60,
    "width": 60,
    "file": "original_images/Wagtail_CMS_logo.png",
    "uploaded_by_user": [
      "admin"
    ]
  },
  "model": "wagtailimages.image",
  "pk": 10
},
{
  "fields": {
    "spec": "max-165x165"
  },
  "model": "wagtailimages.filter",
  "pk": 1
},
{
  "fields": {
    "spec": "max-130x100"
  },
  "model": "wagtailimages.filter",
  "pk": 2
},
{
  "fields": {
    "spec": "max-130x130"
  },
  "model": "wagtailimages.filter",
  "pk": 3
},
{
  "fields": {
    "spec": "width-1400"
  },
  "model": "wagtailimages.filter",
  "pk": 4
},
{
  "fields": {
    "spec": "fill-60x60"
  },
  "model": "wagtailimages.filter",
  "pk": 5
},
{
  "fields": {
    "spec": "width-250"
  },
  "model": "wagtailimages.filter",
  "pk": 6
},
{
  "fields": {
    "spec": "width-1200"
  },
  "model": "wagtailimages.filter",
  "pk": 7
},
{
  "fields": {
    "spec": "width-260"
  },
  "model": "wagtailimages.filter",
  "pk": 8
},
{
  "fields": {
    "spec": "width-200"
  },
  "model": "wagtailimages.filter",
  "pk": 9
},
{
  "fields": {
    "spec": "width-180"
  },
  "model": "wagtailimages.filter",
  "pk": 10
},
{
  "fields": {
    "image": 10,
    "focal_point_key": "",
    "filter": 1,
    "width": 60,
    "file": "images/Wagtail_CMS_logo.max-165x165.png",
    "height": 60
  },
  "model": "wagtailimages.rendition",
  "pk": 1
},
{
  "fields": {
    "image": 9,
    "focal_point_key": "",
    "filter": 1,
    "width": 165,
    "file": "images/wagtail.max-165x165.jpg",
    "height": 63
  },
  "model": "wagtailimages.rendition",
  "pk": 2
},
{
  "fields": {
    "image": 8,
    "focal_point_key": "",
    "filter": 1,
    "width": 165,
    "file": "images/sass-logo-new.max-165x165.png",
    "height": 63
  },
  "model": "wagtailimages.rendition",
  "pk": 3
},
{
  "fields": {
    "image": 7,
    "focal_point_key": "",
    "filter": 1,
    "width": 60,
    "file": "images/sass.max-165x165.png",
    "height": 60
  },
  "model": "wagtailimages.rendition",
  "pk": 4
},
{
  "fields": {
    "image": 6,
    "focal_point_key": "",
    "filter": 1,
    "width": 60,
    "file": "images/PostgreSQL_logo.3colors.120x120.max-165x165.png",
    "height": 60
  },
  "model": "wagtailimages.rendition",
  "pk": 5
},
{
  "fields": {
    "image": 5,
    "focal_point_key": "",
    "filter": 1,
    "width": 165,
    "file": "images/postgresql.max-165x165.jpg",
    "height": 63
  },
  "model": "wagtailimages.rendition",
  "pk": 6
},
{
  "fields": {
    "image": 4,
    "focal_point_key": "",
    "filter": 1,
    "width": 60,
    "file": "images/image-ansible.max-165x165.png",
    "height": 60
  },
  "model": "wagtailimages.rendition",
  "pk": 7
},
{
  "fields": {
    "image": 3,
    "focal_point_key": "",
    "filter": 1,
    "width": 60,
    "file": "images/hero-image.max-165x165.png",
    "height": 60
  },
  "model": "wagtailimages.rendition",
  "pk": 8
},
{
  "fields": {
    "image": 2,
    "focal_point_key": "",
    "filter": 1,
    "width": 165,
    "file": "images/foundation_5.max-165x165.png",
    "height": 63
  },
  "model": "wagtailimages.rendition",
  "pk": 9
},
{
  "fields": {
    "image": 1,
    "focal_point_key": "",
    "filter": 1,
    "width": 60,
    "file": "images/digital.max-165x165.png",
    "height": 60
  },
  "model": "wagtailimages.rendition",
  "pk": 10
},
{
  "fields": {
    "image": 2,
    "focal_point_key": "",
    "filter": 2,
    "width": 130,
    "file": "images/foundation_5.max-130x100.png",
    "height": 50
  },
  "model": "wagtailimages.rendition",
  "pk": 11
},
{
  "fields": {
    "image": 9,
    "focal_point_key": "",
    "filter": 2,
    "width": 130,
    "file": "images/wagtail.max-130x100.jpg",
    "height": 50
  },
  "model": "wagtailimages.rendition",
  "pk": 12
},
{
  "fields": {
    "image": 5,
    "focal_point_key": "",
    "filter": 2,
    "width": 130,
    "file": "images/postgresql.max-130x100.jpg",
    "height": 50
  },
  "model": "wagtailimages.rendition",
  "pk": 13
},
{
  "fields": {
    "image": 8,
    "focal_point_key": "",
    "filter": 2,
    "width": 130,
    "file": "images/sass-logo-new.max-130x100.png",
    "height": 50
  },
  "model": "wagtailimages.rendition",
  "pk": 14
},
{
  "fields": {
    "image": 2,
    "focal_point_key": "",
    "filter": 3,
    "width": 130,
    "file": "images/foundation_5.max-130x130.png",
    "height": 50
  },
  "model": "wagtailimages.rendition",
  "pk": 15
},
{
  "fields": {
    "image": 9,
    "focal_point_key": "",
    "filter": 3,
    "width": 130,
    "file": "images/wagtail.max-130x130.jpg",
    "height": 50
  },
  "model": "wagtailimages.rendition",
  "pk": 16
},
{
  "fields": {
    "image": 5,
    "focal_point_key": "",
    "filter": 3,
    "width": 130,
    "file": "images/postgresql.max-130x130.jpg",
    "height": 50
  },
  "model": "wagtailimages.rendition",
  "pk": 17
},
{
  "fields": {
    "image": 8,
    "focal_point_key": "",
    "filter": 3,
    "width": 130,
    "file": "images/sass-logo-new.max-130x130.png",
    "height": 50
  },
  "model": "wagtailimages.rendition",
  "pk": 18
},
{
  "fields": {
    "image": 10,
    "focal_point_key": "",
    "filter": 2,
    "width": 60,
    "file": "images/Wagtail_CMS_logo.max-130x100.png",
    "height": 60
  },
  "model": "wagtailimages.rendition",
  "pk": 19
},
{
  "fields": {
    "image": 10,
    "focal_point_key": "",
    "filter": 3,
    "width": 60,
    "file": "images/Wagtail_CMS_logo.max-130x130.png",
    "height": 60
  },
  "model": "wagtailimages.rendition",
  "pk": 20
},
{
  "fields": {
    "image": 3,
    "focal_point_key": "",
    "filter": 2,
    "width": 60,
    "file": "images/hero-image.max-130x100.png",
    "height": 60
  },
  "model": "wagtailimages.rendition",
  "pk": 21
},
{
  "fields": {
    "image": 4,
    "focal_point_key": "",
    "filter": 2,
    "width": 60,
    "file": "images/image-ansible.max-130x100.png",
    "height": 60
  },
  "model": "wagtailimages.rendition",
  "pk": 22
},
{
  "fields": {
    "image": 3,
    "focal_point_key": "",
    "filter": 3,
    "width": 60,
    "file": "images/hero-image.max-130x130.png",
    "height": 60
  },
  "model": "wagtailimages.rendition",
  "pk": 23
},
{
  "fields": {
    "image": 4,
    "focal_point_key": "",
    "filter": 3,
    "width": 60,
    "file": "images/image-ansible.max-130x130.png",
    "height": 60
  },
  "model": "wagtailimages.rendition",
  "pk": 24
},
{
  "fields": {
    "image": 7,
    "focal_point_key": "",
    "filter": 2,
    "width": 60,
    "file": "images/sass.max-130x100.png",
    "height": 60
  },
  "model": "wagtailimages.rendition",
  "pk": 25
},
{
  "fields": {
    "image": 7,
    "focal_point_key": "",
    "filter": 3,
    "width": 60,
    "file": "images/sass.max-130x130.png",
    "height": 60
  },
  "model": "wagtailimages.rendition",
  "pk": 26
},
{
  "fields": {
    "image": 6,
    "focal_point_key": "",
    "filter": 2,
    "width": 60,
    "file": "images/PostgreSQL_logo.3colors.120x120.max-130x100.png",
    "height": 60
  },
  "model": "wagtailimages.rendition",
  "pk": 27
},
{
  "fields": {
    "image": 1,
    "focal_point_key": "",
    "filter": 2,
    "width": 60,
    "file": "images/digital.max-130x100.png",
    "height": 60
  },
  "model": "wagtailimages.rendition",
  "pk": 28
},
{
  "fields": {
    "image": 2,
    "focal_point_key": "",
    "filter": 4,
    "width": 1300,
    "file": "images/foundation_5.width-1400.png",
    "height": 500
  },
  "model": "wagtailimages.rendition",
  "pk": 29
},
{
  "fields": {
    "image": 9,
    "focal_point_key": "",
    "filter": 4,
    "width": 1300,
    "file": "images/wagtail.width-1400.jpg",
    "height": 500
  },
  "model": "wagtailimages.rendition",
  "pk": 30
},
{
  "fields": {
    "image": 5,
    "focal_point_key": "",
    "filter": 4,
    "width": 1300,
    "file": "images/postgresql.width-1400.jpg",
    "height": 500
  },
  "model": "wagtailimages.rendition",
  "pk": 31
},
{
  "fields": {
    "image": 8,
    "focal_point_key": "",
    "filter": 4,
    "width": 1300,
    "file": "images/sass-logo-new.width-1400.png",
    "height": 500
  },
  "model": "wagtailimages.rendition",
  "pk": 32
},
{
  "fields": {
    "image": 10,
    "focal_point_key": "2e16d0ba",
    "filter": 5,
    "width": 60,
    "file": "images/Wagtail_CMS_logo.2e16d0ba.fill-60x60.png",
    "height": 60
  },
  "model": "wagtailimages.rendition",
  "pk": 33
},
{
  "fields": {
    "image": 3,
    "focal_point_key": "2e16d0ba",
    "filter": 5,
    "width": 60,
    "file": "images/hero-image.2e16d0ba.fill-60x60.png",
    "height": 60
  },
  "model": "wagtailimages.rendition",
  "pk": 34
},
{
  "fields": {
    "image": 4,
    "focal_point_key": "2e16d0ba",
    "filter": 5,
    "width": 60,
    "file": "images/image-ansible.2e16d0ba.fill-60x60.png",
    "height": 60
  },
  "model": "wagtailimages.rendition",
  "pk": 35
},
{
  "fields": {
    "image": 7,
    "focal_point_key": "2e16d0ba",
    "filter": 5,
    "width": 60,
    "file": "images/sass.2e16d0ba.fill-60x60.png",
    "height": 60
  },
  "model": "wagtailimages.rendition",
  "pk": 36
},
{
  "fields": {
    "image": 6,
    "focal_point_key": "2e16d0ba",
    "filter": 5,
    "width": 60,
    "file": "images/PostgreSQL_logo.3colors.120x120.2e16d0ba.fill-60x60.png",
    "height": 60
  },
  "model": "wagtailimages.rendition",
  "pk": 37
},
{
  "fields": {
    "image": 1,
    "focal_point_key": "2e16d0ba",
    "filter": 5,
    "width": 60,
    "file": "images/digital.2e16d0ba.fill-60x60.png",
    "height": 60
  },
  "model": "wagtailimages.rendition",
  "pk": 38
},
{
  "fields": {
    "image": 2,
    "focal_point_key": "",
    "filter": 6,
    "width": 250,
    "file": "images/foundation_5.width-250.png",
    "height": 96
  },
  "model": "wagtailimages.rendition",
  "pk": 39
},
{
  "fields": {
    "image": 2,
    "focal_point_key": "",
    "filter": 7,
    "width": 1200,
    "file": "images/foundation_5.width-1200.png",
    "height": 461
  },
  "model": "wagtailimages.rendition",
  "pk": 40
},
{
  "fields": {
    "image": 8,
    "focal_point_key": "",
    "filter": 8,
    "width": 260,
    "file": "images/sass-logo-new.width-260.png",
    "height": 100
  },
  "model": "wagtailimages.rendition",
  "pk": 41
},
{
  "fields": {
    "image": 2,
    "focal_point_key": "",
    "filter": 8,
    "width": 260,
    "file": "images/foundation_5.width-260.png",
    "height": 100
  },
  "model": "wagtailimages.rendition",
  "pk": 42
},
{
  "fields": {
    "image": 8,
    "focal_point_key": "",
    "filter": 7,
    "width": 1200,
    "file": "images/sass-logo-new.width-1200.png",
    "height": 461
  },
  "model": "wagtailimages.rendition",
  "pk": 43
},
{
  "fields": {
    "image": 9,
    "focal_point_key": "",
    "filter": 9,
    "width": 200,
    "file": "images/wagtail.width-200.jpg",
    "height": 76
  },
  "model": "wagtailimages.rendition",
  "pk": 44
},
{
  "fields": {
    "image": 2,
    "focal_point_key": "",
    "filter": 9,
    "width": 200,
    "file": "images/foundation_5.width-200.png",
    "height": 76
  },
  "model": "wagtailimages.rendition",
  "pk": 45
},
{
  "fields": {
    "image": 9,
    "focal_point_key": "",
    "filter": 10,
    "width": 180,
    "file": "images/wagtail.width-180.jpg",
    "height": 69
  },
  "model": "wagtailimages.rendition",
  "pk": 46
},
{
  "fields": {
    "image": 2,
    "focal_point_key": "",
    "filter": 10,
    "width": 180,
    "file": "images/foundation_5.width-180.png",
    "height": 69
  },
  "model": "wagtailimages.rendition",
  "pk": 47
},
{
  "fields": {
    "slug": "wagtail",
    "link_page": null,
    "title": "Wagtail",
    "image": 10,
    "link_external": "https://wagtail.io/",
    "summary": "",
    "content": "<p>Wagtail the leading Django CMS.</p>",
    "sort_order": 0,
    "link_document": null,
    "page": 3
  },
  "model": "pages.homepagecontentitem",
  "pk": 1
},
{
  "fields": {
    "slug": "foundation",
    "link_page": null,
    "title": "Foundation",
    "image": 3,
    "link_external": "http://foundation.zurb.com/",
    "summary": "",
    "content": "<p>The most advanced responsive\u00a0front-end framework in the world.</p>",
    "sort_order": 1,
    "link_document": null,
    "page": 3
  },
  "model": "pages.homepagecontentitem",
  "pk": 2
},
{
  "fields": {
    "slug": "ansible",
    "link_page": null,
    "title": "Ansible",
    "image": 4,
    "link_external": "http://www.ansible.com/",
    "summary": "",
    "content": "<p>Ansible for provisioning and Deployment</p>",
    "sort_order": 2,
    "link_document": null,
    "page": 3
  },
  "model": "pages.homepagecontentitem",
  "pk": 3
},
{
  "fields": {
    "slug": "sass",
    "link_page": null,
    "title": "Sass",
    "image": 7,
    "link_external": "http://sass-lang.com/",
    "summary": "",
    "content": "<p>100% Sass</p>",
    "sort_order": 3,
    "link_document": null,
    "page": 3
  },
  "model": "pages.homepagecontentitem",
  "pk": 4
},
{
  "fields": {
    "slug": "postgresql",
    "link_page": null,
    "title": "Postgresql",
    "image": 6,
    "link_external": "http://www.postgresql.org/",
    "summary": "",
    "content": "<p>PostgreSQL Everywhere</p>",
    "sort_order": 4,
    "link_document": null,
    "page": 3
  },
  "model": "pages.homepagecontentitem",
  "pk": 5
},
{
  "fields": {
    "slug": "digitalocean",
    "link_page": null,
    "title": "Digital Ocean",
    "image": 1,
    "link_external": "https://www.digitalocean.com/",
    "summary": "<p>Spin Up your server with Digital Ocean API.</p>",
    "content": "<p>Spin Up your server with Digital Ocean API.</p>",
    "sort_order": 5,
    "link_document": null,
    "page": 3
  },
  "model": "pages.homepagecontentitem",
  "pk": 6
},
{
  "fields": {
    "link_page": null,
    "embed_url": "",
    "image": 2,
    "link_external": "",
    "caption": "",
    "sort_order": 0,
    "link_document": null,
    "page": 3
  },
  "model": "pages.homepagecarouselitem",
  "pk": 5
},
{
  "fields": {
    "link_page": null,
    "embed_url": "",
    "image": 9,
    "link_external": "",
    "caption": "",
    "sort_order": 1,
    "link_document": null,
    "page": 3
  },
  "model": "pages.homepagecarouselitem",
  "pk": 6
},
{
  "fields": {
    "link_page": null,
    "embed_url": "",
    "image": 5,
    "link_external": "",
    "caption": "",
    "sort_order": 2,
    "link_document": null,
    "page": 3
  },
  "model": "pages.homepagecarouselitem",
  "pk": 7
},
{
  "fields": {
    "link_page": null,
    "embed_url": "",
    "image": 8,
    "link_external": "",
    "caption": "",
    "sort_order": 3,
    "link_document": null,
    "page": 3
  },
  "model": "pages.homepagecarouselitem",
  "pk": 8
},
{
  "fields": {
    "body": "<p>A cookiecutter template for Wagtail CMS featuring Zurb Foundation front-end framework.</p>",
    "title_text": "<h3>Welcome to Wagtail Cookiecutter Foundation</h3>"
  },
  "model": "pages.homepage",
  "pk": 3
},
{
  "fields": {
    "feed_image": null,
    "intro": "<p>Lorem ipsum dolor sit amet, consectetur adipiscing elit. Aenean ante \nurna, sagittis rhoncus orci sed, ullamcorper eleifend ipsum. Cras sit \namet metus a justo pharetra dignissim. Suspendisse convallis dictum \nmauris, quis pulvinar nisi rutrum vitae. Vivamus fringilla nulla ac \nsagittis ornare. Fusce ac purus sodales, posuere ex euismod, semper \nnibh. Nullam a eros nulla. Maecenas id felis feugiat risus tincidunt \nultricies. Suspendisse scelerisque erat vel sem posuere commodo.</p>",
    "subtitle": "About Us"
  },
  "model": "pages.standardindexpage",
  "pk": 4
},
{
  "fields": {
    "body": "<h2>History</h2><p>Cum sociis natoque penatibus et magnis dis parturient\n montes, nascetur ridiculus mus. Nulla vitae elit libero, a pharetra \naugue. Donec id elit non mi porta gravida at eget metus. Maecenas sed \ndiam eget risus varius blandit sit amet non magna. Duis mollis, est non \ncommodo luctus, nisi erat porttitor ligula, eget lacinia odio sem nec \nelit. Duis mollis, est non commodo luctus, nisi erat porttitor ligula, \neget lacinia odio sem nec elit. Maecenas faucibus mollis interdum.<br/><br/>Duis\n mollis, est non commodo luctus, nisi erat porttitor ligula, eget \nlacinia odio sem nec elit. Donec sed odio dui. Cras mattis consectetur \npurus sit amet fermentum. Donec ullamcorper nulla non metus auctor \nfringilla. Maecenas faucibus mollis interdum.<br/><br/>Nullam id dolor id \nnibh ultricies vehicula ut id elit. Morbi leo risus, porta ac \nconsectetur ac, vestibulum at eros. Cras mattis consectetur purus sit \namet fermentum. Duis mollis, est non commodo luctus, nisi erat porttitor\n ligula, eget lacinia odio sem nec elit. Donec id elit non mi porta \ngravida at eget metus. Cras justo odio, dapibus ac facilisis in, egestas\n eget quam. Donec sed odio dui.</p>",
    "feed_image": null,
    "intro": "<p>Nullam quis risus eget urna mollis ornare vel eu leo. Praesent commodo \ncursus magna, vel scelerisque nisl consectetur et. Aenean lacinia \nbibendum nulla sed consectetur. Lorem ipsum dolor sit amet, consectetur \nadipiscing elit.</p>",
    "subtitle": "This is our story"
  },
  "model": "pages.standardpage",
  "pk": 5
},
{
  "fields": {
    "body": "<h3>Vision and Mission</h3><p>Nullam quis risus eget urna mollis ornare \nvel eu leo. Sed posuere consectetur est at lobortis. Donec sed odio dui.\n Cras justo odio, dapibus ac facilisis in, egestas eget quam. Fusce \ndapibus, tellus ac cursus commodo, tortor mauris condimentum nibh, ut \nfermentum massa justo sit amet risus. Fusce dapibus, tellus ac cursus \ncommodo, tortor mauris condimentum nibh, ut fermentum massa justo sit \namet risus. Cum sociis natoque penatibus et magnis dis parturient \nmontes, nascetur ridiculus mus.</p><p><br/>Nullam id dolor id nibh \nultricies vehicula ut id elit. Cras mattis consectetur purus sit amet \nfermentum. Donec ullamcorper nulla non metus auctor fringilla. \nVestibulum id ligula porta felis euismod semper. Praesent commodo cursus\n magna, vel scelerisque nisl consectetur et. Nullam quis risus eget urna\n mollis ornare vel eu leo.</p><p><br/>Donec id elit non mi porta gravida \nat eget metus. Vivamus sagittis lacus vel augue laoreet rutrum faucibus \ndolor auctor. Morbi leo risus, porta ac consectetur ac, vestibulum at \neros. Integer posuere erat a ante venenatis dapibus posuere velit \naliquet.</p><p><br/>Curabitur blandit tempus porttitor. Lorem ipsum dolor\n sit amet, consectetur adipiscing elit. Cum sociis natoque penatibus et \nmagnis dis parturient montes, nascetur ridiculus mus. Aenean lacinia \nbibendum nulla sed consectetur. Nullam quis risus eget urna mollis \nornare vel eu leo. Donec id elit non mi porta gravida at eget metus. \nPraesent commodo cursus magna, vel scelerisque nisl consectetur et.</p>",
    "feed_image": null,
    "intro": "<p>Vivamus sagittis lacus vel augue laoreet rutrum faucibus dolor auctor. \nNulla vitae elit libero, a pharetra augue. Donec id elit non mi porta \ngravida at eget metus. Nullam id dolor id nibh ultricies vehicula ut id \nelit. Lorem ipsum dolor sit amet, consectetur adipiscing elit.</p>",
    "subtitle": "This is our vision and mission"
  },
  "model": "pages.standardpage",
  "pk": 6
},
{
  "fields": {
    "body": "[{\"type\": \"faq_question\", \"value\": \"What is Wagtail cookiecutter Foundation?\"}, {\"type\": \"faq_answer\", \"value\": \"<p>A <a href=\\\"https://github.com/audreyr/cookiecutter\\\">cookiecutter</a> template for <a href=\\\"https://wagtail.io\\\">Wagtail CMS</a> featuring <a href=\\\"https://foundation.zurb.com\\\">Zurb Foundation</a> front-end\\nframework.</p>\"}, {\"type\": \"faq_question\", \"value\": \"What is included in Wagtail cookiecutter Foundation?\"}, {\"type\": \"faq_answer\", \"value\": \"<p>A comprehensive suite of apps to use for building your site.\\nWe take an approach similar to the <a href=\\\"https://github.com/torchbox/wagtaildemo\\\">Wagtail Demo Project</a> but we use a\\nmodular approach so that can pick and choose the functionality you want to include\\non you site. We provide individual modules for:</p>\\n\\n<ul><li>pages - Hompage, Standard Pages, People Page, Contact Page, etc.</li><li>blog - Blogging or site news</li><li>events - Event management</li><li>photo_gallery- To facilitate easy  management of photo galleries</li><li>utils - utility functions, templatetags and filters</li></ul>\\n\\n\"}]"
  },
  "model": "pages.faqspage",
  "pk": 14
},
{
  "fields": {
    "intro": "<p>Welcome to news section</p>"
  },
  "model": "blog.blogindexpage",
  "pk": 7
},
{
  "fields": {
    "body": "<p>Lorem ipsum dolor sit amet, consectetur adipiscing elit. Aenean ante \nurna, sagittis rhoncus orci sed, ullamcorper eleifend ipsum. Cras sit \namet metus a justo pharetra dignissim. Suspendisse convallis dictum \nmauris, quis pulvinar nisi rutrum vitae. Vivamus fringilla nulla ac \nsagittis ornare. Fusce ac purus sodales, posuere ex euismod, semper \nnibh. Nullam a eros nulla. Maecenas id felis feugiat risus tincidunt \nultricies. Suspendisse scelerisque erat vel sem posuere commodo.</p><p>Donec\n in mollis nisi. Sed ut neque sed dolor ultrices viverra eu quis orci. \nNullam at tortor nec eros egestas tristique ut nec augue. Vivamus sapien\n magna, gravida at maximus quis, gravida vel arcu. Mauris elementum sit \namet ex vehicula pulvinar. Suspendisse a tellus nec turpis semper \nfringilla. Etiam accumsan quis dui ut rhoncus. Pellentesque at augue in \ndiam congue tempus et quis ante. Quisque venenatis hendrerit felis id \nrhoncus. Nunc egestas felis ornare lorem molestie, in sodales nisl \nvestibulum. In hendrerit bibendum eros vehicula mattis. Donec porta \nvenenatis ante non interdum. Cras hendrerit et magna sed dignissim. \nInteger lorem ligula, pulvinar id ante in, faucibus elementum velit. \nVestibulum ante ipsum primis in faucibus orci luctus et ultrices posuere\n cubilia Curae;</p><p>Proin ipsum libero, ornare vitae felis tincidunt, \nsollicitudin dapibus elit. Aenean iaculis sollicitudin orci vitae \niaculis. Morbi ipsum sapien, egestas eget posuere quis, ultrices et \nlectus. Aenean laoreet porttitor mi, id mollis magna fringilla quis. \nNullam non quam sodales, tempor nibh in, ultricies massa. Nam dictum \nlectus ac mi lobortis, vel luctus sapien aliquam. Donec rhoncus eget \nante vel ornare.</p><p>Aliquam ut nisi nec turpis malesuada mattis et \npulvinar velit. In pellentesque venenatis ornare. Phasellus auctor \nturpis suscipit lectus mattis, eget malesuada nisl accumsan. Lorem ipsum\n dolor sit amet, consectetur adipiscing elit. Donec eu placerat erat. \nVivamus eget tempor erat. Praesent vehicula magna sit amet mi sodales \nviverra. Nam facilisis viverra eros ut cursus. Duis non vulputate arcu, \nsed rutrum nisl. Etiam sagittis mollis eleifend. Quisque eu leo at ex \naliquet rhoncus. Fusce nisi magna, commodo id posuere a, fringilla \ntempor sapien.</p><p>Mauris quis velit est. Cras vel enim purus. Sed ut \nvelit at diam pulvinar rhoncus. Mauris condimentum scelerisque ex, sed \nornare mauris dignissim in. Ut vel eleifend enim. Aenean efficitur velit\n velit, nec lacinia tortor pulvinar id. Ut volutpat finibus tristique. \nFusce at sodales urna. Sed sed mi posuere, laoreet quam at, aliquam \nmassa. Aliquam vel sem quis eros consequat vehicula non ac dui.</p>",
    "date": "2015-08-07",
    "intro": "<p>This is our first story.</p>",
    "feed_image": 2
  },
  "model": "blog.blogpage",
  "pk": 8
},
{
  "fields": {
    "body": "<h2>Happy birthday Django!</h2><p>Time to celebrate! <a href=\"https://www.djangoproject.com/\">Django</a> is turning 10 years old this July. We're throwing a birthday party for it in the town where it was created.</p><p>We'll\n post more details as we lock down plans, but tickets are limited so we \nwanted to give as much notice as possible for those of you who will be \ntraveling long distances.</p>",
    "feed_image": null,
    "date_from": "2015-07-10",
    "time_from": "17:00:00",
    "audience": "public",
    "cost": "$90",
    "location": "Lawrence, KS",
    "date_to": "2015-07-12",
    "time_to": "18:00:00",
    "signup_link": "https://djangobirthday.com/"
  },
  "model": "events.eventpage",
  "pk": 9
},
{
  "fields": {
    "default_value": "",
    "field_type": "singleline",
    "required": true,
    "choices": "",
    "sort_order": 0,
    "help_text": "",
    "label": "Name",
    "page": 10
  },
  "model": "contact.contactformfield",
  "pk": 1
},
{
  "fields": {
    "default_value": "",
    "field_type": "email",
    "required": true,
    "choices": "",
    "sort_order": 1,
    "help_text": "",
    "label": "E-mail",
    "page": 10
  },
  "model": "contact.contactformfield",
  "pk": 2
},
{
  "fields": {
    "default_value": "",
    "field_type": "dropdown",
    "required": true,
    "choices": "Option 1, Option 2, Option 3",
    "sort_order": 2,
    "help_text": "",
    "label": "Why do you want to contact?",
    "page": 10
  },
  "model": "contact.contactformfield",
  "pk": 3
},
{
  "fields": {
    "default_value": "",
    "field_type": "multiline",
    "required": true,
    "choices": "",
    "sort_order": 3,
    "help_text": "",
    "label": "Message",
    "page": 10
  },
  "model": "contact.contactformfield",
  "pk": 4
},
{
  "fields": {
    "name_organization": "full/formatted name of the person or organisation",
    "city": "Town",
    "post_code": "tunapuna",
    "to_address": "",
    "from_address": "",
    "country": "Country",
    "telephone": "8675-309",
    "intro": "Contact Us",
    "address_1": "Apt",
    "address_2": "Street Address",
    "thank_you_text": "<p>Thanks for your interest</p>",
    "email": "example@example.com",
    "subject": ""
  },
  "model": "contact.contactpage",
  "pk": 10
},
{
  "fields": {
    "intro": "<h3>Welcome to Person Module</h3>",
    "subtitle": ""
  },
  "model": "people.personindexpage",
  "pk": 15
},
{
  "fields": {
    "content_object": 16,
    "tag": 5
  },
  "model": "people.personpagetag",
  "pk": 3
},
{
  "fields": {
    "content_object": 17,
    "tag": 5
  },
  "model": "people.personpagetag",
  "pk": 4
},
{
  "fields": {
    "name_organization": "",
    "city": "",
    "post_code": "",
    "country": "",
    "image": 9,
    "telephone": "",
    "intro": "<p>I am Person one.</p>",
    "role": null,
    "address_1": "",
    "address_2": "",
    "email": "",
    "biography": "<p>Lorem ipsum dolor sit amet, consectetur adipiscing elit. Donec in ante eget leo egestas pretium ut in dui. Nunc sit amet varius sem. Duis tempus vel mi eu laoreet. Phasellus eget nunc ante. Aenean suscipit ante in est fermentum, quis tincidunt mi aliquet. Donec aliquet diam egestas elementum rutrum. Suspendisse sit amet varius magna, a vulputate felis. Pellentesque eget mi augue. Proin ligula felis, semper ut augue at, dignissim venenatis arcu. Nulla facilisis laoreet imperdiet. Fusce velit eros, porta sed euismod a, malesuada vitae massa. Fusce dolor mi, fermentum sed ante vitae, convallis suscipit mi. Maecenas sed turpis vel augue.<br/></p>",
    "feed_image": null
  },
  "model": "people.personpage",
  "pk": 16
},
{
  "fields": {
    "name_organization": "",
    "city": "",
    "post_code": "",
    "country": "",
    "image": 2,
    "telephone": "",
    "intro": "<p>I am Person two.</p>",
    "role": null,
    "address_1": "",
    "address_2": "",
    "email": "",
    "biography": "<p>Lorem ipsum dolor sit amet, consectetur adipiscing elit. Nulla consequat et erat id interdum. Proin a urna augue. Ut imperdiet bibendum pulvinar. Sed gravida fermentum enim, nec mattis tellus dignissim ac. Duis metus libero, semper sit amet lorem eu, semper posuere risus. Pellentesque mattis finibus augue, sit amet condimentum erat. In eu pharetra ex, mattis finibus massa. In dapibus dolor dolor, id rhoncus ex dapibus vitae.</p><p>Fusce ac tellus sit amet elit sollicitudin hendrerit eget vitae dolor. Nulla efficitur, enim id vulputate commodo, est felis accumsan justo, quis dapibus orci metus quis est. Sed pellentesque dui vitae condimentum malesuada. Quisque elit urna, suscipit in pretium vitae, tristique id tellus. Integer.</p>",
    "feed_image": null
  },
  "model": "people.personpage",
  "pk": 17
},
{
  "fields": {
    "feed_image": null,
    "intro": "<p>Welcome to Gallery module</p>"
  },
  "model": "photo_gallery.galleryindexpage",
  "pk": 11
},
{
  "fields": {
    "content_object": 12,
    "tag": 2
  },
  "model": "photo_gallery.gallerypagetag",
  "pk": 1
},
{
  "fields": {
    "content_object": 12,
    "tag": 3
  },
  "model": "photo_gallery.gallerypagetag",
  "pk": 2
},
{
  "fields": {
    "content_object": 13,
    "tag": 1
  },
  "model": "photo_gallery.gallerypagetag",
  "pk": 5
},
{
  "fields": {
    "content_object": 13,
    "tag": 4
  },
  "model": "photo_gallery.gallerypagetag",
  "pk": 6
},
{
  "fields": {
    "feed_image": 8
  },
  "model": "photo_gallery.gallerypage",
  "pk": 12
},
{
  "fields": {
    "feed_image": 2
  },
  "model": "photo_gallery.gallerypage",
  "pk": 13
}
]
