[
{
  "fields": {
    "codename": "add_image",
    "name": "Can add image",
    "content_type": [
      "wagtailimages",
      "image"
    ]
  },
  "model": "auth.permission",
  "pk": 1
},
{
  "fields": {
    "codename": "change_image",
    "name": "Can change image",
    "content_type": [
      "wagtailimages",
      "image"
    ]
  },
  "model": "auth.permission",
  "pk": 2
},
{
  "fields": {
    "codename": "delete_image",
    "name": "Can delete image",
    "content_type": [
      "wagtailimages",
      "image"
    ]
  },
  "model": "auth.permission",
  "pk": 3
},
{
  "fields": {
    "codename": "add_document",
    "name": "Can add document",
    "content_type": [
      "wagtaildocs",
      "document"
    ]
  },
  "model": "auth.permission",
  "pk": 4
},
{
  "fields": {
    "codename": "change_document",
    "name": "Can change document",
    "content_type": [
      "wagtaildocs",
      "document"
    ]
  },
  "model": "auth.permission",
  "pk": 5
},
{
  "fields": {
    "codename": "delete_document",
    "name": "Can delete document",
    "content_type": [
      "wagtaildocs",
      "document"
    ]
  },
  "model": "auth.permission",
  "pk": 6
},
{
  "fields": {
    "codename": "access_admin",
    "name": "Can access Wagtail admin",
    "content_type": [
      "wagtailadmin",
      "admin"
    ]
  },
  "model": "auth.permission",
  "pk": 7
},
{
  "fields": {
    "codename": "add_logentry",
    "name": "Can add log entry",
    "content_type": [
      "admin",
      "logentry"
    ]
  },
  "model": "auth.permission",
  "pk": 8
},
{
  "fields": {
    "codename": "change_logentry",
    "name": "Can change log entry",
    "content_type": [
      "admin",
      "logentry"
    ]
  },
  "model": "auth.permission",
  "pk": 9
},
{
  "fields": {
    "codename": "delete_logentry",
    "name": "Can delete log entry",
    "content_type": [
      "admin",
      "logentry"
    ]
  },
  "model": "auth.permission",
  "pk": 10
},
{
  "fields": {
    "codename": "add_permission",
    "name": "Can add permission",
    "content_type": [
      "auth",
      "permission"
    ]
  },
  "model": "auth.permission",
  "pk": 11
},
{
  "fields": {
    "codename": "change_permission",
    "name": "Can change permission",
    "content_type": [
      "auth",
      "permission"
    ]
  },
  "model": "auth.permission",
  "pk": 12
},
{
  "fields": {
    "codename": "delete_permission",
    "name": "Can delete permission",
    "content_type": [
      "auth",
      "permission"
    ]
  },
  "model": "auth.permission",
  "pk": 13
},
{
  "fields": {
    "codename": "add_group",
    "name": "Can add group",
    "content_type": [
      "auth",
      "group"
    ]
  },
  "model": "auth.permission",
  "pk": 14
},
{
  "fields": {
    "codename": "change_group",
    "name": "Can change group",
    "content_type": [
      "auth",
      "group"
    ]
  },
  "model": "auth.permission",
  "pk": 15
},
{
  "fields": {
    "codename": "delete_group",
    "name": "Can delete group",
    "content_type": [
      "auth",
      "group"
    ]
  },
  "model": "auth.permission",
  "pk": 16
},
{
  "fields": {
    "codename": "add_user",
    "name": "Can add user",
    "content_type": [
      "auth",
      "user"
    ]
  },
  "model": "auth.permission",
  "pk": 17
},
{
  "fields": {
    "codename": "change_user",
    "name": "Can change user",
    "content_type": [
      "auth",
      "user"
    ]
  },
  "model": "auth.permission",
  "pk": 18
},
{
  "fields": {
    "codename": "delete_user",
    "name": "Can delete user",
    "content_type": [
      "auth",
      "user"
    ]
  },
  "model": "auth.permission",
  "pk": 19
},
{
  "fields": {
    "codename": "add_contenttype",
    "name": "Can add content type",
    "content_type": [
      "contenttypes",
      "contenttype"
    ]
  },
  "model": "auth.permission",
  "pk": 20
},
{
  "fields": {
    "codename": "change_contenttype",
    "name": "Can change content type",
    "content_type": [
      "contenttypes",
      "contenttype"
    ]
  },
  "model": "auth.permission",
  "pk": 21
},
{
  "fields": {
    "codename": "delete_contenttype",
    "name": "Can delete content type",
    "content_type": [
      "contenttypes",
      "contenttype"
    ]
  },
  "model": "auth.permission",
  "pk": 22
},
{
  "fields": {
    "codename": "add_session",
    "name": "Can add session",
    "content_type": [
      "sessions",
      "session"
    ]
  },
  "model": "auth.permission",
  "pk": 23
},
{
  "fields": {
    "codename": "change_session",
    "name": "Can change session",
    "content_type": [
      "sessions",
      "session"
    ]
  },
  "model": "auth.permission",
  "pk": 24
},
{
  "fields": {
    "codename": "delete_session",
    "name": "Can delete session",
    "content_type": [
      "sessions",
      "session"
    ]
  },
  "model": "auth.permission",
  "pk": 25
},
{
  "fields": {
    "codename": "add_tag",
    "name": "Can add Tag",
    "content_type": [
      "taggit",
      "tag"
    ]
  },
  "model": "auth.permission",
  "pk": 26
},
{
  "fields": {
    "codename": "change_tag",
    "name": "Can change Tag",
    "content_type": [
      "taggit",
      "tag"
    ]
  },
  "model": "auth.permission",
  "pk": 27
},
{
  "fields": {
    "codename": "delete_tag",
    "name": "Can delete Tag",
    "content_type": [
      "taggit",
      "tag"
    ]
  },
  "model": "auth.permission",
  "pk": 28
},
{
  "fields": {
    "codename": "add_taggeditem",
    "name": "Can add Tagged Item",
    "content_type": [
      "taggit",
      "taggeditem"
    ]
  },
  "model": "auth.permission",
  "pk": 29
},
{
  "fields": {
    "codename": "change_taggeditem",
    "name": "Can change Tagged Item",
    "content_type": [
      "taggit",
      "taggeditem"
    ]
  },
  "model": "auth.permission",
  "pk": 30
},
{
  "fields": {
    "codename": "delete_taggeditem",
    "name": "Can delete Tagged Item",
    "content_type": [
      "taggit",
      "taggeditem"
    ]
  },
  "model": "auth.permission",
  "pk": 31
},
{
  "fields": {
    "codename": "add_searchpromotion",
    "name": "Can add Search promotion",
    "content_type": [
      "wagtailsearchpromotions",
      "searchpromotion"
    ]
  },
  "model": "auth.permission",
  "pk": 32
},
{
  "fields": {
    "codename": "change_searchpromotion",
    "name": "Can change Search promotion",
    "content_type": [
      "wagtailsearchpromotions",
      "searchpromotion"
    ]
  },
  "model": "auth.permission",
  "pk": 33
},
{
  "fields": {
    "codename": "delete_searchpromotion",
    "name": "Can delete Search promotion",
    "content_type": [
      "wagtailsearchpromotions",
      "searchpromotion"
    ]
  },
  "model": "auth.permission",
  "pk": 34
},
{
  "fields": {
    "codename": "add_formsubmission",
    "name": "Can add Form Submission",
    "content_type": [
      "wagtailforms",
      "formsubmission"
    ]
  },
  "model": "auth.permission",
  "pk": 35
},
{
  "fields": {
    "codename": "change_formsubmission",
    "name": "Can change Form Submission",
    "content_type": [
      "wagtailforms",
      "formsubmission"
    ]
  },
  "model": "auth.permission",
  "pk": 36
},
{
  "fields": {
    "codename": "delete_formsubmission",
    "name": "Can delete Form Submission",
    "content_type": [
      "wagtailforms",
      "formsubmission"
    ]
  },
  "model": "auth.permission",
  "pk": 37
},
{
  "fields": {
    "codename": "add_redirect",
    "name": "Can add Redirect",
    "content_type": [
      "wagtailredirects",
      "redirect"
    ]
  },
  "model": "auth.permission",
  "pk": 38
},
{
  "fields": {
    "codename": "change_redirect",
    "name": "Can change Redirect",
    "content_type": [
      "wagtailredirects",
      "redirect"
    ]
  },
  "model": "auth.permission",
  "pk": 39
},
{
  "fields": {
    "codename": "delete_redirect",
    "name": "Can delete Redirect",
    "content_type": [
      "wagtailredirects",
      "redirect"
    ]
  },
  "model": "auth.permission",
  "pk": 40
},
{
  "fields": {
    "codename": "add_embed",
    "name": "Can add Embed",
    "content_type": [
      "wagtailembeds",
      "embed"
    ]
  },
  "model": "auth.permission",
  "pk": 41
},
{
  "fields": {
    "codename": "change_embed",
    "name": "Can change Embed",
    "content_type": [
      "wagtailembeds",
      "embed"
    ]
  },
  "model": "auth.permission",
  "pk": 42
},
{
  "fields": {
    "codename": "delete_embed",
    "name": "Can delete Embed",
    "content_type": [
      "wagtailembeds",
      "embed"
    ]
  },
  "model": "auth.permission",
  "pk": 43
},
{
  "fields": {
    "codename": "add_userprofile",
    "name": "Can add User Profile",
    "content_type": [
      "wagtailusers",
      "userprofile"
    ]
  },
  "model": "auth.permission",
  "pk": 44
},
{
  "fields": {
    "codename": "change_userprofile",
    "name": "Can change User Profile",
    "content_type": [
      "wagtailusers",
      "userprofile"
    ]
  },
  "model": "auth.permission",
  "pk": 45
},
{
  "fields": {
    "codename": "delete_userprofile",
    "name": "Can delete User Profile",
    "content_type": [
      "wagtailusers",
      "userprofile"
    ]
  },
  "model": "auth.permission",
  "pk": 46
},
{
  "fields": {
    "codename": "add_filter",
    "name": "Can add filter",
    "content_type": [
      "wagtailimages",
      "filter"
    ]
  },
  "model": "auth.permission",
  "pk": 47
},
{
  "fields": {
    "codename": "change_filter",
    "name": "Can change filter",
    "content_type": [
      "wagtailimages",
      "filter"
    ]
  },
  "model": "auth.permission",
  "pk": 48
},
{
  "fields": {
    "codename": "delete_filter",
    "name": "Can delete filter",
    "content_type": [
      "wagtailimages",
      "filter"
    ]
  },
  "model": "auth.permission",
  "pk": 49
},
{
  "fields": {
    "codename": "add_rendition",
    "name": "Can add rendition",
    "content_type": [
      "wagtailimages",
      "rendition"
    ]
  },
  "model": "auth.permission",
  "pk": 50
},
{
  "fields": {
    "codename": "change_rendition",
    "name": "Can change rendition",
    "content_type": [
      "wagtailimages",
      "rendition"
    ]
  },
  "model": "auth.permission",
  "pk": 51
},
{
  "fields": {
    "codename": "delete_rendition",
    "name": "Can delete rendition",
    "content_type": [
      "wagtailimages",
      "rendition"
    ]
  },
  "model": "auth.permission",
  "pk": 52
},
{
  "fields": {
    "codename": "add_query",
    "name": "Can add query",
    "content_type": [
      "wagtailsearch",
      "query"
    ]
  },
  "model": "auth.permission",
  "pk": 53
},
{
  "fields": {
    "codename": "change_query",
    "name": "Can change query",
    "content_type": [
      "wagtailsearch",
      "query"
    ]
  },
  "model": "auth.permission",
  "pk": 54
},
{
  "fields": {
    "codename": "delete_query",
    "name": "Can delete query",
    "content_type": [
      "wagtailsearch",
      "query"
    ]
  },
  "model": "auth.permission",
  "pk": 55
},
{
  "fields": {
    "codename": "add_querydailyhits",
    "name": "Can add Query Daily Hits",
    "content_type": [
      "wagtailsearch",
      "querydailyhits"
    ]
  },
  "model": "auth.permission",
  "pk": 56
},
{
  "fields": {
    "codename": "change_querydailyhits",
    "name": "Can change Query Daily Hits",
    "content_type": [
      "wagtailsearch",
      "querydailyhits"
    ]
  },
  "model": "auth.permission",
  "pk": 57
},
{
  "fields": {
    "codename": "delete_querydailyhits",
    "name": "Can delete Query Daily Hits",
    "content_type": [
      "wagtailsearch",
      "querydailyhits"
    ]
  },
  "model": "auth.permission",
  "pk": 58
},
{
  "fields": {
    "codename": "add_site",
    "name": "Can add site",
    "content_type": [
      "wagtailcore",
      "site"
    ]
  },
  "model": "auth.permission",
  "pk": 59
},
{
  "fields": {
    "codename": "change_site",
    "name": "Can change site",
    "content_type": [
      "wagtailcore",
      "site"
    ]
  },
  "model": "auth.permission",
  "pk": 60
},
{
  "fields": {
    "codename": "delete_site",
    "name": "Can delete site",
    "content_type": [
      "wagtailcore",
      "site"
    ]
  },
  "model": "auth.permission",
  "pk": 61
},
{
  "fields": {
    "codename": "add_page",
    "name": "Can add page",
    "content_type": [
      "wagtailcore",
      "page"
    ]
  },
  "model": "auth.permission",
  "pk": 62
},
{
  "fields": {
    "codename": "change_page",
    "name": "Can change page",
    "content_type": [
      "wagtailcore",
      "page"
    ]
  },
  "model": "auth.permission",
  "pk": 63
},
{
  "fields": {
    "codename": "delete_page",
    "name": "Can delete page",
    "content_type": [
      "wagtailcore",
      "page"
    ]
  },
  "model": "auth.permission",
  "pk": 64
},
{
  "fields": {
    "codename": "add_pagerevision",
    "name": "Can add page revision",
    "content_type": [
      "wagtailcore",
      "pagerevision"
    ]
  },
  "model": "auth.permission",
  "pk": 65
},
{
  "fields": {
    "codename": "change_pagerevision",
    "name": "Can change page revision",
    "content_type": [
      "wagtailcore",
      "pagerevision"
    ]
  },
  "model": "auth.permission",
  "pk": 66
},
{
  "fields": {
    "codename": "delete_pagerevision",
    "name": "Can delete page revision",
    "content_type": [
      "wagtailcore",
      "pagerevision"
    ]
  },
  "model": "auth.permission",
  "pk": 67
},
{
  "fields": {
    "codename": "add_grouppagepermission",
    "name": "Can add group page permission",
    "content_type": [
      "wagtailcore",
      "grouppagepermission"
    ]
  },
  "model": "auth.permission",
  "pk": 68
},
{
  "fields": {
    "codename": "change_grouppagepermission",
    "name": "Can change group page permission",
    "content_type": [
      "wagtailcore",
      "grouppagepermission"
    ]
  },
  "model": "auth.permission",
  "pk": 69
},
{
  "fields": {
    "codename": "delete_grouppagepermission",
    "name": "Can delete group page permission",
    "content_type": [
      "wagtailcore",
      "grouppagepermission"
    ]
  },
  "model": "auth.permission",
  "pk": 70
},
{
  "fields": {
    "codename": "add_pageviewrestriction",
    "name": "Can add page view restriction",
    "content_type": [
      "wagtailcore",
      "pageviewrestriction"
    ]
  },
  "model": "auth.permission",
  "pk": 71
},
{
  "fields": {
    "codename": "change_pageviewrestriction",
    "name": "Can change page view restriction",
    "content_type": [
      "wagtailcore",
      "pageviewrestriction"
    ]
  },
  "model": "auth.permission",
  "pk": 72
},
{
  "fields": {
    "codename": "delete_pageviewrestriction",
    "name": "Can delete page view restriction",
    "content_type": [
      "wagtailcore",
      "pageviewrestriction"
    ]
  },
  "model": "auth.permission",
  "pk": 73
},
{
  "fields": {
    "codename": "add_homepagecontentitem",
    "name": "Can add home page content item",
    "content_type": [
      "pages",
      "homepagecontentitem"
    ]
  },
  "model": "auth.permission",
  "pk": 74
},
{
  "fields": {
    "codename": "change_homepagecontentitem",
    "name": "Can change home page content item",
    "content_type": [
      "pages",
      "homepagecontentitem"
    ]
  },
  "model": "auth.permission",
  "pk": 75
},
{
  "fields": {
    "codename": "delete_homepagecontentitem",
    "name": "Can delete home page content item",
    "content_type": [
      "pages",
      "homepagecontentitem"
    ]
  },
  "model": "auth.permission",
  "pk": 76
},
{
  "fields": {
    "codename": "add_homepagecarouselitem",
    "name": "Can add home page carousel item",
    "content_type": [
      "pages",
      "homepagecarouselitem"
    ]
  },
  "model": "auth.permission",
  "pk": 77
},
{
  "fields": {
    "codename": "change_homepagecarouselitem",
    "name": "Can change home page carousel item",
    "content_type": [
      "pages",
      "homepagecarouselitem"
    ]
  },
  "model": "auth.permission",
  "pk": 78
},
{
  "fields": {
    "codename": "delete_homepagecarouselitem",
    "name": "Can delete home page carousel item",
    "content_type": [
      "pages",
      "homepagecarouselitem"
    ]
  },
  "model": "auth.permission",
  "pk": 79
},
{
  "fields": {
    "codename": "add_homepagerelatedlink",
    "name": "Can add home page related link",
    "content_type": [
      "pages",
      "homepagerelatedlink"
    ]
  },
  "model": "auth.permission",
  "pk": 80
},
{
  "fields": {
    "codename": "change_homepagerelatedlink",
    "name": "Can change home page related link",
    "content_type": [
      "pages",
      "homepagerelatedlink"
    ]
  },
  "model": "auth.permission",
  "pk": 81
},
{
  "fields": {
    "codename": "delete_homepagerelatedlink",
    "name": "Can delete home page related link",
    "content_type": [
      "pages",
      "homepagerelatedlink"
    ]
  },
  "model": "auth.permission",
  "pk": 82
},
{
  "fields": {
    "codename": "add_homepage",
    "name": "Can add Homepage",
    "content_type": [
      "pages",
      "homepage"
    ]
  },
  "model": "auth.permission",
  "pk": 83
},
{
  "fields": {
    "codename": "change_homepage",
    "name": "Can change Homepage",
    "content_type": [
      "pages",
      "homepage"
    ]
  },
  "model": "auth.permission",
  "pk": 84
},
{
  "fields": {
    "codename": "delete_homepage",
    "name": "Can delete Homepage",
    "content_type": [
      "pages",
      "homepage"
    ]
  },
  "model": "auth.permission",
  "pk": 85
},
{
  "fields": {
    "codename": "add_standardindexpagerelatedlink",
    "name": "Can add standard index page related link",
    "content_type": [
      "pages",
      "standardindexpagerelatedlink"
    ]
  },
  "model": "auth.permission",
  "pk": 86
},
{
  "fields": {
    "codename": "change_standardindexpagerelatedlink",
    "name": "Can change standard index page related link",
    "content_type": [
      "pages",
      "standardindexpagerelatedlink"
    ]
  },
  "model": "auth.permission",
  "pk": 87
},
{
  "fields": {
    "codename": "delete_standardindexpagerelatedlink",
    "name": "Can delete standard index page related link",
    "content_type": [
      "pages",
      "standardindexpagerelatedlink"
    ]
  },
  "model": "auth.permission",
  "pk": 88
},
{
  "fields": {
    "codename": "add_standardindexpage",
    "name": "Can add standard index page",
    "content_type": [
      "pages",
      "standardindexpage"
    ]
  },
  "model": "auth.permission",
  "pk": 89
},
{
  "fields": {
    "codename": "change_standardindexpage",
    "name": "Can change standard index page",
    "content_type": [
      "pages",
      "standardindexpage"
    ]
  },
  "model": "auth.permission",
  "pk": 90
},
{
  "fields": {
    "codename": "delete_standardindexpage",
    "name": "Can delete standard index page",
    "content_type": [
      "pages",
      "standardindexpage"
    ]
  },
  "model": "auth.permission",
  "pk": 91
},
{
  "fields": {
    "codename": "add_standardpagecarouselitem",
    "name": "Can add standard page carousel item",
    "content_type": [
      "pages",
      "standardpagecarouselitem"
    ]
  },
  "model": "auth.permission",
  "pk": 92
},
{
  "fields": {
    "codename": "change_standardpagecarouselitem",
    "name": "Can change standard page carousel item",
    "content_type": [
      "pages",
      "standardpagecarouselitem"
    ]
  },
  "model": "auth.permission",
  "pk": 93
},
{
  "fields": {
    "codename": "delete_standardpagecarouselitem",
    "name": "Can delete standard page carousel item",
    "content_type": [
      "pages",
      "standardpagecarouselitem"
    ]
  },
  "model": "auth.permission",
  "pk": 94
},
{
  "fields": {
    "codename": "add_standardpagerelatedlink",
    "name": "Can add standard page related link",
    "content_type": [
      "pages",
      "standardpagerelatedlink"
    ]
  },
  "model": "auth.permission",
  "pk": 95
},
{
  "fields": {
    "codename": "change_standardpagerelatedlink",
    "name": "Can change standard page related link",
    "content_type": [
      "pages",
      "standardpagerelatedlink"
    ]
  },
  "model": "auth.permission",
  "pk": 96
},
{
  "fields": {
    "codename": "delete_standardpagerelatedlink",
    "name": "Can delete standard page related link",
    "content_type": [
      "pages",
      "standardpagerelatedlink"
    ]
  },
  "model": "auth.permission",
  "pk": 97
},
{
  "fields": {
    "codename": "add_standardpage",
    "name": "Can add standard page",
    "content_type": [
      "pages",
      "standardpage"
    ]
  },
  "model": "auth.permission",
  "pk": 98
},
{
  "fields": {
    "codename": "change_standardpage",
    "name": "Can change standard page",
    "content_type": [
      "pages",
      "standardpage"
    ]
  },
  "model": "auth.permission",
  "pk": 99
},
{
  "fields": {
    "codename": "delete_standardpage",
    "name": "Can delete standard page",
    "content_type": [
      "pages",
      "standardpage"
    ]
  },
  "model": "auth.permission",
  "pk": 100
},
{
  "fields": {
    "codename": "add_contentblock",
    "name": "Can add content block",
    "content_type": [
      "pages",
      "contentblock"
    ]
  },
  "model": "auth.permission",
  "pk": 101
},
{
  "fields": {
    "codename": "change_contentblock",
    "name": "Can change content block",
    "content_type": [
      "pages",
      "contentblock"
    ]
  },
  "model": "auth.permission",
  "pk": 102
},
{
  "fields": {
    "codename": "delete_contentblock",
    "name": "Can delete content block",
    "content_type": [
      "pages",
      "contentblock"
    ]
  },
  "model": "auth.permission",
  "pk": 103
},
{
  "fields": {
    "codename": "add_testimonial",
    "name": "Can add testimonial",
    "content_type": [
      "pages",
      "testimonial"
    ]
  },
  "model": "auth.permission",
  "pk": 104
},
{
  "fields": {
    "codename": "change_testimonial",
    "name": "Can change testimonial",
    "content_type": [
      "pages",
      "testimonial"
    ]
  },
  "model": "auth.permission",
  "pk": 105
},
{
  "fields": {
    "codename": "delete_testimonial",
    "name": "Can delete testimonial",
    "content_type": [
      "pages",
      "testimonial"
    ]
  },
  "model": "auth.permission",
  "pk": 106
},
{
  "fields": {
    "codename": "add_advert",
    "name": "Can add advert",
    "content_type": [
      "pages",
      "advert"
    ]
  },
  "model": "auth.permission",
  "pk": 107
},
{
  "fields": {
    "codename": "change_advert",
    "name": "Can change advert",
    "content_type": [
      "pages",
      "advert"
    ]
  },
  "model": "auth.permission",
  "pk": 108
},
{
  "fields": {
    "codename": "delete_advert",
    "name": "Can delete advert",
    "content_type": [
      "pages",
      "advert"
    ]
  },
  "model": "auth.permission",
  "pk": 109
},
{
  "fields": {
    "codename": "add_faqspage",
    "name": "Can add faqs page",
    "content_type": [
      "pages",
      "faqspage"
    ]
  },
  "model": "auth.permission",
  "pk": 110
},
{
  "fields": {
    "codename": "change_faqspage",
    "name": "Can change faqs page",
    "content_type": [
      "pages",
      "faqspage"
    ]
  },
  "model": "auth.permission",
  "pk": 111
},
{
  "fields": {
    "codename": "delete_faqspage",
    "name": "Can delete faqs page",
    "content_type": [
      "pages",
      "faqspage"
    ]
  },
  "model": "auth.permission",
  "pk": 112
},
{
  "fields": {
    "codename": "add_blogindexpagerelatedlink",
    "name": "Can add blog index page related link",
    "content_type": [
      "blog",
      "blogindexpagerelatedlink"
    ]
  },
  "model": "auth.permission",
  "pk": 113
},
{
  "fields": {
    "codename": "change_blogindexpagerelatedlink",
    "name": "Can change blog index page related link",
    "content_type": [
      "blog",
      "blogindexpagerelatedlink"
    ]
  },
  "model": "auth.permission",
  "pk": 114
},
{
  "fields": {
    "codename": "delete_blogindexpagerelatedlink",
    "name": "Can delete blog index page related link",
    "content_type": [
      "blog",
      "blogindexpagerelatedlink"
    ]
  },
  "model": "auth.permission",
  "pk": 115
},
{
  "fields": {
    "codename": "add_blogindexpage",
    "name": "Can add blog index page",
    "content_type": [
      "blog",
      "blogindexpage"
    ]
  },
  "model": "auth.permission",
  "pk": 116
},
{
  "fields": {
    "codename": "change_blogindexpage",
    "name": "Can change blog index page",
    "content_type": [
      "blog",
      "blogindexpage"
    ]
  },
  "model": "auth.permission",
  "pk": 117
},
{
  "fields": {
    "codename": "delete_blogindexpage",
    "name": "Can delete blog index page",
    "content_type": [
      "blog",
      "blogindexpage"
    ]
  },
  "model": "auth.permission",
  "pk": 118
},
{
  "fields": {
    "codename": "add_blogpagecarouselitem",
    "name": "Can add blog page carousel item",
    "content_type": [
      "blog",
      "blogpagecarouselitem"
    ]
  },
  "model": "auth.permission",
  "pk": 119
},
{
  "fields": {
    "codename": "change_blogpagecarouselitem",
    "name": "Can change blog page carousel item",
    "content_type": [
      "blog",
      "blogpagecarouselitem"
    ]
  },
  "model": "auth.permission",
  "pk": 120
},
{
  "fields": {
    "codename": "delete_blogpagecarouselitem",
    "name": "Can delete blog page carousel item",
    "content_type": [
      "blog",
      "blogpagecarouselitem"
    ]
  },
  "model": "auth.permission",
  "pk": 121
},
{
  "fields": {
    "codename": "add_blogpagerelatedlink",
    "name": "Can add blog page related link",
    "content_type": [
      "blog",
      "blogpagerelatedlink"
    ]
  },
  "model": "auth.permission",
  "pk": 122
},
{
  "fields": {
    "codename": "change_blogpagerelatedlink",
    "name": "Can change blog page related link",
    "content_type": [
      "blog",
      "blogpagerelatedlink"
    ]
  },
  "model": "auth.permission",
  "pk": 123
},
{
  "fields": {
    "codename": "delete_blogpagerelatedlink",
    "name": "Can delete blog page related link",
    "content_type": [
      "blog",
      "blogpagerelatedlink"
    ]
  },
  "model": "auth.permission",
  "pk": 124
},
{
  "fields": {
    "codename": "add_blogpagetag",
    "name": "Can add blog page tag",
    "content_type": [
      "blog",
      "blogpagetag"
    ]
  },
  "model": "auth.permission",
  "pk": 125
},
{
  "fields": {
    "codename": "change_blogpagetag",
    "name": "Can change blog page tag",
    "content_type": [
      "blog",
      "blogpagetag"
    ]
  },
  "model": "auth.permission",
  "pk": 126
},
{
  "fields": {
    "codename": "delete_blogpagetag",
    "name": "Can delete blog page tag",
    "content_type": [
      "blog",
      "blogpagetag"
    ]
  },
  "model": "auth.permission",
  "pk": 127
},
{
  "fields": {
    "codename": "add_blogpage",
    "name": "Can add blog page",
    "content_type": [
      "blog",
      "blogpage"
    ]
  },
  "model": "auth.permission",
  "pk": 128
},
{
  "fields": {
    "codename": "change_blogpage",
    "name": "Can change blog page",
    "content_type": [
      "blog",
      "blogpage"
    ]
  },
  "model": "auth.permission",
  "pk": 129
},
{
  "fields": {
    "codename": "delete_blogpage",
    "name": "Can delete blog page",
    "content_type": [
      "blog",
      "blogpage"
    ]
  },
  "model": "auth.permission",
  "pk": 130
},
{
  "fields": {
    "codename": "add_eventindexpagerelatedlink",
    "name": "Can add event index page related link",
    "content_type": [
      "events",
      "eventindexpagerelatedlink"
    ]
  },
  "model": "auth.permission",
  "pk": 131
},
{
  "fields": {
    "codename": "change_eventindexpagerelatedlink",
    "name": "Can change event index page related link",
    "content_type": [
      "events",
      "eventindexpagerelatedlink"
    ]
  },
  "model": "auth.permission",
  "pk": 132
},
{
  "fields": {
    "codename": "delete_eventindexpagerelatedlink",
    "name": "Can delete event index page related link",
    "content_type": [
      "events",
      "eventindexpagerelatedlink"
    ]
  },
  "model": "auth.permission",
  "pk": 133
},
{
  "fields": {
    "codename": "add_eventindexpage",
    "name": "Can add event index page",
    "content_type": [
      "events",
      "eventindexpage"
    ]
  },
  "model": "auth.permission",
  "pk": 134
},
{
  "fields": {
    "codename": "change_eventindexpage",
    "name": "Can change event index page",
    "content_type": [
      "events",
      "eventindexpage"
    ]
  },
  "model": "auth.permission",
  "pk": 135
},
{
  "fields": {
    "codename": "delete_eventindexpage",
    "name": "Can delete event index page",
    "content_type": [
      "events",
      "eventindexpage"
    ]
  },
  "model": "auth.permission",
  "pk": 136
},
{
  "fields": {
    "codename": "add_eventpagecarouselitem",
    "name": "Can add event page carousel item",
    "content_type": [
      "events",
      "eventpagecarouselitem"
    ]
  },
  "model": "auth.permission",
  "pk": 137
},
{
  "fields": {
    "codename": "change_eventpagecarouselitem",
    "name": "Can change event page carousel item",
    "content_type": [
      "events",
      "eventpagecarouselitem"
    ]
  },
  "model": "auth.permission",
  "pk": 138
},
{
  "fields": {
    "codename": "delete_eventpagecarouselitem",
    "name": "Can delete event page carousel item",
    "content_type": [
      "events",
      "eventpagecarouselitem"
    ]
  },
  "model": "auth.permission",
  "pk": 139
},
{
  "fields": {
    "codename": "add_eventpagerelatedlink",
    "name": "Can add event page related link",
    "content_type": [
      "events",
      "eventpagerelatedlink"
    ]
  },
  "model": "auth.permission",
  "pk": 140
},
{
  "fields": {
    "codename": "change_eventpagerelatedlink",
    "name": "Can change event page related link",
    "content_type": [
      "events",
      "eventpagerelatedlink"
    ]
  },
  "model": "auth.permission",
  "pk": 141
},
{
  "fields": {
    "codename": "delete_eventpagerelatedlink",
    "name": "Can delete event page related link",
    "content_type": [
      "events",
      "eventpagerelatedlink"
    ]
  },
  "model": "auth.permission",
  "pk": 142
},
{
  "fields": {
    "codename": "add_eventpagespeaker",
    "name": "Can add event page speaker",
    "content_type": [
      "events",
      "eventpagespeaker"
    ]
  },
  "model": "auth.permission",
  "pk": 143
},
{
  "fields": {
    "codename": "change_eventpagespeaker",
    "name": "Can change event page speaker",
    "content_type": [
      "events",
      "eventpagespeaker"
    ]
  },
  "model": "auth.permission",
  "pk": 144
},
{
  "fields": {
    "codename": "delete_eventpagespeaker",
    "name": "Can delete event page speaker",
    "content_type": [
      "events",
      "eventpagespeaker"
    ]
  },
  "model": "auth.permission",
  "pk": 145
},
{
  "fields": {
    "codename": "add_eventpage",
    "name": "Can add event page",
    "content_type": [
      "events",
      "eventpage"
    ]
  },
  "model": "auth.permission",
  "pk": 146
},
{
  "fields": {
    "codename": "change_eventpage",
    "name": "Can change event page",
    "content_type": [
      "events",
      "eventpage"
    ]
  },
  "model": "auth.permission",
  "pk": 147
},
{
  "fields": {
    "codename": "delete_eventpage",
    "name": "Can delete event page",
    "content_type": [
      "events",
      "eventpage"
    ]
  },
  "model": "auth.permission",
  "pk": 148
},
{
  "fields": {
    "codename": "add_formfield",
    "name": "Can add form field",
    "content_type": [
      "contact",
      "formfield"
    ]
  },
  "model": "auth.permission",
  "pk": 149
},
{
  "fields": {
    "codename": "change_formfield",
    "name": "Can change form field",
    "content_type": [
      "contact",
      "formfield"
    ]
  },
  "model": "auth.permission",
  "pk": 150
},
{
  "fields": {
    "codename": "delete_formfield",
    "name": "Can delete form field",
    "content_type": [
      "contact",
      "formfield"
    ]
  },
  "model": "auth.permission",
  "pk": 151
},
{
  "fields": {
    "codename": "add_formpage",
    "name": "Can add form page",
    "content_type": [
      "contact",
      "formpage"
    ]
  },
  "model": "auth.permission",
  "pk": 152
},
{
  "fields": {
    "codename": "change_formpage",
    "name": "Can change form page",
    "content_type": [
      "contact",
      "formpage"
    ]
  },
  "model": "auth.permission",
  "pk": 153
},
{
  "fields": {
    "codename": "delete_formpage",
    "name": "Can delete form page",
    "content_type": [
      "contact",
      "formpage"
    ]
  },
  "model": "auth.permission",
  "pk": 154
},
{
  "fields": {
    "codename": "add_contactformfield",
    "name": "Can add contact form field",
    "content_type": [
      "contact",
      "contactformfield"
    ]
  },
  "model": "auth.permission",
  "pk": 155
},
{
  "fields": {
    "codename": "change_contactformfield",
    "name": "Can change contact form field",
    "content_type": [
      "contact",
      "contactformfield"
    ]
  },
  "model": "auth.permission",
  "pk": 156
},
{
  "fields": {
    "codename": "delete_contactformfield",
    "name": "Can delete contact form field",
    "content_type": [
      "contact",
      "contactformfield"
    ]
  },
  "model": "auth.permission",
  "pk": 157
},
{
  "fields": {
    "codename": "add_contactpage",
    "name": "Can add contact page",
    "content_type": [
      "contact",
      "contactpage"
    ]
  },
  "model": "auth.permission",
  "pk": 158
},
{
  "fields": {
    "codename": "change_contactpage",
    "name": "Can change contact page",
    "content_type": [
      "contact",
      "contactpage"
    ]
  },
  "model": "auth.permission",
  "pk": 159
},
{
  "fields": {
    "codename": "delete_contactpage",
    "name": "Can delete contact page",
    "content_type": [
      "contact",
      "contactpage"
    ]
  },
  "model": "auth.permission",
  "pk": 160
},
{
  "fields": {
    "codename": "add_personindexpagerelatedlink",
    "name": "Can add person index page related link",
    "content_type": [
      "people",
      "personindexpagerelatedlink"
    ]
  },
  "model": "auth.permission",
  "pk": 161
},
{
  "fields": {
    "codename": "change_personindexpagerelatedlink",
    "name": "Can change person index page related link",
    "content_type": [
      "people",
      "personindexpagerelatedlink"
    ]
  },
  "model": "auth.permission",
  "pk": 162
},
{
  "fields": {
    "codename": "delete_personindexpagerelatedlink",
    "name": "Can delete person index page related link",
    "content_type": [
      "people",
      "personindexpagerelatedlink"
    ]
  },
  "model": "auth.permission",
  "pk": 163
},
{
  "fields": {
    "codename": "add_personindexpage",
    "name": "Can add person index page",
    "content_type": [
      "people",
      "personindexpage"
    ]
  },
  "model": "auth.permission",
  "pk": 164
},
{
  "fields": {
    "codename": "change_personindexpage",
    "name": "Can change person index page",
    "content_type": [
      "people",
      "personindexpage"
    ]
  },
  "model": "auth.permission",
  "pk": 165
},
{
  "fields": {
    "codename": "delete_personindexpage",
    "name": "Can delete person index page",
    "content_type": [
      "people",
      "personindexpage"
    ]
  },
  "model": "auth.permission",
  "pk": 166
},
{
  "fields": {
    "codename": "add_personpagerelatedlink",
    "name": "Can add person page related link",
    "content_type": [
      "people",
      "personpagerelatedlink"
    ]
  },
  "model": "auth.permission",
  "pk": 167
},
{
  "fields": {
    "codename": "change_personpagerelatedlink",
    "name": "Can change person page related link",
    "content_type": [
      "people",
      "personpagerelatedlink"
    ]
  },
  "model": "auth.permission",
  "pk": 168
},
{
  "fields": {
    "codename": "delete_personpagerelatedlink",
    "name": "Can delete person page related link",
    "content_type": [
      "people",
      "personpagerelatedlink"
    ]
  },
  "model": "auth.permission",
  "pk": 169
},
{
  "fields": {
    "codename": "add_personpagetag",
    "name": "Can add person page tag",
    "content_type": [
      "people",
      "personpagetag"
    ]
  },
  "model": "auth.permission",
  "pk": 170
},
{
  "fields": {
    "codename": "change_personpagetag",
    "name": "Can change person page tag",
    "content_type": [
      "people",
      "personpagetag"
    ]
  },
  "model": "auth.permission",
  "pk": 171
},
{
  "fields": {
    "codename": "delete_personpagetag",
    "name": "Can delete person page tag",
    "content_type": [
      "people",
      "personpagetag"
    ]
  },
  "model": "auth.permission",
  "pk": 172
},
{
  "fields": {
    "codename": "add_personrole",
    "name": "Can add person role",
    "content_type": [
      "people",
      "personrole"
    ]
  },
  "model": "auth.permission",
  "pk": 173
},
{
  "fields": {
    "codename": "change_personrole",
    "name": "Can change person role",
    "content_type": [
      "people",
      "personrole"
    ]
  },
  "model": "auth.permission",
  "pk": 174
},
{
  "fields": {
    "codename": "delete_personrole",
    "name": "Can delete person role",
    "content_type": [
      "people",
      "personrole"
    ]
  },
  "model": "auth.permission",
  "pk": 175
},
{
  "fields": {
    "codename": "add_personpage",
    "name": "Can add person page",
    "content_type": [
      "people",
      "personpage"
    ]
  },
  "model": "auth.permission",
  "pk": 176
},
{
  "fields": {
    "codename": "change_personpage",
    "name": "Can change person page",
    "content_type": [
      "people",
      "personpage"
    ]
  },
  "model": "auth.permission",
  "pk": 177
},
{
  "fields": {
    "codename": "delete_personpage",
    "name": "Can delete person page",
    "content_type": [
      "people",
      "personpage"
    ]
  },
  "model": "auth.permission",
  "pk": 178
},
{
  "fields": {
    "codename": "add_galleryindexpage",
    "name": "Can add Gallery Index Page",
    "content_type": [
      "photo_gallery",
      "galleryindexpage"
    ]
  },
  "model": "auth.permission",
  "pk": 179
},
{
  "fields": {
    "codename": "change_galleryindexpage",
    "name": "Can change Gallery Index Page",
    "content_type": [
      "photo_gallery",
      "galleryindexpage"
    ]
  },
  "model": "auth.permission",
  "pk": 180
},
{
  "fields": {
    "codename": "delete_galleryindexpage",
    "name": "Can delete Gallery Index Page",
    "content_type": [
      "photo_gallery",
      "galleryindexpage"
    ]
  },
  "model": "auth.permission",
  "pk": 181
},
{
  "fields": {
    "codename": "add_gallerypagetag",
    "name": "Can add gallery page tag",
    "content_type": [
      "photo_gallery",
      "gallerypagetag"
    ]
  },
  "model": "auth.permission",
  "pk": 182
},
{
  "fields": {
    "codename": "change_gallerypagetag",
    "name": "Can change gallery page tag",
    "content_type": [
      "photo_gallery",
      "gallerypagetag"
    ]
  },
  "model": "auth.permission",
  "pk": 183
},
{
  "fields": {
    "codename": "delete_gallerypagetag",
    "name": "Can delete gallery page tag",
    "content_type": [
      "photo_gallery",
      "gallerypagetag"
    ]
  },
  "model": "auth.permission",
  "pk": 184
},
{
  "fields": {
    "codename": "add_gallerypage",
    "name": "Can add Gallery Page",
    "content_type": [
      "photo_gallery",
      "gallerypage"
    ]
  },
  "model": "auth.permission",
  "pk": 185
},
{
  "fields": {
    "codename": "change_gallerypage",
    "name": "Can change Gallery Page",
    "content_type": [
      "photo_gallery",
      "gallerypage"
    ]
  },
  "model": "auth.permission",
  "pk": 186
},
{
  "fields": {
    "codename": "delete_gallerypage",
    "name": "Can delete Gallery Page",
    "content_type": [
      "photo_gallery",
      "gallerypage"
    ]
  },
  "model": "auth.permission",
  "pk": 187
},
{
  "fields": {
    "codename": "add_productindexpagerelatedlink",
    "name": "Can add product index page related link",
    "content_type": [
      "products",
      "productindexpagerelatedlink"
    ]
  },
  "model": "auth.permission",
  "pk": 188
},
{
  "fields": {
    "codename": "change_productindexpagerelatedlink",
    "name": "Can change product index page related link",
    "content_type": [
      "products",
      "productindexpagerelatedlink"
    ]
  },
  "model": "auth.permission",
  "pk": 189
},
{
  "fields": {
    "codename": "delete_productindexpagerelatedlink",
    "name": "Can delete product index page related link",
    "content_type": [
      "products",
      "productindexpagerelatedlink"
    ]
  },
  "model": "auth.permission",
  "pk": 190
},
{
  "fields": {
    "codename": "add_productindexpage",
    "name": "Can add product index page",
    "content_type": [
      "products",
      "productindexpage"
    ]
  },
  "model": "auth.permission",
  "pk": 191
},
{
  "fields": {
    "codename": "change_productindexpage",
    "name": "Can change product index page",
    "content_type": [
      "products",
      "productindexpage"
    ]
  },
  "model": "auth.permission",
  "pk": 192
},
{
  "fields": {
    "codename": "delete_productindexpage",
    "name": "Can delete product index page",
    "content_type": [
      "products",
      "productindexpage"
    ]
  },
  "model": "auth.permission",
  "pk": 193
},
{
  "fields": {
    "codename": "add_productpagerelatedlink",
    "name": "Can add product page related link",
    "content_type": [
      "products",
      "productpagerelatedlink"
    ]
  },
  "model": "auth.permission",
  "pk": 194
},
{
  "fields": {
    "codename": "change_productpagerelatedlink",
    "name": "Can change product page related link",
    "content_type": [
      "products",
      "productpagerelatedlink"
    ]
  },
  "model": "auth.permission",
  "pk": 195
},
{
  "fields": {
    "codename": "delete_productpagerelatedlink",
    "name": "Can delete product page related link",
    "content_type": [
      "products",
      "productpagerelatedlink"
    ]
  },
  "model": "auth.permission",
  "pk": 196
},
{
  "fields": {
    "codename": "add_productpagetag",
    "name": "Can add product page tag",
    "content_type": [
      "products",
      "productpagetag"
    ]
  },
  "model": "auth.permission",
  "pk": 197
},
{
  "fields": {
    "codename": "change_productpagetag",
    "name": "Can change product page tag",
    "content_type": [
      "products",
      "productpagetag"
    ]
  },
  "model": "auth.permission",
  "pk": 198
},
{
  "fields": {
    "codename": "delete_productpagetag",
    "name": "Can delete product page tag",
    "content_type": [
      "products",
      "productpagetag"
    ]
  },
  "model": "auth.permission",
  "pk": 199
},
{
  "fields": {
    "codename": "add_productpage",
    "name": "Can add product page",
    "content_type": [
      "products",
      "productpage"
    ]
  },
  "model": "auth.permission",
  "pk": 200
},
{
  "fields": {
    "codename": "change_productpage",
    "name": "Can change product page",
    "content_type": [
      "products",
      "productpage"
    ]
  },
  "model": "auth.permission",
  "pk": 201
},
{
  "fields": {
    "codename": "delete_productpage",
    "name": "Can delete product page",
    "content_type": [
      "products",
      "productpage"
    ]
  },
  "model": "auth.permission",
  "pk": 202
},
{
  "fields": {
    "codename": "add_documentsindexpage",
    "name": "Can add Documents Index Page",
    "content_type": [
      "documents_gallery",
      "documentsindexpage"
    ]
  },
  "model": "auth.permission",
  "pk": 203
},
{
  "fields": {
    "codename": "change_documentsindexpage",
    "name": "Can change Documents Index Page",
    "content_type": [
      "documents_gallery",
      "documentsindexpage"
    ]
  },
  "model": "auth.permission",
  "pk": 204
},
{
  "fields": {
    "codename": "delete_documentsindexpage",
    "name": "Can delete Documents Index Page",
    "content_type": [
      "documents_gallery",
      "documentsindexpage"
    ]
  },
  "model": "auth.permission",
  "pk": 205
},
{
  "fields": {
    "codename": "add_documentspagetag",
    "name": "Can add documents page tag",
    "content_type": [
      "documents_gallery",
      "documentspagetag"
    ]
  },
  "model": "auth.permission",
  "pk": 206
},
{
  "fields": {
    "codename": "change_documentspagetag",
    "name": "Can change documents page tag",
    "content_type": [
      "documents_gallery",
      "documentspagetag"
    ]
  },
  "model": "auth.permission",
  "pk": 207
},
{
  "fields": {
    "codename": "delete_documentspagetag",
    "name": "Can delete documents page tag",
    "content_type": [
      "documents_gallery",
      "documentspagetag"
    ]
  },
  "model": "auth.permission",
  "pk": 208
},
{
  "fields": {
    "codename": "add_documentspage",
    "name": "Can add Documents Page",
    "content_type": [
      "documents_gallery",
      "documentspage"
    ]
  },
  "model": "auth.permission",
  "pk": 209
},
{
  "fields": {
    "codename": "change_documentspage",
    "name": "Can change Documents Page",
    "content_type": [
      "documents_gallery",
      "documentspage"
    ]
  },
  "model": "auth.permission",
  "pk": 210
},
{
  "fields": {
    "codename": "delete_documentspage",
    "name": "Can delete Documents Page",
    "content_type": [
      "documents_gallery",
      "documentspage"
    ]
  },
  "model": "auth.permission",
  "pk": 211
},
{
  "fields": {
    "name": "Moderators",
    "permissions": [
      [
        "access_admin",
        "wagtailadmin",
        "admin"
      ],
      [
        "add_document",
        "wagtaildocs",
        "document"
      ],
      [
        "change_document",
        "wagtaildocs",
        "document"
      ],
      [
        "delete_document",
        "wagtaildocs",
        "document"
      ],
      [
        "add_image",
        "wagtailimages",
        "image"
      ],
      [
        "change_image",
        "wagtailimages",
        "image"
      ],
      [
        "delete_image",
        "wagtailimages",
        "image"
      ]
    ]
  },
  "model": "auth.group",
  "pk": 1
},
{
  "fields": {
    "name": "Editors",
    "permissions": [
      [
        "access_admin",
        "wagtailadmin",
        "admin"
      ],
      [
        "add_document",
        "wagtaildocs",
        "document"
      ],
      [
        "change_document",
        "wagtaildocs",
        "document"
      ],
      [
        "delete_document",
        "wagtaildocs",
        "document"
      ],
      [
        "add_image",
        "wagtailimages",
        "image"
      ],
      [
        "change_image",
        "wagtailimages",
        "image"
      ],
      [
        "delete_image",
        "wagtailimages",
        "image"
      ]
    ]
  },
  "model": "auth.group",
  "pk": 2
},
{
  "fields": {
    "username": "admin",
    "first_name": "",
    "last_name": "",
    "is_active": true,
    "is_superuser": true,
    "is_staff": true,
    "last_login": "2015-12-22T10:43:16.675Z",
    "groups": [],
    "user_permissions": [],
    "password": "pbkdf2_sha256$20000$67yWuOHeG6QZ$peoLfW9pFCjATHzDWc/2C8KBCjJFfvCQU7hHkXSW6lw=",
    "email": "",
    "date_joined": "2015-11-25T10:46:36.839Z"
  },
  "model": "auth.user",
  "pk": 1
},
{
  "fields": {
    "name": "sample",
    "slug": "sample"
  },
  "model": "taggit.tag",
  "pk": 1
},
{
  "fields": {
    "name": "example",
    "slug": "example"
  },
  "model": "taggit.tag",
  "pk": 2
},
{
  "fields": {
    "name": "photo_gallery",
    "slug": "photo_gallery"
  },
  "model": "taggit.tag",
  "pk": 3
},
{
  "fields": {
    "tag": 1,
    "content_type": [
      "wagtaildocs",
      "document"
    ],
    "object_id": 1
  },
  "model": "taggit.taggeditem",
  "pk": 1
},
{
  "fields": {
    "tag": 2,
    "content_type": [
      "wagtaildocs",
      "document"
    ],
    "object_id": 2
  },
  "model": "taggit.taggeditem",
  "pk": 2
},
{
  "fields": {
    "tag": 1,
    "content_type": [
      "wagtaildocs",
      "document"
    ],
    "object_id": 3
  },
  "model": "taggit.taggeditem",
  "pk": 3
},
{
  "fields": {
    "tag": 3,
    "content_type": [
      "wagtailimages",
      "image"
    ],
    "object_id": 9
  },
  "model": "taggit.taggeditem",
  "pk": 4
},
{
  "fields": {
    "tag": 3,
    "content_type": [
      "wagtailimages",
      "image"
    ],
    "object_id": 8
  },
  "model": "taggit.taggeditem",
  "pk": 5
},
{
  "fields": {
    "tag": 3,
    "content_type": [
      "wagtailimages",
      "image"
    ],
    "object_id": 5
  },
  "model": "taggit.taggeditem",
  "pk": 6
},
{
  "fields": {
    "tag": 3,
    "content_type": [
      "wagtailimages",
      "image"
    ],
    "object_id": 2
  },
  "model": "taggit.taggeditem",
  "pk": 7
},
{
  "fields": {
    "form_data": "{\"e-mail\": \"testemail@testemail.com\", \"message\": \"Test message for sample test.\", \"name\": \"Test name\"}",
    "page": 12,
    "submit_time": "2015-12-22T11:19:13.033Z"
  },
  "model": "wagtailforms.formsubmission",
  "pk": 1
},
{
  "fields": {
    "form_data": "{\"e-mail\": \"testemail@testemail.com\", \"message\": \"Test message for sample test.\", \"name\": \"Test name\"}",
    "page": 12,
    "submit_time": "2015-12-22T11:49:33.595Z"
  },
  "model": "wagtailforms.formsubmission",
  "pk": 2
},
{
  "fields": {
    "form_data": "{\"e-mail\": \"testemail@testemail.com\", \"message\": \"Test message for sample test.\", \"name\": \"Test name\"}",
    "page": 12,
    "submit_time": "2015-12-22T12:03:28.152Z"
  },
  "model": "wagtailforms.formsubmission",
  "pk": 3
},
{
  "fields": {
    "created_at": "2015-11-25T10:52:08.802Z",
    "uploaded_by_user": [
      "admin"
    ],
    "file": "documents/document.doc",
    "title": "document"
  },
  "model": "wagtaildocs.document",
  "pk": 1
},
{
  "fields": {
    "created_at": "2015-11-25T10:52:33.409Z",
    "uploaded_by_user": [
      "admin"
    ],
    "file": "documents/example.docx",
    "title": "example"
  },
  "model": "wagtaildocs.document",
  "pk": 2
},
{
  "fields": {
    "created_at": "2015-11-25T10:52:53.099Z",
    "uploaded_by_user": [
      "admin"
    ],
    "file": "documents/sample.pdf",
    "title": "sample"
  },
  "model": "wagtaildocs.document",
  "pk": 3
},
{
  "fields": {
    "focal_point_width": null,
    "title": "digital-ocean-logo.png",
    "focal_point_height": null,
    "created_at": "2015-11-25T10:49:00.677Z",
    "focal_point_x": null,
    "focal_point_y": null,
    "height": 60,
    "width": 60,
    "file": "original_images/digital.png",
    "file_size": 2059,
    "uploaded_by_user": [
      "admin"
    ]
  },
  "model": "wagtailimages.image",
  "pk": 1
},
{
  "fields": {
    "focal_point_width": null,
    "title": "foundation.png",
    "focal_point_height": null,
    "created_at": "2015-11-25T10:49:01.327Z",
    "focal_point_x": null,
    "focal_point_y": null,
    "height": 500,
    "width": 1300,
    "file": "original_images/foundation_5.png",
    "file_size": 534598,
    "uploaded_by_user": [
      "admin"
    ]
  },
  "model": "wagtailimages.image",
  "pk": 2
},
{
  "fields": {
    "focal_point_width": null,
    "title": "foundation-logo.png",
    "focal_point_height": null,
    "created_at": "2015-11-25T10:49:01.441Z",
    "focal_point_x": null,
    "focal_point_y": null,
    "height": 60,
    "width": 60,
    "file": "original_images/hero-image.png",
    "file_size": 6607,
    "uploaded_by_user": [
      "admin"
    ]
  },
  "model": "wagtailimages.image",
  "pk": 3
},
{
  "fields": {
    "focal_point_width": null,
    "title": "ansible-logo.png",
    "focal_point_height": null,
    "created_at": "2015-11-25T10:49:01.511Z",
    "focal_point_x": null,
    "focal_point_y": null,
    "height": 60,
    "width": 60,
    "file": "original_images/image-ansible.png",
    "file_size": 1585,
    "uploaded_by_user": [
      "admin"
    ]
  },
  "model": "wagtailimages.image",
  "pk": 4
},
{
  "fields": {
    "focal_point_width": null,
    "title": "postgresql.jpg",
    "focal_point_height": null,
    "created_at": "2015-11-25T10:49:01.592Z",
    "focal_point_x": null,
    "focal_point_y": null,
    "height": 500,
    "width": 1300,
    "file": "original_images/postgresql.jpg",
    "file_size": 78794,
    "uploaded_by_user": [
      "admin"
    ]
  },
  "model": "wagtailimages.image",
  "pk": 5
},
{
  "fields": {
    "focal_point_width": null,
    "title": "postgresql-logo.png",
    "focal_point_height": null,
    "created_at": "2015-11-25T10:49:01.672Z",
    "focal_point_x": null,
    "focal_point_y": null,
    "height": 60,
    "width": 60,
    "file": "original_images/PostgreSQL_logo.3colors.120x120.png",
    "file_size": 4433,
    "uploaded_by_user": [
      "admin"
    ]
  },
  "model": "wagtailimages.image",
  "pk": 6
},
{
  "fields": {
    "focal_point_width": null,
    "title": "sass-logo.png",
    "focal_point_height": null,
    "created_at": "2015-11-25T10:49:01.760Z",
    "focal_point_x": null,
    "focal_point_y": null,
    "height": 60,
    "width": 60,
    "file": "original_images/sass.png",
    "file_size": 3259,
    "uploaded_by_user": [
      "admin"
    ]
  },
  "model": "wagtailimages.image",
  "pk": 7
},
{
  "fields": {
    "focal_point_width": null,
    "title": "sass.png",
    "focal_point_height": null,
    "created_at": "2015-11-25T10:49:01.839Z",
    "focal_point_x": null,
    "focal_point_y": null,
    "height": 500,
    "width": 1300,
    "file": "original_images/sass-logo-new.png",
    "file_size": 51541,
    "uploaded_by_user": [
      "admin"
    ]
  },
  "model": "wagtailimages.image",
  "pk": 8
},
{
  "fields": {
    "focal_point_width": null,
    "title": "wagtail.jpg",
    "focal_point_height": null,
    "created_at": "2015-11-25T10:49:01.920Z",
    "focal_point_x": null,
    "focal_point_y": null,
    "height": 500,
    "width": 1300,
    "file": "original_images/wagtail.jpg",
    "file_size": 36907,
    "uploaded_by_user": [
      "admin"
    ]
  },
  "model": "wagtailimages.image",
  "pk": 9
},
{
  "fields": {
    "focal_point_width": null,
    "title": "wagtail-logo.png",
    "focal_point_height": null,
    "created_at": "2015-11-25T10:49:02.016Z",
    "focal_point_x": null,
    "focal_point_y": null,
    "height": 60,
    "width": 60,
    "file": "original_images/Wagtail_CMS_logo.png",
    "file_size": 1353,
    "uploaded_by_user": [
      "admin"
    ]
  },
  "model": "wagtailimages.image",
  "pk": 10
},
{
  "fields": {
    "spec": "max-165x165"
  },
  "model": "wagtailimages.filter",
  "pk": 1
},
{
  "fields": {
    "spec": "width-1400"
  },
  "model": "wagtailimages.filter",
  "pk": 2
},
{
  "fields": {
    "spec": "fill-60x60"
  },
  "model": "wagtailimages.filter",
  "pk": 3
},
{
  "fields": {
    "spec": "original"
  },
  "model": "wagtailimages.filter",
  "pk": 4
},
{
  "fields": {
    "spec": "max-800x600"
  },
  "model": "wagtailimages.filter",
  "pk": 5
},
{
  "fields": {
    "spec": "width-1200"
  },
  "model": "wagtailimages.filter",
  "pk": 6
},
{
  "fields": {
    "spec": "fill-500x350"
  },
  "model": "wagtailimages.filter",
  "pk": 7
},
{
  "fields": {
    "image": 10,
    "focal_point_key": "",
    "filter": 1,
    "width": 60,
    "file": "images/Wagtail_CMS_logo.max-165x165.png",
    "height": 60
  },
  "model": "wagtailimages.rendition",
  "pk": 1
},
{
  "fields": {
    "image": 9,
    "focal_point_key": "",
    "filter": 1,
    "width": 165,
    "file": "images/wagtail.max-165x165.jpg",
    "height": 63
  },
  "model": "wagtailimages.rendition",
  "pk": 2
},
{
  "fields": {
    "image": 8,
    "focal_point_key": "",
    "filter": 1,
    "width": 165,
    "file": "images/sass-logo-new.max-165x165.png",
    "height": 63
  },
  "model": "wagtailimages.rendition",
  "pk": 3
},
{
  "fields": {
    "image": 7,
    "focal_point_key": "",
    "filter": 1,
    "width": 60,
    "file": "images/sass.max-165x165.png",
    "height": 60
  },
  "model": "wagtailimages.rendition",
  "pk": 4
},
{
  "fields": {
    "image": 6,
    "focal_point_key": "",
    "filter": 1,
    "width": 60,
    "file": "images/PostgreSQL_logo.3colors.120x120.max-165x165.png",
    "height": 60
  },
  "model": "wagtailimages.rendition",
  "pk": 5
},
{
  "fields": {
    "image": 5,
    "focal_point_key": "",
    "filter": 1,
    "width": 165,
    "file": "images/postgresql.max-165x165.jpg",
    "height": 63
  },
  "model": "wagtailimages.rendition",
  "pk": 6
},
{
  "fields": {
    "image": 4,
    "focal_point_key": "",
    "filter": 1,
    "width": 60,
    "file": "images/image-ansible.max-165x165.png",
    "height": 60
  },
  "model": "wagtailimages.rendition",
  "pk": 7
},
{
  "fields": {
    "image": 3,
    "focal_point_key": "",
    "filter": 1,
    "width": 60,
    "file": "images/hero-image.max-165x165.png",
    "height": 60
  },
  "model": "wagtailimages.rendition",
  "pk": 8
},
{
  "fields": {
    "image": 2,
    "focal_point_key": "",
    "filter": 1,
    "width": 165,
    "file": "images/foundation_5.max-165x165.png",
    "height": 63
  },
  "model": "wagtailimages.rendition",
  "pk": 9
},
{
  "fields": {
    "image": 1,
    "focal_point_key": "",
    "filter": 1,
    "width": 60,
    "file": "images/digital.max-165x165.png",
    "height": 60
  },
  "model": "wagtailimages.rendition",
  "pk": 10
},
{
  "fields": {
    "image": 2,
    "focal_point_key": "",
    "filter": 2,
    "width": 1300,
    "file": "images/foundation_5.width-1400.png",
    "height": 500
  },
  "model": "wagtailimages.rendition",
  "pk": 11
},
{
  "fields": {
    "image": 9,
    "focal_point_key": "",
    "filter": 2,
    "width": 1300,
    "file": "images/wagtail.width-1400.jpg",
    "height": 500
  },
  "model": "wagtailimages.rendition",
  "pk": 12
},
{
  "fields": {
    "image": 5,
    "focal_point_key": "",
    "filter": 2,
    "width": 1300,
    "file": "images/postgresql.width-1400.jpg",
    "height": 500
  },
  "model": "wagtailimages.rendition",
  "pk": 13
},
{
  "fields": {
    "image": 8,
    "focal_point_key": "",
    "filter": 2,
    "width": 1300,
    "file": "images/sass-logo-new.width-1400.png",
    "height": 500
  },
  "model": "wagtailimages.rendition",
  "pk": 14
},
{
  "fields": {
    "image": 3,
    "focal_point_key": "2e16d0ba",
    "filter": 3,
    "width": 60,
    "file": "images/hero-image.2e16d0ba.fill-60x60.png",
    "height": 60
  },
  "model": "wagtailimages.rendition",
  "pk": 15
},
{
  "fields": {
    "image": 10,
    "focal_point_key": "2e16d0ba",
    "filter": 3,
    "width": 60,
    "file": "images/Wagtail_CMS_logo.2e16d0ba.fill-60x60.png",
    "height": 60
  },
  "model": "wagtailimages.rendition",
  "pk": 16
},
{
  "fields": {
    "image": 4,
    "focal_point_key": "2e16d0ba",
    "filter": 3,
    "width": 60,
    "file": "images/image-ansible.2e16d0ba.fill-60x60.png",
    "height": 60
  },
  "model": "wagtailimages.rendition",
  "pk": 17
},
{
  "fields": {
    "image": 7,
    "focal_point_key": "2e16d0ba",
    "filter": 3,
    "width": 60,
    "file": "images/sass.2e16d0ba.fill-60x60.png",
    "height": 60
  },
  "model": "wagtailimages.rendition",
  "pk": 18
},
{
  "fields": {
    "image": 1,
    "focal_point_key": "2e16d0ba",
    "filter": 3,
    "width": 60,
    "file": "images/digital.2e16d0ba.fill-60x60.png",
    "height": 60
  },
  "model": "wagtailimages.rendition",
  "pk": 19
},
{
  "fields": {
    "image": 6,
    "focal_point_key": "2e16d0ba",
    "filter": 3,
    "width": 60,
    "file": "images/PostgreSQL_logo.3colors.120x120.2e16d0ba.fill-60x60.png",
    "height": 60
  },
  "model": "wagtailimages.rendition",
  "pk": 20
},
{
  "fields": {
    "image": 9,
    "focal_point_key": "",
    "filter": 4,
    "width": 1300,
    "file": "images/wagtail.original.jpg",
    "height": 500
  },
  "model": "wagtailimages.rendition",
  "pk": 21
},
{
  "fields": {
    "image": 9,
    "focal_point_key": "",
    "filter": 5,
    "width": 800,
    "file": "images/wagtail.max-800x600.jpg",
    "height": 307
  },
  "model": "wagtailimages.rendition",
  "pk": 22
},
{
  "fields": {
    "image": 8,
    "focal_point_key": "",
    "filter": 4,
    "width": 1300,
    "file": "images/sass-logo-new.original.png",
    "height": 500
  },
  "model": "wagtailimages.rendition",
  "pk": 23
},
{
  "fields": {
    "image": 8,
    "focal_point_key": "",
    "filter": 5,
    "width": 800,
    "file": "images/sass-logo-new.max-800x600.png",
    "height": 307
  },
  "model": "wagtailimages.rendition",
  "pk": 24
},
{
  "fields": {
    "image": 5,
    "focal_point_key": "",
    "filter": 4,
    "width": 1300,
    "file": "images/postgresql.original.jpg",
    "height": 500
  },
  "model": "wagtailimages.rendition",
  "pk": 25
},
{
  "fields": {
    "image": 5,
    "focal_point_key": "",
    "filter": 5,
    "width": 800,
    "file": "images/postgresql.max-800x600.jpg",
    "height": 307
  },
  "model": "wagtailimages.rendition",
  "pk": 26
},
{
  "fields": {
    "image": 2,
    "focal_point_key": "",
    "filter": 4,
    "width": 1300,
    "file": "images/foundation_5.original.png",
    "height": 500
  },
  "model": "wagtailimages.rendition",
  "pk": 27
},
{
  "fields": {
    "image": 2,
    "focal_point_key": "",
    "filter": 5,
    "width": 800,
    "file": "images/foundation_5.max-800x600.png",
    "height": 307
  },
  "model": "wagtailimages.rendition",
  "pk": 28
},
{
  "fields": {
    "image": 9,
    "focal_point_key": "",
    "filter": 6,
    "width": 1200,
    "file": "images/wagtail.width-1200.jpg",
    "height": 461
  },
  "model": "wagtailimages.rendition",
  "pk": 29
},
{
  "fields": {
    "image": 8,
    "focal_point_key": "",
    "filter": 6,
    "width": 1200,
    "file": "images/sass-logo-new.width-1200.png",
    "height": 461
  },
  "model": "wagtailimages.rendition",
  "pk": 30
},
{
  "fields": {
    "image": 5,
    "focal_point_key": "",
    "filter": 6,
    "width": 1200,
    "file": "images/postgresql.width-1200.jpg",
    "height": 461
  },
  "model": "wagtailimages.rendition",
  "pk": 31
},
{
  "fields": {
    "image": 2,
    "focal_point_key": "",
    "filter": 6,
    "width": 1200,
    "file": "images/foundation_5.width-1200.png",
    "height": 461
  },
  "model": "wagtailimages.rendition",
  "pk": 32
},
{
  "fields": {
    "image": 9,
    "focal_point_key": "2e16d0ba",
    "filter": 7,
    "width": 500,
    "file": "images/wagtail.2e16d0ba.fill-500x350.jpg",
    "height": 350
  },
  "model": "wagtailimages.rendition",
  "pk": 33
},
{
  "fields": {
    "root_page": 3,
    "hostname": "localhost",
    "port": 80,
    "is_default_site": true
  },
  "model": "wagtailcore.site",
  "pk": 2
},
{
  "fields": {
    "locked": false,
    "title": "Root",
    "numchild": 1,
    "show_in_menus": false,
    "live": true,
    "seo_title": "",
    "latest_revision_created_at": null,
    "depth": 1,
    "search_description": "",
    "content_type": [
      "wagtailcore",
      "page"
    ],
    "has_unpublished_changes": false,
    "owner": null,
    "path": "0001",
    "first_published_at": null,
    "url_path": "/",
    "expired": false,
    "slug": "root",
    "expire_at": null,
    "go_live_at": null
  },
  "model": "wagtailcore.page",
  "pk": 1
},
{
  "fields": {
    "locked": false,
    "title": "Homepage",
    "numchild": 6,
    "show_in_menus": true,
    "live": true,
    "seo_title": "",
    "latest_revision_created_at": "2015-11-25T10:58:13.574Z",
    "depth": 2,
    "search_description": "",
    "content_type": [
      "pages",
      "homepage"
    ],
    "has_unpublished_changes": false,
    "owner": null,
    "path": "00010001",
    "first_published_at": "2015-11-25T10:56:52.276Z",
    "url_path": "/home/",
    "expired": false,
    "slug": "home",
    "expire_at": null,
    "go_live_at": null
  },
  "model": "wagtailcore.page",
  "pk": 3
},
{
  "fields": {
    "locked": false,
    "title": "Standard Index",
    "numchild": 1,
    "show_in_menus": true,
    "live": true,
    "seo_title": "",
    "latest_revision_created_at": "2015-11-25T11:02:23.944Z",
    "depth": 3,
    "search_description": "",
    "content_type": [
      "pages",
      "standardindexpage"
    ],
    "has_unpublished_changes": false,
    "owner": [
      "admin"
    ],
    "path": "000100010001",
    "first_published_at": "2015-11-25T11:02:24.037Z",
    "url_path": "/home/standard-index/",
    "expired": false,
    "slug": "standard-index",
    "expire_at": null,
    "go_live_at": null
  },
  "model": "wagtailcore.page",
  "pk": 4
},
{
  "fields": {
    "locked": false,
    "title": "Standard Page",
    "numchild": 0,
    "show_in_menus": true,
    "live": true,
    "seo_title": "",
    "latest_revision_created_at": "2015-11-25T11:03:29.496Z",
    "depth": 4,
    "search_description": "",
    "content_type": [
      "pages",
      "standardpage"
    ],
    "has_unpublished_changes": false,
    "owner": [
      "admin"
    ],
    "path": "0001000100010001",
    "first_published_at": "2015-11-25T11:03:29.563Z",
    "url_path": "/home/standard-index/standard-page/",
    "expired": false,
    "slug": "standard-page",
    "expire_at": null,
    "go_live_at": null
  },
  "model": "wagtailcore.page",
  "pk": 5
},
{
  "fields": {
    "locked": false,
    "title": "Documents Gallery",
    "numchild": 1,
    "show_in_menus": true,
    "live": true,
    "seo_title": "",
    "latest_revision_created_at": "2015-11-25T11:04:35.212Z",
    "depth": 3,
    "search_description": "",
    "content_type": [
      "documents_gallery",
      "documentsindexpage"
    ],
    "has_unpublished_changes": false,
    "owner": [
      "admin"
    ],
    "path": "000100010004",
    "first_published_at": "2015-11-25T11:04:35.311Z",
    "url_path": "/home/documents-gallery/",
    "expired": false,
    "slug": "documents-gallery",
    "expire_at": null,
    "go_live_at": null
  },
  "model": "wagtailcore.page",
  "pk": 6
},
{
  "fields": {
    "locked": false,
    "title": "Sample Documents",
    "numchild": 0,
    "show_in_menus": true,
    "live": true,
    "seo_title": "",
    "latest_revision_created_at": "2015-11-25T11:05:18.130Z",
    "depth": 4,
    "search_description": "",
    "content_type": [
      "documents_gallery",
      "documentspage"
    ],
    "has_unpublished_changes": false,
    "owner": [
      "admin"
    ],
    "path": "0001000100040001",
    "first_published_at": "2015-11-25T11:05:18.235Z",
    "url_path": "/home/documents-gallery/sample-documents/",
    "expired": false,
    "slug": "sample-documents",
    "expire_at": null,
    "go_live_at": null
  },
  "model": "wagtailcore.page",
  "pk": 7
},
{
  "fields": {
    "locked": false,
    "title": "Photo Gallery",
    "numchild": 1,
    "show_in_menus": true,
    "live": true,
    "seo_title": "",
    "latest_revision_created_at": "2015-11-25T11:08:14.381Z",
    "depth": 3,
    "search_description": "",
    "content_type": [
      "photo_gallery",
      "galleryindexpage"
    ],
    "has_unpublished_changes": false,
    "owner": [
      "admin"
    ],
    "path": "000100010005",
    "first_published_at": "2015-11-25T11:08:14.455Z",
    "url_path": "/home/photo-gallery/",
    "expired": false,
    "slug": "photo-gallery",
    "expire_at": null,
    "go_live_at": null
  },
  "model": "wagtailcore.page",
  "pk": 8
},
{
  "fields": {
    "locked": false,
    "title": "Sample gallery",
    "numchild": 0,
    "show_in_menus": true,
    "live": true,
    "seo_title": "",
    "latest_revision_created_at": "2015-11-25T11:10:12.019Z",
    "depth": 4,
    "search_description": "",
    "content_type": [
      "photo_gallery",
      "gallerypage"
    ],
    "has_unpublished_changes": false,
    "owner": [
      "admin"
    ],
    "path": "0001000100050001",
    "first_published_at": "2015-11-25T11:09:14.114Z",
    "url_path": "/home/photo-gallery/sample-gallery/",
    "expired": false,
    "slug": "sample-gallery",
    "expire_at": null,
    "go_live_at": null
  },
  "model": "wagtailcore.page",
  "pk": 9
},
{
  "fields": {
    "locked": false,
    "title": "Blog Index",
    "numchild": 1,
    "show_in_menus": true,
    "live": true,
    "seo_title": "",
    "latest_revision_created_at": "2015-11-25T11:11:24.451Z",
    "depth": 3,
    "search_description": "",
    "content_type": [
      "blog",
      "blogindexpage"
    ],
    "has_unpublished_changes": false,
    "owner": [
      "admin"
    ],
    "path": "000100010003",
    "first_published_at": "2015-11-25T11:11:24.620Z",
    "url_path": "/home/blog-index/",
    "expired": false,
    "slug": "blog-index",
    "expire_at": null,
    "go_live_at": null
  },
  "model": "wagtailcore.page",
  "pk": 10
},
{
  "fields": {
    "locked": false,
    "title": "Blog Post 1",
    "numchild": 0,
    "show_in_menus": true,
    "live": true,
    "seo_title": "",
    "latest_revision_created_at": "2015-11-25T11:12:46.240Z",
    "depth": 4,
    "search_description": "",
    "content_type": [
      "blog",
      "blogpage"
    ],
    "has_unpublished_changes": false,
    "owner": [
      "admin"
    ],
    "path": "0001000100030001",
    "first_published_at": "2015-11-25T11:12:46.313Z",
    "url_path": "/home/blog-index/blog-post-1/",
    "expired": false,
    "slug": "blog-post-1",
    "expire_at": null,
    "go_live_at": null
  },
  "model": "wagtailcore.page",
  "pk": 11
},
{
  "fields": {
    "locked": false,
    "title": "Contact Us",
    "numchild": 0,
    "show_in_menus": true,
    "live": true,
    "seo_title": "",
    "latest_revision_created_at": "2015-12-22T11:05:45.446Z",
    "depth": 3,
    "search_description": "",
    "content_type": [
      "contact",
      "contactpage"
    ],
    "has_unpublished_changes": false,
    "owner": [
      "admin"
    ],
    "path": "000100010006",
    "first_published_at": "2015-12-22T11:05:45.575Z",
    "url_path": "/home/contact-us/",
    "expired": false,
    "slug": "contact-us",
    "expire_at": null,
    "go_live_at": null
  },
  "model": "wagtailcore.page",
  "pk": 12
},
{
  "fields": {
    "locked": false,
    "title": "Event Index",
    "numchild": 1,
    "show_in_menus": true,
    "live": true,
    "seo_title": "",
    "latest_revision_created_at": "2015-12-22T11:31:32.889Z",
    "depth": 3,
    "search_description": "",
    "content_type": [
      "events",
      "eventindexpage"
    ],
    "has_unpublished_changes": false,
    "owner": [
      "admin"
    ],
    "path": "000100010002",
    "first_published_at": "2015-12-22T11:28:02.862Z",
    "url_path": "/home/event-index/",
    "expired": false,
    "slug": "event-index",
    "expire_at": null,
    "go_live_at": null
  },
  "model": "wagtailcore.page",
  "pk": 13
},
{
  "fields": {
    "locked": false,
    "title": "Cookiecutter launch",
    "numchild": 0,
    "show_in_menus": true,
    "live": true,
    "seo_title": "",
    "latest_revision_created_at": "2015-12-22T11:36:04.984Z",
    "depth": 4,
    "search_description": "",
    "content_type": [
      "events",
      "eventpage"
    ],
    "has_unpublished_changes": false,
    "owner": [
      "admin"
    ],
    "path": "0001000100020001",
    "first_published_at": "2015-12-22T11:33:02.643Z",
    "url_path": "/home/event-index/cookiecutter-launch/",
    "expired": false,
    "slug": "cookiecutter-launch",
    "expire_at": null,
    "go_live_at": null
  },
  "model": "wagtailcore.page",
  "pk": 14
},
{
  "fields": {
    "approved_go_live_at": null,
    "created_at": "2015-11-25T10:48:11.660Z",
    "submitted_for_moderation": false,
    "content_json": "{\"carousel_items\": [], \"search_description\": \"\", \"owner\": null, \"latest_revision_created_at\": null, \"go_live_at\": null, \"related_links\": [], \"title\": \"Homepage\", \"seo_title\": \"\", \"slug\": \"home\", \"live\": true, \"has_unpublished_changes\": false, \"body\": \"<p>A cookiecutter template for Wagtail CMS featuring Zurb Foundation front-end framework.</p>\", \"content_items\": [], \"numchild\": 0, \"title_text\": \"<h3>Welcome to Wagtail Cookiecutter Foundation</h3>\", \"content_type\": 4, \"show_in_menus\": false, \"path\": \"00010001\", \"url_path\": \"/home/\", \"expired\": false, \"pk\": 3, \"locked\": false, \"depth\": 2, \"first_published_at\": null, \"expire_at\": null}",
    "user": [
      "admin"
    ],
    "page": 3
  },
  "model": "wagtailcore.pagerevision",
  "pk": 1
},
{
  "fields": {
    "approved_go_live_at": null,
    "created_at": "2015-11-25T10:56:52.096Z",
    "submitted_for_moderation": false,
    "content_json": "{\"carousel_items\": [{\"link_page\": null, \"embed_url\": \"\", \"image\": 2, \"link_external\": \"\", \"caption\": \"\", \"sort_order\": 0, \"link_document\": null, \"pk\": null, \"page\": 3}, {\"link_page\": null, \"embed_url\": \"\", \"image\": 9, \"link_external\": \"\", \"caption\": \"\", \"sort_order\": 1, \"link_document\": null, \"pk\": null, \"page\": 3}, {\"link_page\": null, \"embed_url\": \"\", \"image\": 5, \"link_external\": \"\", \"caption\": \"\", \"sort_order\": 2, \"link_document\": null, \"pk\": null, \"page\": 3}, {\"link_page\": null, \"embed_url\": \"\", \"image\": 8, \"link_external\": \"\", \"caption\": \"\", \"sort_order\": 3, \"link_document\": null, \"pk\": null, \"page\": 3}], \"search_description\": \"\", \"owner\": null, \"latest_revision_created_at\": \"2015-11-25T10:48:11.660Z\", \"go_live_at\": null, \"related_links\": [], \"title\": \"Homepage\", \"seo_title\": \"\", \"slug\": \"home\", \"live\": true, \"has_unpublished_changes\": true, \"body\": \"<p>A cookiecutter template for Wagtail CMS featuring Zurb Foundation front-end framework.</p>\", \"content_items\": [{\"slug\": \"1\", \"link_page\": null, \"title\": \"Foundation\", \"image\": 3, \"link_external\": \"\", \"summary\": \"\", \"content\": \"<p>The most advanced responsive front-end framework in the world.</p>\", \"sort_order\": 0, \"link_document\": null, \"pk\": null, \"page\": 3}, {\"slug\": \"2\", \"link_page\": null, \"title\": \"Wagtail\", \"image\": 10, \"link_external\": \"\", \"summary\": \"\", \"content\": \"<p>Wagtail is an open source CMS written in Python and built on the Django framework.</p>\", \"sort_order\": 1, \"link_document\": null, \"pk\": null, \"page\": 3}, {\"slug\": \"3\", \"link_page\": null, \"title\": \"Ansible\", \"image\": 4, \"link_external\": \"\", \"summary\": \"\", \"content\": \"<p>Ansible for easy Provisioning and Deployment</p>\", \"sort_order\": 2, \"link_document\": null, \"pk\": null, \"page\": 3}, {\"slug\": \"4\", \"link_page\": null, \"title\": \"Sass\", \"image\": 7, \"link_external\": \"\", \"summary\": \"<p><br/></p>\", \"content\": \"<p>100% SASS</p>\", \"sort_order\": 3, \"link_document\": null, \"pk\": null, \"page\": 3}, {\"slug\": \"5\", \"link_page\": null, \"title\": \"PostgreSQL\", \"image\": null, \"link_external\": \"\", \"summary\": \"\", \"content\": \"<p>PostgreSQL everywhere</p>\", \"sort_order\": 4, \"link_document\": null, \"pk\": null, \"page\": 3}, {\"slug\": \"6\", \"link_page\": null, \"title\": \"Digital Ocean\", \"image\": 1, \"link_external\": \"\", \"summary\": \"\", \"content\": \"<p>Spin up your server with the Digital ocean API</p>\", \"sort_order\": 5, \"link_document\": null, \"pk\": null, \"page\": 3}], \"numchild\": 0, \"title_text\": \"<h3>Welcome to Wagtail Cookiecutter Foundation</h3>\", \"content_type\": 4, \"show_in_menus\": true, \"path\": \"00010001\", \"url_path\": \"/home/\", \"expired\": false, \"pk\": 3, \"locked\": false, \"depth\": 2, \"first_published_at\": null, \"expire_at\": null}",
    "user": [
      "admin"
    ],
    "page": 3
  },
  "model": "wagtailcore.pagerevision",
  "pk": 2
},
{
  "fields": {
    "approved_go_live_at": null,
    "created_at": "2015-11-25T10:58:13.574Z",
    "submitted_for_moderation": false,
    "content_json": "{\"carousel_items\": [{\"link_page\": null, \"embed_url\": \"\", \"image\": 2, \"link_external\": \"\", \"caption\": \"\", \"sort_order\": 0, \"link_document\": null, \"pk\": 1, \"page\": 3}, {\"link_page\": null, \"embed_url\": \"\", \"image\": 9, \"link_external\": \"\", \"caption\": \"\", \"sort_order\": 1, \"link_document\": null, \"pk\": 2, \"page\": 3}, {\"link_page\": null, \"embed_url\": \"\", \"image\": 5, \"link_external\": \"\", \"caption\": \"\", \"sort_order\": 2, \"link_document\": null, \"pk\": 3, \"page\": 3}, {\"link_page\": null, \"embed_url\": \"\", \"image\": 8, \"link_external\": \"\", \"caption\": \"\", \"sort_order\": 3, \"link_document\": null, \"pk\": 4, \"page\": 3}], \"search_description\": \"\", \"owner\": null, \"latest_revision_created_at\": \"2015-11-25T10:56:52.096Z\", \"go_live_at\": null, \"related_links\": [], \"title\": \"Homepage\", \"seo_title\": \"\", \"slug\": \"home\", \"live\": true, \"has_unpublished_changes\": false, \"body\": \"<p>A cookiecutter template for Wagtail CMS featuring Zurb Foundation front-end framework.</p>\", \"content_items\": [{\"slug\": \"1\", \"link_page\": null, \"title\": \"Foundation\", \"image\": 3, \"link_external\": \"\", \"summary\": \"\", \"content\": \"<p>The most advanced responsive front-end framework in the world.</p>\", \"sort_order\": 0, \"link_document\": null, \"pk\": 1, \"page\": 3}, {\"slug\": \"2\", \"link_page\": null, \"title\": \"Wagtail\", \"image\": 10, \"link_external\": \"\", \"summary\": \"\", \"content\": \"<p>Wagtail is an open source CMS written in Python and built on the Django framework.</p>\", \"sort_order\": 1, \"link_document\": null, \"pk\": 2, \"page\": 3}, {\"slug\": \"3\", \"link_page\": null, \"title\": \"Ansible\", \"image\": 4, \"link_external\": \"\", \"summary\": \"\", \"content\": \"<p>Ansible for easy Provisioning and Deployment</p>\", \"sort_order\": 2, \"link_document\": null, \"pk\": 3, \"page\": 3}, {\"slug\": \"4\", \"link_page\": null, \"title\": \"Sass\", \"image\": 7, \"link_external\": \"\", \"summary\": \"<p><br/></p>\", \"content\": \"<p>100% SASS</p>\", \"sort_order\": 3, \"link_document\": null, \"pk\": 4, \"page\": 3}, {\"slug\": \"5\", \"link_page\": null, \"title\": \"PostgreSQL\", \"image\": 6, \"link_external\": \"\", \"summary\": \"\", \"content\": \"<p>PostgreSQL everywhere</p>\", \"sort_order\": 4, \"link_document\": null, \"pk\": 5, \"page\": 3}, {\"slug\": \"6\", \"link_page\": null, \"title\": \"Digital Ocean\", \"image\": 1, \"link_external\": \"\", \"summary\": \"\", \"content\": \"<p>Spin up your server with the Digital ocean API</p>\", \"sort_order\": 5, \"link_document\": null, \"pk\": 6, \"page\": 3}], \"numchild\": 0, \"title_text\": \"<h3>Welcome to Wagtail Cookiecutter Foundation</h3>\", \"content_type\": 4, \"show_in_menus\": true, \"path\": \"00010001\", \"url_path\": \"/home/\", \"expired\": false, \"pk\": 3, \"locked\": false, \"depth\": 2, \"first_published_at\": \"2015-11-25T10:56:52.276Z\", \"expire_at\": null}",
    "user": [
      "admin"
    ],
    "page": 3
  },
  "model": "wagtailcore.pagerevision",
  "pk": 3
},
{
  "fields": {
    "approved_go_live_at": null,
    "created_at": "2015-11-25T11:02:23.944Z",
    "submitted_for_moderation": false,
    "content_json": "{\"subtitle\": \"\", \"search_description\": \"\", \"owner\": 1, \"intro\": \"<p>Lorem ipsum dolor sit amet, consectetur adipiscing elit. Aliquam et mauris eu nibh elementum blandit varius sit amet enim. Quisque massa leo, ornare in mattis vitae, vehicula vestibulum diam. Phasellus id leo placerat, vehicula diam nec, interdum mi. Nunc lacinia massa tristique nunc accumsan, eu dapibus odio feugiat. Donec varius quam dictum placerat porttitor. Vivamus fermentum cursus nibh in facilisis. Aenean in justo auctor, faucibus risus eu, semper nisl. Ut nec suscipit nibh. Donec feugiat eget dui in rhoncus. Curabitur imperdiet tortor ut quam tempus sagittis. Morbi lectus magna, viverra ut turpis a, dapibus sollicitudin diam. Morbi vel urna suscipit, sodales ante id, luctus velit.</p>\", \"latest_revision_created_at\": null, \"go_live_at\": null, \"feed_image\": null, \"related_links\": [], \"title\": \"Standard Index\", \"seo_title\": \"\", \"slug\": \"standard-index\", \"live\": true, \"has_unpublished_changes\": false, \"numchild\": 0, \"content_type\": 31, \"show_in_menus\": true, \"path\": \"000100010001\", \"url_path\": \"/home/standard-index/\", \"expired\": false, \"pk\": 4, \"locked\": false, \"depth\": 3, \"first_published_at\": null, \"expire_at\": null}",
    "user": [
      "admin"
    ],
    "page": 4
  },
  "model": "wagtailcore.pagerevision",
  "pk": 4
},
{
  "fields": {
    "approved_go_live_at": null,
    "created_at": "2015-11-25T11:03:29.496Z",
    "submitted_for_moderation": false,
    "content_json": "{\"subtitle\": \"\", \"carousel_items\": [], \"search_description\": \"\", \"owner\": 1, \"intro\": \"\", \"latest_revision_created_at\": null, \"go_live_at\": null, \"feed_image\": null, \"related_links\": [], \"title\": \"Standard Page\", \"seo_title\": \"\", \"slug\": \"standard-page\", \"live\": true, \"has_unpublished_changes\": false, \"body\": \"<p>Lorem ipsum dolor sit amet, consectetur adipiscing elit. Aliquam et mauris eu nibh elementum blandit varius sit amet enim. Quisque massa leo, ornare in mattis vitae, vehicula vestibulum diam. Phasellus id leo placerat, vehicula diam nec, interdum mi. Nunc lacinia massa tristique nunc accumsan, eu dapibus odio feugiat. Donec varius quam dictum placerat porttitor. Vivamus fermentum cursus nibh in facilisis. Aenean in justo auctor, faucibus risus eu, semper nisl. Ut nec suscipit nibh. Donec feugiat eget dui in rhoncus. Curabitur imperdiet tortor ut quam tempus sagittis. Morbi lectus magna, viverra ut turpis a, dapibus sollicitudin diam. Morbi vel urna suscipit, sodales ante id, luctus velit.</p><p><br/></p><p>Fusce et diam quis ipsum pulvinar euismod sit amet ac libero. Proin mauris ligula, egestas at tempus non, tempor et dolor. Proin porttitor, nibh quis consequat posuere, dolor eros eleifend nisi, ac semper ex nulla sit amet urna. Ut venenatis eros nec gravida molestie. Integer hendrerit mollis odio vitae porttitor. Sed ut elementum magna. Morbi laoreet odio lorem, eu fringilla nulla venenatis id. Duis nisl erat, aliquet in tortor eget, ullamcorper varius quam. Sed venenatis posuere ipsum, ut maximus ligula tristique fermentum. Ut eget porttitor quam. In varius diam quis viverra porttitor.</p><p><br/></p><p>In leo purus, efficitur ut eleifend lacinia, pharetra et metus. Nullam enim sapien, vehicula vel purus id, vehicula pretium turpis. Maecenas mattis nulla convallis leo sodales vulputate. In nunc nunc, pretium ut turpis in, tempor varius ligula. Vestibulum facilisis enim ac sagittis vestibulum. Phasellus eros lectus, posuere nec malesuada efficitur, dictum sit amet magna. Phasellus varius dui ac nisi pretium dignissim. Etiam elementum lacus urna, in tincidunt sem pellentesque vitae. Etiam porta purus id porta dictum. Curabitur tristique iaculis turpis, eget mollis mauris commodo at. Nullam dignissim, tellus sed porttitor volutpat, ex lectus facilisis ante, at egestas tortor tellus sit amet massa. Cras pellentesque venenatis est sed molestie. Donec sollicitudin erat ac rhoncus egestas. Pellentesque condimentum non elit suscipit commodo. Suspendisse a felis ac leo egestas venenatis.</p>\", \"numchild\": 0, \"content_type\": 34, \"show_in_menus\": true, \"path\": \"0001000100010001\", \"url_path\": \"/home/standard-index/standard-page/\", \"expired\": false, \"pk\": 5, \"locked\": false, \"depth\": 4, \"first_published_at\": null, \"expire_at\": null}",
    "user": [
      "admin"
    ],
    "page": 5
  },
  "model": "wagtailcore.pagerevision",
  "pk": 5
},
{
  "fields": {
    "approved_go_live_at": null,
    "created_at": "2015-11-25T11:04:35.212Z",
    "submitted_for_moderation": false,
    "content_json": "{\"search_description\": \"\", \"owner\": 1, \"intro\": \"<p>Welcome to documents gallery!</p>\", \"latest_revision_created_at\": null, \"go_live_at\": null, \"feed_image\": null, \"title\": \"Documents Gallery\", \"seo_title\": \"\", \"slug\": \"documents-gallery\", \"live\": true, \"has_unpublished_changes\": false, \"numchild\": 0, \"content_type\": 69, \"show_in_menus\": true, \"path\": \"000100010002\", \"url_path\": \"/home/documents-gallery/\", \"expired\": false, \"pk\": 6, \"locked\": false, \"depth\": 3, \"first_published_at\": null, \"expire_at\": null}",
    "user": [
      "admin"
    ],
    "page": 6
  },
  "model": "wagtailcore.pagerevision",
  "pk": 6
},
{
  "fields": {
    "approved_go_live_at": null,
    "created_at": "2015-11-25T11:05:18.130Z",
    "submitted_for_moderation": false,
    "content_json": "{\"search_description\": \"\", \"owner\": 1, \"latest_revision_created_at\": null, \"go_live_at\": null, \"feed_image\": null, \"title\": \"Sample Documents\", \"seo_title\": \"\", \"slug\": \"sample-documents\", \"live\": true, \"has_unpublished_changes\": false, \"tagged_items\": [{\"pk\": 1, \"tag\": 1, \"content_object\": 7}, {\"pk\": 2, \"tag\": 2, \"content_object\": 7}], \"numchild\": 0, \"content_type\": 71, \"show_in_menus\": true, \"path\": \"0001000100020001\", \"url_path\": \"/home/documents-gallery/sample-documents/\", \"expired\": false, \"pk\": 7, \"locked\": false, \"depth\": 4, \"first_published_at\": null, \"expire_at\": null}",
    "user": [
      "admin"
    ],
    "page": 7
  },
  "model": "wagtailcore.pagerevision",
  "pk": 7
},
{
  "fields": {
    "approved_go_live_at": null,
    "created_at": "2015-11-25T11:08:14.381Z",
    "submitted_for_moderation": false,
    "content_json": "{\"search_description\": \"\", \"owner\": 1, \"intro\": \"<p>Welcome to photo gallery!</p>\", \"latest_revision_created_at\": null, \"go_live_at\": null, \"feed_image\": null, \"title\": \"Photo Gallery\", \"seo_title\": \"\", \"slug\": \"photo-gallery\", \"live\": true, \"has_unpublished_changes\": false, \"numchild\": 0, \"content_type\": 61, \"show_in_menus\": true, \"path\": \"000100010003\", \"url_path\": \"/home/photo-gallery/\", \"expired\": false, \"pk\": 8, \"locked\": false, \"depth\": 3, \"first_published_at\": null, \"expire_at\": null}",
    "user": [
      "admin"
    ],
    "page": 8
  },
  "model": "wagtailcore.pagerevision",
  "pk": 8
},
{
  "fields": {
    "approved_go_live_at": null,
    "created_at": "2015-11-25T11:09:13.966Z",
    "submitted_for_moderation": false,
    "content_json": "{\"search_description\": \"\", \"owner\": 1, \"latest_revision_created_at\": null, \"go_live_at\": null, \"feed_image\": null, \"title\": \"Sample gallery\", \"seo_title\": \"\", \"slug\": \"sample-gallery\", \"live\": true, \"has_unpublished_changes\": false, \"tagged_items\": [{\"pk\": 1, \"tag\": 3, \"content_object\": 9}], \"numchild\": 0, \"content_type\": 63, \"show_in_menus\": true, \"path\": \"0001000100030001\", \"url_path\": \"/home/photo-gallery/sample-gallery/\", \"expired\": false, \"pk\": 9, \"locked\": false, \"depth\": 4, \"first_published_at\": null, \"expire_at\": null}",
    "user": [
      "admin"
    ],
    "page": 9
  },
  "model": "wagtailcore.pagerevision",
  "pk": 9
},
{
  "fields": {
    "approved_go_live_at": null,
    "created_at": "2015-11-25T11:10:12.019Z",
    "submitted_for_moderation": false,
    "content_json": "{\"search_description\": \"\", \"owner\": 1, \"latest_revision_created_at\": \"2015-11-25T11:09:13.966Z\", \"go_live_at\": null, \"feed_image\": 9, \"title\": \"Sample gallery\", \"seo_title\": \"\", \"slug\": \"sample-gallery\", \"live\": true, \"has_unpublished_changes\": false, \"tagged_items\": [{\"pk\": null, \"tag\": 3, \"content_object\": 9}], \"numchild\": 0, \"content_type\": 63, \"show_in_menus\": true, \"path\": \"0001000100030001\", \"url_path\": \"/home/photo-gallery/sample-gallery/\", \"expired\": false, \"pk\": 9, \"locked\": false, \"depth\": 4, \"first_published_at\": \"2015-11-25T11:09:14.114Z\", \"expire_at\": null}",
    "user": [
      "admin"
    ],
    "page": 9
  },
  "model": "wagtailcore.pagerevision",
  "pk": 10
},
{
  "fields": {
    "approved_go_live_at": null,
    "created_at": "2015-11-25T11:11:24.451Z",
    "submitted_for_moderation": false,
    "content_json": "{\"search_description\": \"\", \"owner\": 1, \"intro\": \"\", \"latest_revision_created_at\": null, \"go_live_at\": null, \"related_links\": [], \"title\": \"Blog Index\", \"seo_title\": \"\", \"slug\": \"blog-index\", \"live\": true, \"has_unpublished_changes\": false, \"numchild\": 0, \"content_type\": 40, \"show_in_menus\": true, \"path\": \"000100010004\", \"url_path\": \"/home/blog-index/\", \"expired\": false, \"pk\": 10, \"locked\": false, \"depth\": 3, \"first_published_at\": null, \"expire_at\": null}",
    "user": [
      "admin"
    ],
    "page": 10
  },
  "model": "wagtailcore.pagerevision",
  "pk": 11
},
{
  "fields": {
    "approved_go_live_at": null,
    "created_at": "2015-11-25T11:12:46.240Z",
    "submitted_for_moderation": false,
    "content_json": "{\"carousel_items\": [], \"search_description\": \"\", \"owner\": 1, \"intro\": \"<p>Lorem ipsum dolor sit amet, consectetur adipiscing elit. Aliquam et mauris eu nibh elementum blandit varius sit amet enim. Quisque massa leo, ornare in mattis vitae, vehicula vestibulum diam. Phasellus id leo placerat, vehicula diam nec, interdum mi. Nunc lacinia massa tristique nunc accumsan, eu dapibus odio feugiat.</p>\", \"latest_revision_created_at\": null, \"go_live_at\": null, \"feed_image\": 9, \"related_links\": [], \"title\": \"Blog Post 1\", \"seo_title\": \"\", \"slug\": \"blog-post-1\", \"live\": true, \"has_unpublished_changes\": false, \"tagged_items\": [], \"body\": \"<p>Lorem ipsum dolor sit amet, consectetur adipiscing elit. Aliquam et mauris eu nibh elementum blandit varius sit amet enim. Quisque massa leo, ornare in mattis vitae, vehicula vestibulum diam. Phasellus id leo placerat, vehicula diam nec, interdum mi. Nunc lacinia massa tristique nunc accumsan, eu dapibus odio feugiat. Donec varius quam dictum placerat porttitor. Vivamus fermentum cursus nibh in facilisis. Aenean in justo auctor, faucibus risus eu, semper nisl. Ut nec suscipit nibh. Donec feugiat eget dui in rhoncus. Curabitur imperdiet tortor ut quam tempus sagittis. Morbi lectus magna, viverra ut turpis a, dapibus sollicitudin diam. Morbi vel urna suscipit, sodales ante id, luctus velit.</p><p><br/></p><p>Fusce et diam quis ipsum pulvinar euismod sit amet ac libero. Proin mauris ligula, egestas at tempus non, tempor et dolor. Proin porttitor, nibh quis consequat posuere, dolor eros eleifend nisi, ac semper ex nulla sit amet urna. Ut venenatis eros nec gravida molestie. Integer hendrerit mollis odio vitae porttitor. Sed ut elementum magna. Morbi laoreet odio lorem, eu fringilla nulla venenatis id. Duis nisl erat, aliquet in tortor eget, ullamcorper varius quam. Sed venenatis posuere ipsum, ut maximus ligula tristique fermentum. Ut eget porttitor quam. In varius diam quis viverra porttitor.</p><p><br/></p><p>In leo purus, efficitur ut eleifend lacinia, pharetra et metus. Nullam enim sapien, vehicula vel purus id, vehicula pretium turpis. Maecenas mattis nulla convallis leo sodales vulputate. In nunc nunc, pretium ut turpis in, tempor varius ligula. Vestibulum facilisis enim ac sagittis vestibulum. Phasellus eros lectus, posuere nec malesuada efficitur, dictum sit amet magna. Phasellus varius dui ac nisi pretium dignissim. Etiam elementum lacus urna, in tincidunt sem pellentesque vitae. Etiam porta purus id porta dictum. Curabitur tristique iaculis turpis, eget mollis mauris commodo at. Nullam dignissim, tellus sed porttitor volutpat, ex lectus facilisis ante, at egestas tortor tellus sit amet massa. Cras pellentesque venenatis est sed molestie. Donec sollicitudin erat ac rhoncus egestas. Pellentesque condimentum non elit suscipit commodo. Suspendisse a felis ac leo egestas venenatis.</p>\", \"numchild\": 0, \"content_type\": 44, \"show_in_menus\": true, \"date\": \"2015-11-20\", \"path\": \"0001000100040001\", \"url_path\": \"/home/blog-index/blog-post-1/\", \"expired\": false, \"pk\": 11, \"locked\": false, \"depth\": 4, \"first_published_at\": null, \"expire_at\": null}",
    "user": [
      "admin"
    ],
    "page": 11
  },
  "model": "wagtailcore.pagerevision",
  "pk": 12
},
{
  "fields": {
    "approved_go_live_at": null,
    "created_at": "2015-12-22T11:05:45.446Z",
    "submitted_for_moderation": false,
    "content_json": "{\"to_address\": \"\", \"from_address\": \"\", \"telephone\": \"\", \"search_description\": \"\", \"owner\": 1, \"intro\": \"\", \"latest_revision_created_at\": null, \"go_live_at\": null, \"name_organization\": \"\", \"city\": \"\", \"title\": \"Contact Us\", \"seo_title\": \"\", \"slug\": \"contact-us\", \"live\": true, \"has_unpublished_changes\": false, \"subject\": \"\", \"email\": \"\", \"post_code\": \"\", \"numchild\": 0, \"content_type\": 54, \"show_in_menus\": true, \"thank_you_text\": \"<p>Thanks for your interest</p>\", \"path\": \"000100010005\", \"url_path\": \"/home/contact-us/\", \"expired\": false, \"pk\": 12, \"locked\": false, \"country\": \"\", \"form_fields\": [{\"default_value\": \"\", \"field_type\": \"singleline\", \"required\": true, \"choices\": \"\", \"sort_order\": 0, \"help_text\": \"\", \"pk\": 1, \"label\": \"Name\", \"page\": 12}, {\"default_value\": \"\", \"field_type\": \"email\", \"required\": true, \"choices\": \"\", \"sort_order\": 1, \"help_text\": \"\", \"pk\": 2, \"label\": \"e-mail\", \"page\": 12}, {\"default_value\": \"\", \"field_type\": \"multiline\", \"required\": true, \"choices\": \"\", \"sort_order\": 2, \"help_text\": \"\", \"pk\": 3, \"label\": \"Message\", \"page\": 12}], \"depth\": 3, \"address_1\": \"\", \"address_2\": \"\", \"first_published_at\": null, \"expire_at\": null}",
    "user": [
      "admin"
    ],
    "page": 12
  },
  "model": "wagtailcore.pagerevision",
  "pk": 13
},
{
  "fields": {
    "approved_go_live_at": null,
    "created_at": "2015-12-22T11:28:02.697Z",
    "submitted_for_moderation": false,
    "content_json": "{\"search_description\": \"\", \"owner\": 1, \"intro\": \"<p>Upcoming Events</p>\", \"latest_revision_created_at\": null, \"go_live_at\": null, \"related_links\": [], \"title\": \"event-index\", \"seo_title\": \"\", \"slug\": \"event-index\", \"live\": true, \"has_unpublished_changes\": false, \"numchild\": 0, \"content_type\": 46, \"show_in_menus\": true, \"path\": \"000100010006\", \"url_path\": \"/home/event-index/\", \"expired\": false, \"pk\": 13, \"locked\": false, \"depth\": 3, \"first_published_at\": null, \"expire_at\": null}",
    "user": [
      "admin"
    ],
    "page": 13
  },
  "model": "wagtailcore.pagerevision",
  "pk": 14
},
{
  "fields": {
    "approved_go_live_at": null,
    "created_at": "2015-12-22T11:28:49.683Z",
    "submitted_for_moderation": false,
    "content_json": "{\"search_description\": \"\", \"owner\": 1, \"intro\": \"<p>Upcoming Events</p>\", \"latest_revision_created_at\": \"2015-12-22T11:28:02.697Z\", \"go_live_at\": null, \"related_links\": [], \"title\": \"Event-index\", \"seo_title\": \"\", \"slug\": \"event-index\", \"live\": true, \"has_unpublished_changes\": false, \"numchild\": 0, \"content_type\": 46, \"show_in_menus\": true, \"path\": \"000100010002\", \"url_path\": \"/home/event-index/\", \"expired\": false, \"pk\": 13, \"locked\": false, \"depth\": 3, \"first_published_at\": \"2015-12-22T11:28:02.862Z\", \"expire_at\": null}",
    "user": [
      "admin"
    ],
    "page": 13
  },
  "model": "wagtailcore.pagerevision",
  "pk": 15
},
{
  "fields": {
    "approved_go_live_at": null,
    "created_at": "2015-12-22T11:31:32.889Z",
    "submitted_for_moderation": false,
    "content_json": "{\"search_description\": \"\", \"owner\": 1, \"intro\": \"<p>Upcoming Events</p>\", \"latest_revision_created_at\": \"2015-12-22T11:28:49.683Z\", \"go_live_at\": null, \"related_links\": [], \"title\": \"Event Index\", \"seo_title\": \"\", \"slug\": \"event-index\", \"live\": true, \"has_unpublished_changes\": false, \"numchild\": 0, \"content_type\": 46, \"show_in_menus\": true, \"path\": \"000100010002\", \"url_path\": \"/home/event-index/\", \"expired\": false, \"pk\": 13, \"locked\": false, \"depth\": 3, \"first_published_at\": \"2015-12-22T11:28:02.862Z\", \"expire_at\": null}",
    "user": [
      "admin"
    ],
    "page": 13
  },
  "model": "wagtailcore.pagerevision",
  "pk": 16
},
{
  "fields": {
    "approved_go_live_at": null,
    "created_at": "2015-12-22T11:33:02.591Z",
    "submitted_for_moderation": false,
    "content_json": "{\"carousel_items\": [], \"show_in_menus\": false, \"search_description\": \"\", \"owner\": 1, \"cost\": \"\", \"latest_revision_created_at\": null, \"time_to\": \"18:00:00\", \"go_live_at\": null, \"feed_image\": null, \"related_links\": [], \"title\": \"Cookiecutter launch\", \"signup_link\": \"\", \"date_from\": \"2015-12-16\", \"seo_title\": \"\", \"slug\": \"cookiecutter-launch\", \"live\": true, \"location\": \"ChrisDev Headquarters\", \"has_unpublished_changes\": false, \"body\": \"\", \"numchild\": 0, \"time_from\": \"17:00:00\", \"speakers\": [], \"audience\": \"public\", \"content_type\": 50, \"date_to\": \"2015-12-16\", \"path\": \"0001000100020001\", \"url_path\": \"/home/event-index/cookiecutter-launch/\", \"expired\": false, \"pk\": 14, \"locked\": false, \"depth\": 4, \"first_published_at\": null, \"expire_at\": null}",
    "user": [
      "admin"
    ],
    "page": 14
  },
  "model": "wagtailcore.pagerevision",
  "pk": 17
},
{
  "fields": {
    "approved_go_live_at": null,
    "created_at": "2015-12-22T11:33:24.302Z",
    "submitted_for_moderation": false,
    "content_json": "{\"carousel_items\": [], \"show_in_menus\": true, \"search_description\": \"\", \"owner\": 1, \"cost\": \"\", \"latest_revision_created_at\": \"2015-12-22T11:33:02.591Z\", \"time_to\": \"18:00:00\", \"go_live_at\": null, \"feed_image\": null, \"related_links\": [], \"title\": \"Cookiecutter launch\", \"signup_link\": \"\", \"date_from\": \"2015-12-16\", \"seo_title\": \"\", \"slug\": \"cookiecutter-launch\", \"live\": true, \"location\": \"ChrisDev Headquarters\", \"has_unpublished_changes\": false, \"body\": \"\", \"numchild\": 0, \"time_from\": \"17:00:00\", \"speakers\": [], \"audience\": \"public\", \"content_type\": 50, \"date_to\": \"2015-12-16\", \"path\": \"0001000100020001\", \"url_path\": \"/home/event-index/cookiecutter-launch/\", \"expired\": false, \"pk\": 14, \"locked\": false, \"depth\": 4, \"first_published_at\": \"2015-12-22T11:33:02.643Z\", \"expire_at\": null}",
    "user": [
      "admin"
    ],
    "page": 14
  },
  "model": "wagtailcore.pagerevision",
  "pk": 18
},
{
  "fields": {
    "approved_go_live_at": null,
    "created_at": "2015-12-22T11:35:12.797Z",
    "submitted_for_moderation": false,
    "content_json": "{\"carousel_items\": [], \"show_in_menus\": true, \"search_description\": \"\", \"owner\": 1, \"cost\": \"\", \"latest_revision_created_at\": \"2015-12-22T11:33:24.302Z\", \"time_to\": \"18:00:00\", \"go_live_at\": null, \"feed_image\": null, \"related_links\": [], \"title\": \"Cookiecutter launch\", \"signup_link\": \"\", \"date_from\": \"2015-12-23\", \"seo_title\": \"\", \"slug\": \"cookiecutter-launch\", \"live\": true, \"location\": \"ChrisDev Headquarters\", \"has_unpublished_changes\": false, \"body\": \"\", \"numchild\": 0, \"time_from\": \"17:00:00\", \"speakers\": [], \"audience\": \"public\", \"content_type\": 50, \"date_to\": \"2015-12-24\", \"path\": \"0001000100020001\", \"url_path\": \"/home/event-index/cookiecutter-launch/\", \"expired\": false, \"pk\": 14, \"locked\": false, \"depth\": 4, \"first_published_at\": \"2015-12-22T11:33:02.643Z\", \"expire_at\": null}",
    "user": [
      "admin"
    ],
    "page": 14
  },
  "model": "wagtailcore.pagerevision",
  "pk": 19
},
{
  "fields": {
    "approved_go_live_at": null,
    "created_at": "2015-12-22T11:36:04.984Z",
    "submitted_for_moderation": false,
    "content_json": "{\"carousel_items\": [], \"show_in_menus\": true, \"search_description\": \"\", \"owner\": 1, \"cost\": \"\", \"latest_revision_created_at\": \"2015-12-22T11:35:12.797Z\", \"time_to\": \"18:00:00\", \"go_live_at\": null, \"feed_image\": null, \"related_links\": [], \"title\": \"Cookiecutter launch\", \"signup_link\": \"\", \"date_from\": \"2015-12-23\", \"seo_title\": \"\", \"slug\": \"cookiecutter-launch\", \"live\": true, \"location\": \"ChrisDev Headquarters\", \"has_unpublished_changes\": false, \"body\": \"\", \"numchild\": 0, \"time_from\": \"17:00:00\", \"speakers\": [], \"audience\": \"public\", \"content_type\": 50, \"date_to\": null, \"path\": \"0001000100020001\", \"url_path\": \"/home/event-index/cookiecutter-launch/\", \"expired\": false, \"pk\": 14, \"locked\": false, \"depth\": 4, \"first_published_at\": \"2015-12-22T11:33:02.643Z\", \"expire_at\": null}",
    "user": [
      "admin"
    ],
    "page": 14
  },
  "model": "wagtailcore.pagerevision",
  "pk": 20
},
{
  "fields": {
    "group": [
      "Moderators"
    ],
    "page": 1,
    "permission_type": "add"
  },
  "model": "wagtailcore.grouppagepermission",
  "pk": 1
},
{
  "fields": {
    "group": [
      "Moderators"
    ],
    "page": 1,
    "permission_type": "edit"
  },
  "model": "wagtailcore.grouppagepermission",
  "pk": 2
},
{
  "fields": {
    "group": [
      "Moderators"
    ],
    "page": 1,
    "permission_type": "publish"
  },
  "model": "wagtailcore.grouppagepermission",
  "pk": 3
},
{
  "fields": {
    "group": [
      "Editors"
    ],
    "page": 1,
    "permission_type": "add"
  },
  "model": "wagtailcore.grouppagepermission",
  "pk": 4
},
{
  "fields": {
    "group": [
      "Editors"
    ],
    "page": 1,
    "permission_type": "edit"
  },
  "model": "wagtailcore.grouppagepermission",
  "pk": 5
},
{
  "fields": {
    "group": [
      "Moderators"
    ],
    "page": 1,
    "permission_type": "lock"
  },
  "model": "wagtailcore.grouppagepermission",
  "pk": 6
},
{
  "fields": {
    "slug": "1",
    "link_page": null,
    "title": "Foundation",
    "image": 3,
    "link_external": "",
    "summary": "",
    "content": "<p>The most advanced responsive front-end framework in the world.</p>",
    "sort_order": 0,
    "link_document": null,
    "page": 3
  },
  "model": "pages.homepagecontentitem",
  "pk": 1
},
{
  "fields": {
    "slug": "2",
    "link_page": null,
    "title": "Wagtail",
    "image": 10,
    "link_external": "",
    "summary": "",
    "content": "<p>Wagtail is an open source CMS written in Python and built on the Django framework.</p>",
    "sort_order": 1,
    "link_document": null,
    "page": 3
  },
  "model": "pages.homepagecontentitem",
  "pk": 2
},
{
  "fields": {
    "slug": "3",
    "link_page": null,
    "title": "Ansible",
    "image": 4,
    "link_external": "",
    "summary": "",
    "content": "<p>Ansible for easy Provisioning and Deployment</p>",
    "sort_order": 2,
    "link_document": null,
    "page": 3
  },
  "model": "pages.homepagecontentitem",
  "pk": 3
},
{
  "fields": {
    "slug": "4",
    "link_page": null,
    "title": "Sass",
    "image": 7,
    "link_external": "",
    "summary": "<p><br/></p>",
    "content": "<p>100% SASS</p>",
    "sort_order": 3,
    "link_document": null,
    "page": 3
  },
  "model": "pages.homepagecontentitem",
  "pk": 4
},
{
  "fields": {
    "slug": "5",
    "link_page": null,
    "title": "PostgreSQL",
    "image": 6,
    "link_external": "",
    "summary": "",
    "content": "<p>PostgreSQL everywhere</p>",
    "sort_order": 4,
    "link_document": null,
    "page": 3
  },
  "model": "pages.homepagecontentitem",
  "pk": 5
},
{
  "fields": {
    "slug": "6",
    "link_page": null,
    "title": "Digital Ocean",
    "image": 1,
    "link_external": "",
    "summary": "",
    "content": "<p>Spin up your server with the Digital ocean API</p>",
    "sort_order": 5,
    "link_document": null,
    "page": 3
  },
  "model": "pages.homepagecontentitem",
  "pk": 6
},
{
  "fields": {
    "link_page": null,
    "embed_url": "",
    "image": 2,
    "link_external": "",
    "caption": "",
    "sort_order": 0,
    "link_document": null,
    "page": 3
  },
  "model": "pages.homepagecarouselitem",
  "pk": 1
},
{
  "fields": {
    "link_page": null,
    "embed_url": "",
    "image": 9,
    "link_external": "",
    "caption": "",
    "sort_order": 1,
    "link_document": null,
    "page": 3
  },
  "model": "pages.homepagecarouselitem",
  "pk": 2
},
{
  "fields": {
    "link_page": null,
    "embed_url": "",
    "image": 5,
    "link_external": "",
    "caption": "",
    "sort_order": 2,
    "link_document": null,
    "page": 3
  },
  "model": "pages.homepagecarouselitem",
  "pk": 3
},
{
  "fields": {
    "link_page": null,
    "embed_url": "",
    "image": 8,
    "link_external": "",
    "caption": "",
    "sort_order": 3,
    "link_document": null,
    "page": 3
  },
  "model": "pages.homepagecarouselitem",
  "pk": 4
},
{
  "fields": {
    "body": "<p>A cookiecutter template for Wagtail CMS featuring Zurb Foundation front-end framework.</p>",
    "title_text": "<h3>Welcome to Wagtail Cookiecutter Foundation</h3>"
  },
  "model": "pages.homepage",
  "pk": 3
},
{
  "fields": {
    "feed_image": null,
    "intro": "<p>Lorem ipsum dolor sit amet, consectetur adipiscing elit. Aliquam et mauris eu nibh elementum blandit varius sit amet enim. Quisque massa leo, ornare in mattis vitae, vehicula vestibulum diam. Phasellus id leo placerat, vehicula diam nec, interdum mi. Nunc lacinia massa tristique nunc accumsan, eu dapibus odio feugiat. Donec varius quam dictum placerat porttitor. Vivamus fermentum cursus nibh in facilisis. Aenean in justo auctor, faucibus risus eu, semper nisl. Ut nec suscipit nibh. Donec feugiat eget dui in rhoncus. Curabitur imperdiet tortor ut quam tempus sagittis. Morbi lectus magna, viverra ut turpis a, dapibus sollicitudin diam. Morbi vel urna suscipit, sodales ante id, luctus velit.</p>",
    "subtitle": ""
  },
  "model": "pages.standardindexpage",
  "pk": 4
},
{
  "fields": {
    "body": "<p>Lorem ipsum dolor sit amet, consectetur adipiscing elit. Aliquam et mauris eu nibh elementum blandit varius sit amet enim. Quisque massa leo, ornare in mattis vitae, vehicula vestibulum diam. Phasellus id leo placerat, vehicula diam nec, interdum mi. Nunc lacinia massa tristique nunc accumsan, eu dapibus odio feugiat. Donec varius quam dictum placerat porttitor. Vivamus fermentum cursus nibh in facilisis. Aenean in justo auctor, faucibus risus eu, semper nisl. Ut nec suscipit nibh. Donec feugiat eget dui in rhoncus. Curabitur imperdiet tortor ut quam tempus sagittis. Morbi lectus magna, viverra ut turpis a, dapibus sollicitudin diam. Morbi vel urna suscipit, sodales ante id, luctus velit.</p><p><br/></p><p>Fusce et diam quis ipsum pulvinar euismod sit amet ac libero. Proin mauris ligula, egestas at tempus non, tempor et dolor. Proin porttitor, nibh quis consequat posuere, dolor eros eleifend nisi, ac semper ex nulla sit amet urna. Ut venenatis eros nec gravida molestie. Integer hendrerit mollis odio vitae porttitor. Sed ut elementum magna. Morbi laoreet odio lorem, eu fringilla nulla venenatis id. Duis nisl erat, aliquet in tortor eget, ullamcorper varius quam. Sed venenatis posuere ipsum, ut maximus ligula tristique fermentum. Ut eget porttitor quam. In varius diam quis viverra porttitor.</p><p><br/></p><p>In leo purus, efficitur ut eleifend lacinia, pharetra et metus. Nullam enim sapien, vehicula vel purus id, vehicula pretium turpis. Maecenas mattis nulla convallis leo sodales vulputate. In nunc nunc, pretium ut turpis in, tempor varius ligula. Vestibulum facilisis enim ac sagittis vestibulum. Phasellus eros lectus, posuere nec malesuada efficitur, dictum sit amet magna. Phasellus varius dui ac nisi pretium dignissim. Etiam elementum lacus urna, in tincidunt sem pellentesque vitae. Etiam porta purus id porta dictum. Curabitur tristique iaculis turpis, eget mollis mauris commodo at. Nullam dignissim, tellus sed porttitor volutpat, ex lectus facilisis ante, at egestas tortor tellus sit amet massa. Cras pellentesque venenatis est sed molestie. Donec sollicitudin erat ac rhoncus egestas. Pellentesque condimentum non elit suscipit commodo. Suspendisse a felis ac leo egestas venenatis.</p>",
    "feed_image": null,
    "intro": "",
    "subtitle": ""
  },
  "model": "pages.standardpage",
  "pk": 5
},
{
  "fields": {
    "intro": ""
  },
  "model": "blog.blogindexpage",
  "pk": 10
},
{
  "fields": {
    "body": "<p>Lorem ipsum dolor sit amet, consectetur adipiscing elit. Aliquam et mauris eu nibh elementum blandit varius sit amet enim. Quisque massa leo, ornare in mattis vitae, vehicula vestibulum diam. Phasellus id leo placerat, vehicula diam nec, interdum mi. Nunc lacinia massa tristique nunc accumsan, eu dapibus odio feugiat. Donec varius quam dictum placerat porttitor. Vivamus fermentum cursus nibh in facilisis. Aenean in justo auctor, faucibus risus eu, semper nisl. Ut nec suscipit nibh. Donec feugiat eget dui in rhoncus. Curabitur imperdiet tortor ut quam tempus sagittis. Morbi lectus magna, viverra ut turpis a, dapibus sollicitudin diam. Morbi vel urna suscipit, sodales ante id, luctus velit.</p><p><br/></p><p>Fusce et diam quis ipsum pulvinar euismod sit amet ac libero. Proin mauris ligula, egestas at tempus non, tempor et dolor. Proin porttitor, nibh quis consequat posuere, dolor eros eleifend nisi, ac semper ex nulla sit amet urna. Ut venenatis eros nec gravida molestie. Integer hendrerit mollis odio vitae porttitor. Sed ut elementum magna. Morbi laoreet odio lorem, eu fringilla nulla venenatis id. Duis nisl erat, aliquet in tortor eget, ullamcorper varius quam. Sed venenatis posuere ipsum, ut maximus ligula tristique fermentum. Ut eget porttitor quam. In varius diam quis viverra porttitor.</p><p><br/></p><p>In leo purus, efficitur ut eleifend lacinia, pharetra et metus. Nullam enim sapien, vehicula vel purus id, vehicula pretium turpis. Maecenas mattis nulla convallis leo sodales vulputate. In nunc nunc, pretium ut turpis in, tempor varius ligula. Vestibulum facilisis enim ac sagittis vestibulum. Phasellus eros lectus, posuere nec malesuada efficitur, dictum sit amet magna. Phasellus varius dui ac nisi pretium dignissim. Etiam elementum lacus urna, in tincidunt sem pellentesque vitae. Etiam porta purus id porta dictum. Curabitur tristique iaculis turpis, eget mollis mauris commodo at. Nullam dignissim, tellus sed porttitor volutpat, ex lectus facilisis ante, at egestas tortor tellus sit amet massa. Cras pellentesque venenatis est sed molestie. Donec sollicitudin erat ac rhoncus egestas. Pellentesque condimentum non elit suscipit commodo. Suspendisse a felis ac leo egestas venenatis.</p>",
    "date": "2015-11-20",
    "intro": "<p>Lorem ipsum dolor sit amet, consectetur adipiscing elit. Aliquam et mauris eu nibh elementum blandit varius sit amet enim. Quisque massa leo, ornare in mattis vitae, vehicula vestibulum diam. Phasellus id leo placerat, vehicula diam nec, interdum mi. Nunc lacinia massa tristique nunc accumsan, eu dapibus odio feugiat.</p>",
    "feed_image": 9
  },
  "model": "blog.blogpage",
  "pk": 11
},
{
  "fields": {
    "intro": "<p>Upcoming Events</p>"
  },
  "model": "events.eventindexpage",
  "pk": 13
},
{
  "fields": {
    "body": "",
    "feed_image": null,
    "date_from": "2015-12-23",
    "time_from": "17:00:00",
    "audience": "public",
    "cost": "",
    "location": "ChrisDev Headquarters",
    "date_to": null,
    "time_to": "18:00:00",
    "signup_link": ""
  },
  "model": "events.eventpage",
  "pk": 14
},
{
  "fields": {
    "default_value": "",
    "field_type": "singleline",
    "required": true,
    "choices": "",
    "sort_order": 0,
    "help_text": "",
    "label": "Name",
    "page": 12
  },
  "model": "contact.contactformfield",
  "pk": 1
},
{
  "fields": {
    "default_value": "",
    "field_type": "email",
    "required": true,
    "choices": "",
    "sort_order": 1,
    "help_text": "",
    "label": "e-mail",
    "page": 12
  },
  "model": "contact.contactformfield",
  "pk": 2
},
{
  "fields": {
    "default_value": "",
    "field_type": "multiline",
    "required": true,
    "choices": "",
    "sort_order": 2,
    "help_text": "",
    "label": "Message",
    "page": 12
  },
  "model": "contact.contactformfield",
  "pk": 3
},
{
  "fields": {
    "name_organization": "",
    "city": "",
    "post_code": "",
    "to_address": "",
    "from_address": "",
    "country": "",
    "telephone": "",
    "intro": "",
    "address_1": "",
    "address_2": "",
    "thank_you_text": "<p>Thanks for your interest</p>",
    "email": "",
    "subject": ""
  },
  "model": "contact.contactpage",
  "pk": 12
},
{
  "fields": {
    "feed_image": null,
    "intro": "<p>Welcome to photo gallery!</p>"
  },
  "model": "photo_gallery.galleryindexpage",
  "pk": 8
},
{
  "fields": {
    "content_object": 9,
    "tag": 3
  },
  "model": "photo_gallery.gallerypagetag",
  "pk": 2
},
{
  "fields": {
    "feed_image": 9
  },
  "model": "photo_gallery.gallerypage",
  "pk": 9
},
{
  "fields": {
    "feed_image": null,
    "intro": "<p>Welcome to documents gallery!</p>"
  },
  "model": "documents_gallery.documentsindexpage",
  "pk": 6
},
{
  "fields": {
    "content_object": 7,
    "tag": 1
  },
  "model": "documents_gallery.documentspagetag",
  "pk": 1
},
{
  "fields": {
    "content_object": 7,
    "tag": 2
  },
  "model": "documents_gallery.documentspagetag",
  "pk": 2
},
{
  "fields": {
    "feed_image": null
  },
  "model": "documents_gallery.documentspage",
  "pk": 7
}
]
