[
{
  "fields": {
    "codename": "add_image",
    "name": "Can add image",
    "content_type": [
      "wagtailimages",
      "image"
    ]
  },
  "model": "auth.permission",
  "pk": 1
},
{
  "fields": {
    "codename": "change_image",
    "name": "Can change image",
    "content_type": [
      "wagtailimages",
      "image"
    ]
  },
  "model": "auth.permission",
  "pk": 2
},
{
  "fields": {
    "codename": "delete_image",
    "name": "Can delete image",
    "content_type": [
      "wagtailimages",
      "image"
    ]
  },
  "model": "auth.permission",
  "pk": 3
},
{
  "fields": {
    "codename": "add_document",
    "name": "Can add document",
    "content_type": [
      "wagtaildocs",
      "document"
    ]
  },
  "model": "auth.permission",
  "pk": 4
},
{
  "fields": {
    "codename": "change_document",
    "name": "Can change document",
    "content_type": [
      "wagtaildocs",
      "document"
    ]
  },
  "model": "auth.permission",
  "pk": 5
},
{
  "fields": {
    "codename": "delete_document",
    "name": "Can delete document",
    "content_type": [
      "wagtaildocs",
      "document"
    ]
  },
  "model": "auth.permission",
  "pk": 6
},
{
  "fields": {
    "codename": "access_admin",
    "name": "Can access Wagtail admin",
    "content_type": [
      "wagtailadmin",
      "admin"
    ]
  },
  "model": "auth.permission",
  "pk": 7
},
{
  "fields": {
    "codename": "add_logentry",
    "name": "Can add log entry",
    "content_type": [
      "admin",
      "logentry"
    ]
  },
  "model": "auth.permission",
  "pk": 8
},
{
  "fields": {
    "codename": "change_logentry",
    "name": "Can change log entry",
    "content_type": [
      "admin",
      "logentry"
    ]
  },
  "model": "auth.permission",
  "pk": 9
},
{
  "fields": {
    "codename": "delete_logentry",
    "name": "Can delete log entry",
    "content_type": [
      "admin",
      "logentry"
    ]
  },
  "model": "auth.permission",
  "pk": 10
},
{
  "fields": {
    "codename": "add_permission",
    "name": "Can add permission",
    "content_type": [
      "auth",
      "permission"
    ]
  },
  "model": "auth.permission",
  "pk": 11
},
{
  "fields": {
    "codename": "change_permission",
    "name": "Can change permission",
    "content_type": [
      "auth",
      "permission"
    ]
  },
  "model": "auth.permission",
  "pk": 12
},
{
  "fields": {
    "codename": "delete_permission",
    "name": "Can delete permission",
    "content_type": [
      "auth",
      "permission"
    ]
  },
  "model": "auth.permission",
  "pk": 13
},
{
  "fields": {
    "codename": "add_group",
    "name": "Can add group",
    "content_type": [
      "auth",
      "group"
    ]
  },
  "model": "auth.permission",
  "pk": 14
},
{
  "fields": {
    "codename": "change_group",
    "name": "Can change group",
    "content_type": [
      "auth",
      "group"
    ]
  },
  "model": "auth.permission",
  "pk": 15
},
{
  "fields": {
    "codename": "delete_group",
    "name": "Can delete group",
    "content_type": [
      "auth",
      "group"
    ]
  },
  "model": "auth.permission",
  "pk": 16
},
{
  "fields": {
    "codename": "add_user",
    "name": "Can add user",
    "content_type": [
      "auth",
      "user"
    ]
  },
  "model": "auth.permission",
  "pk": 17
},
{
  "fields": {
    "codename": "change_user",
    "name": "Can change user",
    "content_type": [
      "auth",
      "user"
    ]
  },
  "model": "auth.permission",
  "pk": 18
},
{
  "fields": {
    "codename": "delete_user",
    "name": "Can delete user",
    "content_type": [
      "auth",
      "user"
    ]
  },
  "model": "auth.permission",
  "pk": 19
},
{
  "fields": {
    "codename": "add_contenttype",
    "name": "Can add content type",
    "content_type": [
      "contenttypes",
      "contenttype"
    ]
  },
  "model": "auth.permission",
  "pk": 20
},
{
  "fields": {
    "codename": "change_contenttype",
    "name": "Can change content type",
    "content_type": [
      "contenttypes",
      "contenttype"
    ]
  },
  "model": "auth.permission",
  "pk": 21
},
{
  "fields": {
    "codename": "delete_contenttype",
    "name": "Can delete content type",
    "content_type": [
      "contenttypes",
      "contenttype"
    ]
  },
  "model": "auth.permission",
  "pk": 22
},
{
  "fields": {
    "codename": "add_session",
    "name": "Can add session",
    "content_type": [
      "sessions",
      "session"
    ]
  },
  "model": "auth.permission",
  "pk": 23
},
{
  "fields": {
    "codename": "change_session",
    "name": "Can change session",
    "content_type": [
      "sessions",
      "session"
    ]
  },
  "model": "auth.permission",
  "pk": 24
},
{
  "fields": {
    "codename": "delete_session",
    "name": "Can delete session",
    "content_type": [
      "sessions",
      "session"
    ]
  },
  "model": "auth.permission",
  "pk": 25
},
{
  "fields": {
    "codename": "add_tag",
    "name": "Can add Tag",
    "content_type": [
      "taggit",
      "tag"
    ]
  },
  "model": "auth.permission",
  "pk": 26
},
{
  "fields": {
    "codename": "change_tag",
    "name": "Can change Tag",
    "content_type": [
      "taggit",
      "tag"
    ]
  },
  "model": "auth.permission",
  "pk": 27
},
{
  "fields": {
    "codename": "delete_tag",
    "name": "Can delete Tag",
    "content_type": [
      "taggit",
      "tag"
    ]
  },
  "model": "auth.permission",
  "pk": 28
},
{
  "fields": {
    "codename": "add_taggeditem",
    "name": "Can add Tagged Item",
    "content_type": [
      "taggit",
      "taggeditem"
    ]
  },
  "model": "auth.permission",
  "pk": 29
},
{
  "fields": {
    "codename": "change_taggeditem",
    "name": "Can change Tagged Item",
    "content_type": [
      "taggit",
      "taggeditem"
    ]
  },
  "model": "auth.permission",
  "pk": 30
},
{
  "fields": {
    "codename": "delete_taggeditem",
    "name": "Can delete Tagged Item",
    "content_type": [
      "taggit",
      "taggeditem"
    ]
  },
  "model": "auth.permission",
  "pk": 31
},
{
  "fields": {
    "codename": "add_site",
    "name": "Can add site",
    "content_type": [
      "wagtailcore",
      "site"
    ]
  },
  "model": "auth.permission",
  "pk": 32
},
{
  "fields": {
    "codename": "change_site",
    "name": "Can change site",
    "content_type": [
      "wagtailcore",
      "site"
    ]
  },
  "model": "auth.permission",
  "pk": 33
},
{
  "fields": {
    "codename": "delete_site",
    "name": "Can delete site",
    "content_type": [
      "wagtailcore",
      "site"
    ]
  },
  "model": "auth.permission",
  "pk": 34
},
{
  "fields": {
    "codename": "add_page",
    "name": "Can add page",
    "content_type": [
      "wagtailcore",
      "page"
    ]
  },
  "model": "auth.permission",
  "pk": 35
},
{
  "fields": {
    "codename": "change_page",
    "name": "Can change page",
    "content_type": [
      "wagtailcore",
      "page"
    ]
  },
  "model": "auth.permission",
  "pk": 36
},
{
  "fields": {
    "codename": "delete_page",
    "name": "Can delete page",
    "content_type": [
      "wagtailcore",
      "page"
    ]
  },
  "model": "auth.permission",
  "pk": 37
},
{
  "fields": {
    "codename": "add_pagerevision",
    "name": "Can add page revision",
    "content_type": [
      "wagtailcore",
      "pagerevision"
    ]
  },
  "model": "auth.permission",
  "pk": 38
},
{
  "fields": {
    "codename": "change_pagerevision",
    "name": "Can change page revision",
    "content_type": [
      "wagtailcore",
      "pagerevision"
    ]
  },
  "model": "auth.permission",
  "pk": 39
},
{
  "fields": {
    "codename": "delete_pagerevision",
    "name": "Can delete page revision",
    "content_type": [
      "wagtailcore",
      "pagerevision"
    ]
  },
  "model": "auth.permission",
  "pk": 40
},
{
  "fields": {
    "codename": "add_grouppagepermission",
    "name": "Can add group page permission",
    "content_type": [
      "wagtailcore",
      "grouppagepermission"
    ]
  },
  "model": "auth.permission",
  "pk": 41
},
{
  "fields": {
    "codename": "change_grouppagepermission",
    "name": "Can change group page permission",
    "content_type": [
      "wagtailcore",
      "grouppagepermission"
    ]
  },
  "model": "auth.permission",
  "pk": 42
},
{
  "fields": {
    "codename": "delete_grouppagepermission",
    "name": "Can delete group page permission",
    "content_type": [
      "wagtailcore",
      "grouppagepermission"
    ]
  },
  "model": "auth.permission",
  "pk": 43
},
{
  "fields": {
    "codename": "add_pageviewrestriction",
    "name": "Can add page view restriction",
    "content_type": [
      "wagtailcore",
      "pageviewrestriction"
    ]
  },
  "model": "auth.permission",
  "pk": 44
},
{
  "fields": {
    "codename": "change_pageviewrestriction",
    "name": "Can change page view restriction",
    "content_type": [
      "wagtailcore",
      "pageviewrestriction"
    ]
  },
  "model": "auth.permission",
  "pk": 45
},
{
  "fields": {
    "codename": "delete_pageviewrestriction",
    "name": "Can delete page view restriction",
    "content_type": [
      "wagtailcore",
      "pageviewrestriction"
    ]
  },
  "model": "auth.permission",
  "pk": 46
},
{
  "fields": {
    "codename": "add_userprofile",
    "name": "Can add User Profile",
    "content_type": [
      "wagtailusers",
      "userprofile"
    ]
  },
  "model": "auth.permission",
  "pk": 47
},
{
  "fields": {
    "codename": "change_userprofile",
    "name": "Can change User Profile",
    "content_type": [
      "wagtailusers",
      "userprofile"
    ]
  },
  "model": "auth.permission",
  "pk": 48
},
{
  "fields": {
    "codename": "delete_userprofile",
    "name": "Can delete User Profile",
    "content_type": [
      "wagtailusers",
      "userprofile"
    ]
  },
  "model": "auth.permission",
  "pk": 49
},
{
  "fields": {
    "codename": "add_filter",
    "name": "Can add filter",
    "content_type": [
      "wagtailimages",
      "filter"
    ]
  },
  "model": "auth.permission",
  "pk": 50
},
{
  "fields": {
    "codename": "change_filter",
    "name": "Can change filter",
    "content_type": [
      "wagtailimages",
      "filter"
    ]
  },
  "model": "auth.permission",
  "pk": 51
},
{
  "fields": {
    "codename": "delete_filter",
    "name": "Can delete filter",
    "content_type": [
      "wagtailimages",
      "filter"
    ]
  },
  "model": "auth.permission",
  "pk": 52
},
{
  "fields": {
    "codename": "add_rendition",
    "name": "Can add rendition",
    "content_type": [
      "wagtailimages",
      "rendition"
    ]
  },
  "model": "auth.permission",
  "pk": 53
},
{
  "fields": {
    "codename": "change_rendition",
    "name": "Can change rendition",
    "content_type": [
      "wagtailimages",
      "rendition"
    ]
  },
  "model": "auth.permission",
  "pk": 54
},
{
  "fields": {
    "codename": "delete_rendition",
    "name": "Can delete rendition",
    "content_type": [
      "wagtailimages",
      "rendition"
    ]
  },
  "model": "auth.permission",
  "pk": 55
},
{
  "fields": {
    "codename": "add_embed",
    "name": "Can add Embed",
    "content_type": [
      "wagtailembeds",
      "embed"
    ]
  },
  "model": "auth.permission",
  "pk": 56
},
{
  "fields": {
    "codename": "change_embed",
    "name": "Can change Embed",
    "content_type": [
      "wagtailembeds",
      "embed"
    ]
  },
  "model": "auth.permission",
  "pk": 57
},
{
  "fields": {
    "codename": "delete_embed",
    "name": "Can delete Embed",
    "content_type": [
      "wagtailembeds",
      "embed"
    ]
  },
  "model": "auth.permission",
  "pk": 58
},
{
  "fields": {
    "codename": "add_query",
    "name": "Can add query",
    "content_type": [
      "wagtailsearch",
      "query"
    ]
  },
  "model": "auth.permission",
  "pk": 59
},
{
  "fields": {
    "codename": "change_query",
    "name": "Can change query",
    "content_type": [
      "wagtailsearch",
      "query"
    ]
  },
  "model": "auth.permission",
  "pk": 60
},
{
  "fields": {
    "codename": "delete_query",
    "name": "Can delete query",
    "content_type": [
      "wagtailsearch",
      "query"
    ]
  },
  "model": "auth.permission",
  "pk": 61
},
{
  "fields": {
    "codename": "add_querydailyhits",
    "name": "Can add Query Daily Hits",
    "content_type": [
      "wagtailsearch",
      "querydailyhits"
    ]
  },
  "model": "auth.permission",
  "pk": 62
},
{
  "fields": {
    "codename": "change_querydailyhits",
    "name": "Can change Query Daily Hits",
    "content_type": [
      "wagtailsearch",
      "querydailyhits"
    ]
  },
  "model": "auth.permission",
  "pk": 63
},
{
  "fields": {
    "codename": "delete_querydailyhits",
    "name": "Can delete Query Daily Hits",
    "content_type": [
      "wagtailsearch",
      "querydailyhits"
    ]
  },
  "model": "auth.permission",
  "pk": 64
},
{
  "fields": {
    "codename": "add_redirect",
    "name": "Can add Redirect",
    "content_type": [
      "wagtailredirects",
      "redirect"
    ]
  },
  "model": "auth.permission",
  "pk": 65
},
{
  "fields": {
    "codename": "change_redirect",
    "name": "Can change Redirect",
    "content_type": [
      "wagtailredirects",
      "redirect"
    ]
  },
  "model": "auth.permission",
  "pk": 66
},
{
  "fields": {
    "codename": "delete_redirect",
    "name": "Can delete Redirect",
    "content_type": [
      "wagtailredirects",
      "redirect"
    ]
  },
  "model": "auth.permission",
  "pk": 67
},
{
  "fields": {
    "codename": "add_formsubmission",
    "name": "Can add Form Submission",
    "content_type": [
      "wagtailforms",
      "formsubmission"
    ]
  },
  "model": "auth.permission",
  "pk": 68
},
{
  "fields": {
    "codename": "change_formsubmission",
    "name": "Can change Form Submission",
    "content_type": [
      "wagtailforms",
      "formsubmission"
    ]
  },
  "model": "auth.permission",
  "pk": 69
},
{
  "fields": {
    "codename": "delete_formsubmission",
    "name": "Can delete Form Submission",
    "content_type": [
      "wagtailforms",
      "formsubmission"
    ]
  },
  "model": "auth.permission",
  "pk": 70
},
{
  "fields": {
    "codename": "add_homepagecontentitem",
    "name": "Can add home page content item",
    "content_type": [
      "pages",
      "homepagecontentitem"
    ]
  },
  "model": "auth.permission",
  "pk": 71
},
{
  "fields": {
    "codename": "change_homepagecontentitem",
    "name": "Can change home page content item",
    "content_type": [
      "pages",
      "homepagecontentitem"
    ]
  },
  "model": "auth.permission",
  "pk": 72
},
{
  "fields": {
    "codename": "delete_homepagecontentitem",
    "name": "Can delete home page content item",
    "content_type": [
      "pages",
      "homepagecontentitem"
    ]
  },
  "model": "auth.permission",
  "pk": 73
},
{
  "fields": {
    "codename": "add_homepagecarouselitem",
    "name": "Can add home page carousel item",
    "content_type": [
      "pages",
      "homepagecarouselitem"
    ]
  },
  "model": "auth.permission",
  "pk": 74
},
{
  "fields": {
    "codename": "change_homepagecarouselitem",
    "name": "Can change home page carousel item",
    "content_type": [
      "pages",
      "homepagecarouselitem"
    ]
  },
  "model": "auth.permission",
  "pk": 75
},
{
  "fields": {
    "codename": "delete_homepagecarouselitem",
    "name": "Can delete home page carousel item",
    "content_type": [
      "pages",
      "homepagecarouselitem"
    ]
  },
  "model": "auth.permission",
  "pk": 76
},
{
  "fields": {
    "codename": "add_homepagerelatedlink",
    "name": "Can add home page related link",
    "content_type": [
      "pages",
      "homepagerelatedlink"
    ]
  },
  "model": "auth.permission",
  "pk": 77
},
{
  "fields": {
    "codename": "change_homepagerelatedlink",
    "name": "Can change home page related link",
    "content_type": [
      "pages",
      "homepagerelatedlink"
    ]
  },
  "model": "auth.permission",
  "pk": 78
},
{
  "fields": {
    "codename": "delete_homepagerelatedlink",
    "name": "Can delete home page related link",
    "content_type": [
      "pages",
      "homepagerelatedlink"
    ]
  },
  "model": "auth.permission",
  "pk": 79
},
{
  "fields": {
    "codename": "add_homepage",
    "name": "Can add Homepage",
    "content_type": [
      "pages",
      "homepage"
    ]
  },
  "model": "auth.permission",
  "pk": 80
},
{
  "fields": {
    "codename": "change_homepage",
    "name": "Can change Homepage",
    "content_type": [
      "pages",
      "homepage"
    ]
  },
  "model": "auth.permission",
  "pk": 81
},
{
  "fields": {
    "codename": "delete_homepage",
    "name": "Can delete Homepage",
    "content_type": [
      "pages",
      "homepage"
    ]
  },
  "model": "auth.permission",
  "pk": 82
},
{
  "fields": {
    "codename": "add_standardindexpagerelatedlink",
    "name": "Can add standard index page related link",
    "content_type": [
      "pages",
      "standardindexpagerelatedlink"
    ]
  },
  "model": "auth.permission",
  "pk": 83
},
{
  "fields": {
    "codename": "change_standardindexpagerelatedlink",
    "name": "Can change standard index page related link",
    "content_type": [
      "pages",
      "standardindexpagerelatedlink"
    ]
  },
  "model": "auth.permission",
  "pk": 84
},
{
  "fields": {
    "codename": "delete_standardindexpagerelatedlink",
    "name": "Can delete standard index page related link",
    "content_type": [
      "pages",
      "standardindexpagerelatedlink"
    ]
  },
  "model": "auth.permission",
  "pk": 85
},
{
  "fields": {
    "codename": "add_standardindexpage",
    "name": "Can add standard index page",
    "content_type": [
      "pages",
      "standardindexpage"
    ]
  },
  "model": "auth.permission",
  "pk": 86
},
{
  "fields": {
    "codename": "change_standardindexpage",
    "name": "Can change standard index page",
    "content_type": [
      "pages",
      "standardindexpage"
    ]
  },
  "model": "auth.permission",
  "pk": 87
},
{
  "fields": {
    "codename": "delete_standardindexpage",
    "name": "Can delete standard index page",
    "content_type": [
      "pages",
      "standardindexpage"
    ]
  },
  "model": "auth.permission",
  "pk": 88
},
{
  "fields": {
    "codename": "add_standardpagecarouselitem",
    "name": "Can add standard page carousel item",
    "content_type": [
      "pages",
      "standardpagecarouselitem"
    ]
  },
  "model": "auth.permission",
  "pk": 89
},
{
  "fields": {
    "codename": "change_standardpagecarouselitem",
    "name": "Can change standard page carousel item",
    "content_type": [
      "pages",
      "standardpagecarouselitem"
    ]
  },
  "model": "auth.permission",
  "pk": 90
},
{
  "fields": {
    "codename": "delete_standardpagecarouselitem",
    "name": "Can delete standard page carousel item",
    "content_type": [
      "pages",
      "standardpagecarouselitem"
    ]
  },
  "model": "auth.permission",
  "pk": 91
},
{
  "fields": {
    "codename": "add_standardpagerelatedlink",
    "name": "Can add standard page related link",
    "content_type": [
      "pages",
      "standardpagerelatedlink"
    ]
  },
  "model": "auth.permission",
  "pk": 92
},
{
  "fields": {
    "codename": "change_standardpagerelatedlink",
    "name": "Can change standard page related link",
    "content_type": [
      "pages",
      "standardpagerelatedlink"
    ]
  },
  "model": "auth.permission",
  "pk": 93
},
{
  "fields": {
    "codename": "delete_standardpagerelatedlink",
    "name": "Can delete standard page related link",
    "content_type": [
      "pages",
      "standardpagerelatedlink"
    ]
  },
  "model": "auth.permission",
  "pk": 94
},
{
  "fields": {
    "codename": "add_standardpage",
    "name": "Can add standard page",
    "content_type": [
      "pages",
      "standardpage"
    ]
  },
  "model": "auth.permission",
  "pk": 95
},
{
  "fields": {
    "codename": "change_standardpage",
    "name": "Can change standard page",
    "content_type": [
      "pages",
      "standardpage"
    ]
  },
  "model": "auth.permission",
  "pk": 96
},
{
  "fields": {
    "codename": "delete_standardpage",
    "name": "Can delete standard page",
    "content_type": [
      "pages",
      "standardpage"
    ]
  },
  "model": "auth.permission",
  "pk": 97
},
{
  "fields": {
    "codename": "add_contentblock",
    "name": "Can add content block",
    "content_type": [
      "pages",
      "contentblock"
    ]
  },
  "model": "auth.permission",
  "pk": 98
},
{
  "fields": {
    "codename": "change_contentblock",
    "name": "Can change content block",
    "content_type": [
      "pages",
      "contentblock"
    ]
  },
  "model": "auth.permission",
  "pk": 99
},
{
  "fields": {
    "codename": "delete_contentblock",
    "name": "Can delete content block",
    "content_type": [
      "pages",
      "contentblock"
    ]
  },
  "model": "auth.permission",
  "pk": 100
},
{
  "fields": {
    "codename": "add_testimonial",
    "name": "Can add testimonial",
    "content_type": [
      "pages",
      "testimonial"
    ]
  },
  "model": "auth.permission",
  "pk": 101
},
{
  "fields": {
    "codename": "change_testimonial",
    "name": "Can change testimonial",
    "content_type": [
      "pages",
      "testimonial"
    ]
  },
  "model": "auth.permission",
  "pk": 102
},
{
  "fields": {
    "codename": "delete_testimonial",
    "name": "Can delete testimonial",
    "content_type": [
      "pages",
      "testimonial"
    ]
  },
  "model": "auth.permission",
  "pk": 103
},
{
  "fields": {
    "codename": "add_advert",
    "name": "Can add advert",
    "content_type": [
      "pages",
      "advert"
    ]
  },
  "model": "auth.permission",
  "pk": 104
},
{
  "fields": {
    "codename": "change_advert",
    "name": "Can change advert",
    "content_type": [
      "pages",
      "advert"
    ]
  },
  "model": "auth.permission",
  "pk": 105
},
{
  "fields": {
    "codename": "delete_advert",
    "name": "Can delete advert",
    "content_type": [
      "pages",
      "advert"
    ]
  },
  "model": "auth.permission",
  "pk": 106
},
{
  "fields": {
    "codename": "add_faqspage",
    "name": "Can add faqs page",
    "content_type": [
      "pages",
      "faqspage"
    ]
  },
  "model": "auth.permission",
  "pk": 107
},
{
  "fields": {
    "codename": "change_faqspage",
    "name": "Can change faqs page",
    "content_type": [
      "pages",
      "faqspage"
    ]
  },
  "model": "auth.permission",
  "pk": 108
},
{
  "fields": {
    "codename": "delete_faqspage",
    "name": "Can delete faqs page",
    "content_type": [
      "pages",
      "faqspage"
    ]
  },
  "model": "auth.permission",
  "pk": 109
},
{
  "fields": {
    "codename": "add_blogindexpagerelatedlink",
    "name": "Can add blog index page related link",
    "content_type": [
      "blog",
      "blogindexpagerelatedlink"
    ]
  },
  "model": "auth.permission",
  "pk": 110
},
{
  "fields": {
    "codename": "change_blogindexpagerelatedlink",
    "name": "Can change blog index page related link",
    "content_type": [
      "blog",
      "blogindexpagerelatedlink"
    ]
  },
  "model": "auth.permission",
  "pk": 111
},
{
  "fields": {
    "codename": "delete_blogindexpagerelatedlink",
    "name": "Can delete blog index page related link",
    "content_type": [
      "blog",
      "blogindexpagerelatedlink"
    ]
  },
  "model": "auth.permission",
  "pk": 112
},
{
  "fields": {
    "codename": "add_blogindexpage",
    "name": "Can add blog index page",
    "content_type": [
      "blog",
      "blogindexpage"
    ]
  },
  "model": "auth.permission",
  "pk": 113
},
{
  "fields": {
    "codename": "change_blogindexpage",
    "name": "Can change blog index page",
    "content_type": [
      "blog",
      "blogindexpage"
    ]
  },
  "model": "auth.permission",
  "pk": 114
},
{
  "fields": {
    "codename": "delete_blogindexpage",
    "name": "Can delete blog index page",
    "content_type": [
      "blog",
      "blogindexpage"
    ]
  },
  "model": "auth.permission",
  "pk": 115
},
{
  "fields": {
    "codename": "add_blogpagecarouselitem",
    "name": "Can add blog page carousel item",
    "content_type": [
      "blog",
      "blogpagecarouselitem"
    ]
  },
  "model": "auth.permission",
  "pk": 116
},
{
  "fields": {
    "codename": "change_blogpagecarouselitem",
    "name": "Can change blog page carousel item",
    "content_type": [
      "blog",
      "blogpagecarouselitem"
    ]
  },
  "model": "auth.permission",
  "pk": 117
},
{
  "fields": {
    "codename": "delete_blogpagecarouselitem",
    "name": "Can delete blog page carousel item",
    "content_type": [
      "blog",
      "blogpagecarouselitem"
    ]
  },
  "model": "auth.permission",
  "pk": 118
},
{
  "fields": {
    "codename": "add_blogpagerelatedlink",
    "name": "Can add blog page related link",
    "content_type": [
      "blog",
      "blogpagerelatedlink"
    ]
  },
  "model": "auth.permission",
  "pk": 119
},
{
  "fields": {
    "codename": "change_blogpagerelatedlink",
    "name": "Can change blog page related link",
    "content_type": [
      "blog",
      "blogpagerelatedlink"
    ]
  },
  "model": "auth.permission",
  "pk": 120
},
{
  "fields": {
    "codename": "delete_blogpagerelatedlink",
    "name": "Can delete blog page related link",
    "content_type": [
      "blog",
      "blogpagerelatedlink"
    ]
  },
  "model": "auth.permission",
  "pk": 121
},
{
  "fields": {
    "codename": "add_blogpagetag",
    "name": "Can add blog page tag",
    "content_type": [
      "blog",
      "blogpagetag"
    ]
  },
  "model": "auth.permission",
  "pk": 122
},
{
  "fields": {
    "codename": "change_blogpagetag",
    "name": "Can change blog page tag",
    "content_type": [
      "blog",
      "blogpagetag"
    ]
  },
  "model": "auth.permission",
  "pk": 123
},
{
  "fields": {
    "codename": "delete_blogpagetag",
    "name": "Can delete blog page tag",
    "content_type": [
      "blog",
      "blogpagetag"
    ]
  },
  "model": "auth.permission",
  "pk": 124
},
{
  "fields": {
    "codename": "add_blogpage",
    "name": "Can add blog page",
    "content_type": [
      "blog",
      "blogpage"
    ]
  },
  "model": "auth.permission",
  "pk": 125
},
{
  "fields": {
    "codename": "change_blogpage",
    "name": "Can change blog page",
    "content_type": [
      "blog",
      "blogpage"
    ]
  },
  "model": "auth.permission",
  "pk": 126
},
{
  "fields": {
    "codename": "delete_blogpage",
    "name": "Can delete blog page",
    "content_type": [
      "blog",
      "blogpage"
    ]
  },
  "model": "auth.permission",
  "pk": 127
},
{
  "fields": {
    "codename": "add_eventindexpagerelatedlink",
    "name": "Can add event index page related link",
    "content_type": [
      "events",
      "eventindexpagerelatedlink"
    ]
  },
  "model": "auth.permission",
  "pk": 128
},
{
  "fields": {
    "codename": "change_eventindexpagerelatedlink",
    "name": "Can change event index page related link",
    "content_type": [
      "events",
      "eventindexpagerelatedlink"
    ]
  },
  "model": "auth.permission",
  "pk": 129
},
{
  "fields": {
    "codename": "delete_eventindexpagerelatedlink",
    "name": "Can delete event index page related link",
    "content_type": [
      "events",
      "eventindexpagerelatedlink"
    ]
  },
  "model": "auth.permission",
  "pk": 130
},
{
  "fields": {
    "codename": "add_eventindexpage",
    "name": "Can add event index page",
    "content_type": [
      "events",
      "eventindexpage"
    ]
  },
  "model": "auth.permission",
  "pk": 131
},
{
  "fields": {
    "codename": "change_eventindexpage",
    "name": "Can change event index page",
    "content_type": [
      "events",
      "eventindexpage"
    ]
  },
  "model": "auth.permission",
  "pk": 132
},
{
  "fields": {
    "codename": "delete_eventindexpage",
    "name": "Can delete event index page",
    "content_type": [
      "events",
      "eventindexpage"
    ]
  },
  "model": "auth.permission",
  "pk": 133
},
{
  "fields": {
    "codename": "add_eventpagecarouselitem",
    "name": "Can add event page carousel item",
    "content_type": [
      "events",
      "eventpagecarouselitem"
    ]
  },
  "model": "auth.permission",
  "pk": 134
},
{
  "fields": {
    "codename": "change_eventpagecarouselitem",
    "name": "Can change event page carousel item",
    "content_type": [
      "events",
      "eventpagecarouselitem"
    ]
  },
  "model": "auth.permission",
  "pk": 135
},
{
  "fields": {
    "codename": "delete_eventpagecarouselitem",
    "name": "Can delete event page carousel item",
    "content_type": [
      "events",
      "eventpagecarouselitem"
    ]
  },
  "model": "auth.permission",
  "pk": 136
},
{
  "fields": {
    "codename": "add_eventpagerelatedlink",
    "name": "Can add event page related link",
    "content_type": [
      "events",
      "eventpagerelatedlink"
    ]
  },
  "model": "auth.permission",
  "pk": 137
},
{
  "fields": {
    "codename": "change_eventpagerelatedlink",
    "name": "Can change event page related link",
    "content_type": [
      "events",
      "eventpagerelatedlink"
    ]
  },
  "model": "auth.permission",
  "pk": 138
},
{
  "fields": {
    "codename": "delete_eventpagerelatedlink",
    "name": "Can delete event page related link",
    "content_type": [
      "events",
      "eventpagerelatedlink"
    ]
  },
  "model": "auth.permission",
  "pk": 139
},
{
  "fields": {
    "codename": "add_eventpagespeaker",
    "name": "Can add event page speaker",
    "content_type": [
      "events",
      "eventpagespeaker"
    ]
  },
  "model": "auth.permission",
  "pk": 140
},
{
  "fields": {
    "codename": "change_eventpagespeaker",
    "name": "Can change event page speaker",
    "content_type": [
      "events",
      "eventpagespeaker"
    ]
  },
  "model": "auth.permission",
  "pk": 141
},
{
  "fields": {
    "codename": "delete_eventpagespeaker",
    "name": "Can delete event page speaker",
    "content_type": [
      "events",
      "eventpagespeaker"
    ]
  },
  "model": "auth.permission",
  "pk": 142
},
{
  "fields": {
    "codename": "add_eventpage",
    "name": "Can add event page",
    "content_type": [
      "events",
      "eventpage"
    ]
  },
  "model": "auth.permission",
  "pk": 143
},
{
  "fields": {
    "codename": "change_eventpage",
    "name": "Can change event page",
    "content_type": [
      "events",
      "eventpage"
    ]
  },
  "model": "auth.permission",
  "pk": 144
},
{
  "fields": {
    "codename": "delete_eventpage",
    "name": "Can delete event page",
    "content_type": [
      "events",
      "eventpage"
    ]
  },
  "model": "auth.permission",
  "pk": 145
},
{
  "fields": {
    "codename": "add_formfield",
    "name": "Can add form field",
    "content_type": [
      "contact",
      "formfield"
    ]
  },
  "model": "auth.permission",
  "pk": 146
},
{
  "fields": {
    "codename": "change_formfield",
    "name": "Can change form field",
    "content_type": [
      "contact",
      "formfield"
    ]
  },
  "model": "auth.permission",
  "pk": 147
},
{
  "fields": {
    "codename": "delete_formfield",
    "name": "Can delete form field",
    "content_type": [
      "contact",
      "formfield"
    ]
  },
  "model": "auth.permission",
  "pk": 148
},
{
  "fields": {
    "codename": "add_formpage",
    "name": "Can add form page",
    "content_type": [
      "contact",
      "formpage"
    ]
  },
  "model": "auth.permission",
  "pk": 149
},
{
  "fields": {
    "codename": "change_formpage",
    "name": "Can change form page",
    "content_type": [
      "contact",
      "formpage"
    ]
  },
  "model": "auth.permission",
  "pk": 150
},
{
  "fields": {
    "codename": "delete_formpage",
    "name": "Can delete form page",
    "content_type": [
      "contact",
      "formpage"
    ]
  },
  "model": "auth.permission",
  "pk": 151
},
{
  "fields": {
    "codename": "add_contactformfield",
    "name": "Can add contact form field",
    "content_type": [
      "contact",
      "contactformfield"
    ]
  },
  "model": "auth.permission",
  "pk": 152
},
{
  "fields": {
    "codename": "change_contactformfield",
    "name": "Can change contact form field",
    "content_type": [
      "contact",
      "contactformfield"
    ]
  },
  "model": "auth.permission",
  "pk": 153
},
{
  "fields": {
    "codename": "delete_contactformfield",
    "name": "Can delete contact form field",
    "content_type": [
      "contact",
      "contactformfield"
    ]
  },
  "model": "auth.permission",
  "pk": 154
},
{
  "fields": {
    "codename": "add_contactpage",
    "name": "Can add contact page",
    "content_type": [
      "contact",
      "contactpage"
    ]
  },
  "model": "auth.permission",
  "pk": 155
},
{
  "fields": {
    "codename": "change_contactpage",
    "name": "Can change contact page",
    "content_type": [
      "contact",
      "contactpage"
    ]
  },
  "model": "auth.permission",
  "pk": 156
},
{
  "fields": {
    "codename": "delete_contactpage",
    "name": "Can delete contact page",
    "content_type": [
      "contact",
      "contactpage"
    ]
  },
  "model": "auth.permission",
  "pk": 157
},
{
  "fields": {
    "codename": "add_personindexpagerelatedlink",
    "name": "Can add person index page related link",
    "content_type": [
      "people",
      "personindexpagerelatedlink"
    ]
  },
  "model": "auth.permission",
  "pk": 158
},
{
  "fields": {
    "codename": "change_personindexpagerelatedlink",
    "name": "Can change person index page related link",
    "content_type": [
      "people",
      "personindexpagerelatedlink"
    ]
  },
  "model": "auth.permission",
  "pk": 159
},
{
  "fields": {
    "codename": "delete_personindexpagerelatedlink",
    "name": "Can delete person index page related link",
    "content_type": [
      "people",
      "personindexpagerelatedlink"
    ]
  },
  "model": "auth.permission",
  "pk": 160
},
{
  "fields": {
    "codename": "add_personindexpage",
    "name": "Can add person index page",
    "content_type": [
      "people",
      "personindexpage"
    ]
  },
  "model": "auth.permission",
  "pk": 161
},
{
  "fields": {
    "codename": "change_personindexpage",
    "name": "Can change person index page",
    "content_type": [
      "people",
      "personindexpage"
    ]
  },
  "model": "auth.permission",
  "pk": 162
},
{
  "fields": {
    "codename": "delete_personindexpage",
    "name": "Can delete person index page",
    "content_type": [
      "people",
      "personindexpage"
    ]
  },
  "model": "auth.permission",
  "pk": 163
},
{
  "fields": {
    "codename": "add_personpagerelatedlink",
    "name": "Can add person page related link",
    "content_type": [
      "people",
      "personpagerelatedlink"
    ]
  },
  "model": "auth.permission",
  "pk": 164
},
{
  "fields": {
    "codename": "change_personpagerelatedlink",
    "name": "Can change person page related link",
    "content_type": [
      "people",
      "personpagerelatedlink"
    ]
  },
  "model": "auth.permission",
  "pk": 165
},
{
  "fields": {
    "codename": "delete_personpagerelatedlink",
    "name": "Can delete person page related link",
    "content_type": [
      "people",
      "personpagerelatedlink"
    ]
  },
  "model": "auth.permission",
  "pk": 166
},
{
  "fields": {
    "codename": "add_personpagetag",
    "name": "Can add person page tag",
    "content_type": [
      "people",
      "personpagetag"
    ]
  },
  "model": "auth.permission",
  "pk": 167
},
{
  "fields": {
    "codename": "change_personpagetag",
    "name": "Can change person page tag",
    "content_type": [
      "people",
      "personpagetag"
    ]
  },
  "model": "auth.permission",
  "pk": 168
},
{
  "fields": {
    "codename": "delete_personpagetag",
    "name": "Can delete person page tag",
    "content_type": [
      "people",
      "personpagetag"
    ]
  },
  "model": "auth.permission",
  "pk": 169
},
{
  "fields": {
    "codename": "add_personrole",
    "name": "Can add person role",
    "content_type": [
      "people",
      "personrole"
    ]
  },
  "model": "auth.permission",
  "pk": 170
},
{
  "fields": {
    "codename": "change_personrole",
    "name": "Can change person role",
    "content_type": [
      "people",
      "personrole"
    ]
  },
  "model": "auth.permission",
  "pk": 171
},
{
  "fields": {
    "codename": "delete_personrole",
    "name": "Can delete person role",
    "content_type": [
      "people",
      "personrole"
    ]
  },
  "model": "auth.permission",
  "pk": 172
},
{
  "fields": {
    "codename": "add_personpage",
    "name": "Can add person page",
    "content_type": [
      "people",
      "personpage"
    ]
  },
  "model": "auth.permission",
  "pk": 173
},
{
  "fields": {
    "codename": "change_personpage",
    "name": "Can change person page",
    "content_type": [
      "people",
      "personpage"
    ]
  },
  "model": "auth.permission",
  "pk": 174
},
{
  "fields": {
    "codename": "delete_personpage",
    "name": "Can delete person page",
    "content_type": [
      "people",
      "personpage"
    ]
  },
  "model": "auth.permission",
  "pk": 175
},
{
  "fields": {
    "codename": "add_galleryindexpage",
    "name": "Can add Gallery Index Page",
    "content_type": [
      "photo_gallery",
      "galleryindexpage"
    ]
  },
  "model": "auth.permission",
  "pk": 176
},
{
  "fields": {
    "codename": "change_galleryindexpage",
    "name": "Can change Gallery Index Page",
    "content_type": [
      "photo_gallery",
      "galleryindexpage"
    ]
  },
  "model": "auth.permission",
  "pk": 177
},
{
  "fields": {
    "codename": "delete_galleryindexpage",
    "name": "Can delete Gallery Index Page",
    "content_type": [
      "photo_gallery",
      "galleryindexpage"
    ]
  },
  "model": "auth.permission",
  "pk": 178
},
{
  "fields": {
    "codename": "add_gallerypagetag",
    "name": "Can add gallery page tag",
    "content_type": [
      "photo_gallery",
      "gallerypagetag"
    ]
  },
  "model": "auth.permission",
  "pk": 179
},
{
  "fields": {
    "codename": "change_gallerypagetag",
    "name": "Can change gallery page tag",
    "content_type": [
      "photo_gallery",
      "gallerypagetag"
    ]
  },
  "model": "auth.permission",
  "pk": 180
},
{
  "fields": {
    "codename": "delete_gallerypagetag",
    "name": "Can delete gallery page tag",
    "content_type": [
      "photo_gallery",
      "gallerypagetag"
    ]
  },
  "model": "auth.permission",
  "pk": 181
},
{
  "fields": {
    "codename": "add_gallerypage",
    "name": "Can add Gallery Page",
    "content_type": [
      "photo_gallery",
      "gallerypage"
    ]
  },
  "model": "auth.permission",
  "pk": 182
},
{
  "fields": {
    "codename": "change_gallerypage",
    "name": "Can change Gallery Page",
    "content_type": [
      "photo_gallery",
      "gallerypage"
    ]
  },
  "model": "auth.permission",
  "pk": 183
},
{
  "fields": {
    "codename": "delete_gallerypage",
    "name": "Can delete Gallery Page",
    "content_type": [
      "photo_gallery",
      "gallerypage"
    ]
  },
  "model": "auth.permission",
  "pk": 184
},
{
  "fields": {
    "codename": "add_productindexpagerelatedlink",
    "name": "Can add product index page related link",
    "content_type": [
      "products",
      "productindexpagerelatedlink"
    ]
  },
  "model": "auth.permission",
  "pk": 185
},
{
  "fields": {
    "codename": "change_productindexpagerelatedlink",
    "name": "Can change product index page related link",
    "content_type": [
      "products",
      "productindexpagerelatedlink"
    ]
  },
  "model": "auth.permission",
  "pk": 186
},
{
  "fields": {
    "codename": "delete_productindexpagerelatedlink",
    "name": "Can delete product index page related link",
    "content_type": [
      "products",
      "productindexpagerelatedlink"
    ]
  },
  "model": "auth.permission",
  "pk": 187
},
{
  "fields": {
    "codename": "add_productindexpage",
    "name": "Can add product index page",
    "content_type": [
      "products",
      "productindexpage"
    ]
  },
  "model": "auth.permission",
  "pk": 188
},
{
  "fields": {
    "codename": "change_productindexpage",
    "name": "Can change product index page",
    "content_type": [
      "products",
      "productindexpage"
    ]
  },
  "model": "auth.permission",
  "pk": 189
},
{
  "fields": {
    "codename": "delete_productindexpage",
    "name": "Can delete product index page",
    "content_type": [
      "products",
      "productindexpage"
    ]
  },
  "model": "auth.permission",
  "pk": 190
},
{
  "fields": {
    "codename": "add_productpagerelatedlink",
    "name": "Can add product page related link",
    "content_type": [
      "products",
      "productpagerelatedlink"
    ]
  },
  "model": "auth.permission",
  "pk": 191
},
{
  "fields": {
    "codename": "change_productpagerelatedlink",
    "name": "Can change product page related link",
    "content_type": [
      "products",
      "productpagerelatedlink"
    ]
  },
  "model": "auth.permission",
  "pk": 192
},
{
  "fields": {
    "codename": "delete_productpagerelatedlink",
    "name": "Can delete product page related link",
    "content_type": [
      "products",
      "productpagerelatedlink"
    ]
  },
  "model": "auth.permission",
  "pk": 193
},
{
  "fields": {
    "codename": "add_productpagetag",
    "name": "Can add product page tag",
    "content_type": [
      "products",
      "productpagetag"
    ]
  },
  "model": "auth.permission",
  "pk": 194
},
{
  "fields": {
    "codename": "change_productpagetag",
    "name": "Can change product page tag",
    "content_type": [
      "products",
      "productpagetag"
    ]
  },
  "model": "auth.permission",
  "pk": 195
},
{
  "fields": {
    "codename": "delete_productpagetag",
    "name": "Can delete product page tag",
    "content_type": [
      "products",
      "productpagetag"
    ]
  },
  "model": "auth.permission",
  "pk": 196
},
{
  "fields": {
    "codename": "add_productpage",
    "name": "Can add product page",
    "content_type": [
      "products",
      "productpage"
    ]
  },
  "model": "auth.permission",
  "pk": 197
},
{
  "fields": {
    "codename": "change_productpage",
    "name": "Can change product page",
    "content_type": [
      "products",
      "productpage"
    ]
  },
  "model": "auth.permission",
  "pk": 198
},
{
  "fields": {
    "codename": "delete_productpage",
    "name": "Can delete product page",
    "content_type": [
      "products",
      "productpage"
    ]
  },
  "model": "auth.permission",
  "pk": 199
},
{
  "fields": {
    "name": "Moderators",
    "permissions": [
      [
        "access_admin",
        "wagtailadmin",
        "admin"
      ],
      [
        "add_document",
        "wagtaildocs",
        "document"
      ],
      [
        "change_document",
        "wagtaildocs",
        "document"
      ],
      [
        "delete_document",
        "wagtaildocs",
        "document"
      ],
      [
        "add_image",
        "wagtailimages",
        "image"
      ],
      [
        "change_image",
        "wagtailimages",
        "image"
      ],
      [
        "delete_image",
        "wagtailimages",
        "image"
      ]
    ]
  },
  "model": "auth.group",
  "pk": 1
},
{
  "fields": {
    "name": "Editors",
    "permissions": [
      [
        "access_admin",
        "wagtailadmin",
        "admin"
      ],
      [
        "add_document",
        "wagtaildocs",
        "document"
      ],
      [
        "change_document",
        "wagtaildocs",
        "document"
      ],
      [
        "delete_document",
        "wagtaildocs",
        "document"
      ],
      [
        "add_image",
        "wagtailimages",
        "image"
      ],
      [
        "change_image",
        "wagtailimages",
        "image"
      ],
      [
        "delete_image",
        "wagtailimages",
        "image"
      ]
    ]
  },
  "model": "auth.group",
  "pk": 2
},
{
  "fields": {
    "username": "admin",
    "first_name": "",
    "last_name": "",
    "is_active": true,
    "is_superuser": true,
    "is_staff": true,
    "last_login": "2015-10-07T19:54:37.501Z",
    "groups": [],
    "user_permissions": [],
    "password": "pbkdf2_sha256$20000$qZDFjRqTyjuC$+YD1fMexCmOdTEJyyHw/Sr03rJZbiuu8tZ79Odg9ppI=",
    "email": "",
    "date_joined": "2015-10-07T19:54:16.117Z"
  },
  "model": "auth.user",
  "pk": 1
},
{
  "fields": {
    "root_page": 3,
    "hostname": "localhost",
    "port": 80,
    "is_default_site": true
  },
  "model": "wagtailcore.site",
  "pk": 2
},
{
  "fields": {
    "locked": false,
    "title": "Root",
    "numchild": 1,
    "show_in_menus": false,
    "live": true,
    "seo_title": "",
    "latest_revision_created_at": null,
    "depth": 1,
    "search_description": "",
    "content_type": [
      "wagtailcore",
      "page"
    ],
    "has_unpublished_changes": false,
    "owner": null,
    "path": "0001",
    "first_published_at": null,
    "url_path": "/",
    "expired": false,
    "slug": "root",
    "expire_at": null,
    "go_live_at": null
  },
  "model": "wagtailcore.page",
  "pk": 1
},
{
  "fields": {
    "locked": false,
    "title": "Homepage",
    "numchild": 0,
    "show_in_menus": false,
    "live": true,
    "seo_title": "",
    "latest_revision_created_at": "2015-10-07T19:58:11.624Z",
    "depth": 2,
    "search_description": "",
    "content_type": [
      "pages",
      "homepage"
    ],
    "has_unpublished_changes": false,
    "owner": null,
    "path": "00010001",
    "first_published_at": "2015-10-07T19:55:39.284Z",
    "url_path": "/home/",
    "expired": false,
    "slug": "home",
    "expire_at": null,
    "go_live_at": null
  },
  "model": "wagtailcore.page",
  "pk": 3
},
{
  "fields": {
    "approved_go_live_at": null,
    "created_at": "2015-10-07T19:55:35.163Z",
    "submitted_for_moderation": false,
    "content_json": "{\"carousel_items\": [], \"search_description\": \"\", \"owner\": null, \"latest_revision_created_at\": null, \"go_live_at\": null, \"related_links\": [], \"title\": \"Homepage\", \"seo_title\": \"\", \"slug\": \"home\", \"live\": true, \"has_unpublished_changes\": false, \"body\": \"<p>A cookiecutter template for Wagtail CMS featuring Zurb Foundation front-end framework.</p>\", \"content_items\": [], \"numchild\": 0, \"title_text\": \"<h3>Wagtail cookiecutter Foundation</h3>\", \"content_type\": 4, \"show_in_menus\": false, \"path\": \"00010001\", \"url_path\": \"/home/\", \"expired\": false, \"pk\": 3, \"locked\": false, \"depth\": 2, \"first_published_at\": null, \"expire_at\": null}",
    "user": [
      "admin"
    ],
    "page": 3
  },
  "model": "wagtailcore.pagerevision",
  "pk": 1
},
{
  "fields": {
    "approved_go_live_at": null,
    "created_at": "2015-10-07T19:55:39.212Z",
    "submitted_for_moderation": false,
    "content_json": "{\"carousel_items\": [], \"search_description\": \"\", \"owner\": null, \"latest_revision_created_at\": \"2015-10-07T19:55:35.163Z\", \"go_live_at\": null, \"related_links\": [], \"title\": \"Homepage\", \"seo_title\": \"\", \"slug\": \"home\", \"live\": true, \"has_unpublished_changes\": true, \"body\": \"<p>A cookiecutter template for Wagtail CMS featuring Zurb Foundation front-end framework.</p>\", \"content_items\": [], \"numchild\": 0, \"title_text\": \"<h3>Wagtail cookiecutter Foundation</h3>\", \"content_type\": 4, \"show_in_menus\": false, \"path\": \"00010001\", \"url_path\": \"/home/\", \"expired\": false, \"pk\": 3, \"locked\": false, \"depth\": 2, \"first_published_at\": null, \"expire_at\": null}",
    "user": [
      "admin"
    ],
    "page": 3
  },
  "model": "wagtailcore.pagerevision",
  "pk": 2
},
{
  "fields": {
    "approved_go_live_at": null,
    "created_at": "2015-10-07T19:58:11.624Z",
    "submitted_for_moderation": false,
    "content_json": "{\"carousel_items\": [{\"link_page\": null, \"embed_url\": \"\", \"image\": 9, \"link_external\": \"\", \"caption\": \"\", \"sort_order\": 0, \"link_document\": null, \"pk\": null, \"page\": 3}, {\"link_page\": null, \"embed_url\": \"\", \"image\": 4, \"link_external\": \"\", \"caption\": \"\", \"sort_order\": 1, \"link_document\": null, \"pk\": null, \"page\": 3}, {\"link_page\": null, \"embed_url\": \"\", \"image\": 1, \"link_external\": \"\", \"caption\": \"\", \"sort_order\": 2, \"link_document\": null, \"pk\": null, \"page\": 3}, {\"link_page\": null, \"embed_url\": \"\", \"image\": 6, \"link_external\": \"\", \"caption\": \"\", \"sort_order\": 3, \"link_document\": null, \"pk\": null, \"page\": 3}], \"search_description\": \"\", \"owner\": null, \"latest_revision_created_at\": \"2015-10-07T19:55:39.212Z\", \"go_live_at\": null, \"related_links\": [], \"title\": \"Homepage\", \"seo_title\": \"\", \"slug\": \"home\", \"live\": true, \"has_unpublished_changes\": false, \"body\": \"<p>A cookiecutter template for Wagtail CMS featuring Zurb Foundation front-end framework.</p>\", \"content_items\": [], \"numchild\": 0, \"title_text\": \"<h3>Wagtail cookiecutter Foundation</h3>\", \"content_type\": 4, \"show_in_menus\": false, \"path\": \"00010001\", \"url_path\": \"/home/\", \"expired\": false, \"pk\": 3, \"locked\": false, \"depth\": 2, \"first_published_at\": \"2015-10-07T19:55:39.284Z\", \"expire_at\": null}",
    "user": [
      "admin"
    ],
    "page": 3
  },
  "model": "wagtailcore.pagerevision",
  "pk": 3
},
{
  "fields": {
    "group": [
      "Moderators"
    ],
    "page": 1,
    "permission_type": "add"
  },
  "model": "wagtailcore.grouppagepermission",
  "pk": 1
},
{
  "fields": {
    "group": [
      "Moderators"
    ],
    "page": 1,
    "permission_type": "edit"
  },
  "model": "wagtailcore.grouppagepermission",
  "pk": 2
},
{
  "fields": {
    "group": [
      "Moderators"
    ],
    "page": 1,
    "permission_type": "publish"
  },
  "model": "wagtailcore.grouppagepermission",
  "pk": 3
},
{
  "fields": {
    "group": [
      "Editors"
    ],
    "page": 1,
    "permission_type": "add"
  },
  "model": "wagtailcore.grouppagepermission",
  "pk": 4
},
{
  "fields": {
    "group": [
      "Editors"
    ],
    "page": 1,
    "permission_type": "edit"
  },
  "model": "wagtailcore.grouppagepermission",
  "pk": 5
},
{
  "fields": {
    "group": [
      "Moderators"
    ],
    "page": 1,
    "permission_type": "lock"
  },
  "model": "wagtailcore.grouppagepermission",
  "pk": 6
},
{
  "fields": {
    "focal_point_width": null,
    "title": "postgresql.jpg",
    "focal_point_height": null,
    "created_at": "2015-10-07T19:57:00.020Z",
    "focal_point_x": null,
    "focal_point_y": null,
    "height": 500,
    "width": 1300,
    "file": "original_images/postgresql.jpg",
    "file_size": 78794,
    "uploaded_by_user": [
      "admin"
    ]
  },
  "model": "wagtailimages.image",
  "pk": 1
},
{
  "fields": {
    "focal_point_width": null,
    "title": "sass.png",
    "focal_point_height": null,
    "created_at": "2015-10-07T19:57:00.117Z",
    "focal_point_x": null,
    "focal_point_y": null,
    "height": 60,
    "width": 60,
    "file": "original_images/sass.png",
    "file_size": 3259,
    "uploaded_by_user": [
      "admin"
    ]
  },
  "model": "wagtailimages.image",
  "pk": 2
},
{
  "fields": {
    "focal_point_width": null,
    "title": "Wagtail_CMS_logo.png",
    "focal_point_height": null,
    "created_at": "2015-10-07T19:57:00.190Z",
    "focal_point_x": null,
    "focal_point_y": null,
    "height": 60,
    "width": 60,
    "file": "original_images/Wagtail_CMS_logo.png",
    "file_size": 1353,
    "uploaded_by_user": [
      "admin"
    ]
  },
  "model": "wagtailimages.image",
  "pk": 3
},
{
  "fields": {
    "focal_point_width": null,
    "title": "wagtail.jpg",
    "focal_point_height": null,
    "created_at": "2015-10-07T19:57:00.263Z",
    "focal_point_x": null,
    "focal_point_y": null,
    "height": 500,
    "width": 1300,
    "file": "original_images/wagtail.jpg",
    "file_size": 36907,
    "uploaded_by_user": [
      "admin"
    ]
  },
  "model": "wagtailimages.image",
  "pk": 4
},
{
  "fields": {
    "focal_point_width": null,
    "title": "PostgreSQL.png",
    "focal_point_height": null,
    "created_at": "2015-10-07T19:57:00.369Z",
    "focal_point_x": null,
    "focal_point_y": null,
    "height": 60,
    "width": 60,
    "file": "original_images/PostgreSQL_logo.3colors.120x120.png",
    "file_size": 4433,
    "uploaded_by_user": [
      "admin"
    ]
  },
  "model": "wagtailimages.image",
  "pk": 5
},
{
  "fields": {
    "focal_point_width": null,
    "title": "sass-logo-new.png",
    "focal_point_height": null,
    "created_at": "2015-10-07T19:57:00.455Z",
    "focal_point_x": null,
    "focal_point_y": null,
    "height": 500,
    "width": 1300,
    "file": "original_images/sass-logo-new.png",
    "file_size": 51541,
    "uploaded_by_user": [
      "admin"
    ]
  },
  "model": "wagtailimages.image",
  "pk": 6
},
{
  "fields": {
    "focal_point_width": null,
    "title": "digital.png",
    "focal_point_height": null,
    "created_at": "2015-10-07T19:57:00.536Z",
    "focal_point_x": null,
    "focal_point_y": null,
    "height": 60,
    "width": 60,
    "file": "original_images/digital.png",
    "file_size": 2059,
    "uploaded_by_user": [
      "admin"
    ]
  },
  "model": "wagtailimages.image",
  "pk": 7
},
{
  "fields": {
    "focal_point_width": null,
    "title": "hero-image.png",
    "focal_point_height": null,
    "created_at": "2015-10-07T19:57:00.620Z",
    "focal_point_x": null,
    "focal_point_y": null,
    "height": 60,
    "width": 60,
    "file": "original_images/hero-image.png",
    "file_size": 6607,
    "uploaded_by_user": [
      "admin"
    ]
  },
  "model": "wagtailimages.image",
  "pk": 8
},
{
  "fields": {
    "focal_point_width": null,
    "title": "foundation_5.png",
    "focal_point_height": null,
    "created_at": "2015-10-07T19:57:00.698Z",
    "focal_point_x": null,
    "focal_point_y": null,
    "height": 500,
    "width": 1300,
    "file": "original_images/foundation_5.png",
    "file_size": 534598,
    "uploaded_by_user": [
      "admin"
    ]
  },
  "model": "wagtailimages.image",
  "pk": 9
},
{
  "fields": {
    "focal_point_width": null,
    "title": "image-ansible.png",
    "focal_point_height": null,
    "created_at": "2015-10-07T19:57:00.770Z",
    "focal_point_x": null,
    "focal_point_y": null,
    "height": 60,
    "width": 60,
    "file": "original_images/image-ansible.png",
    "file_size": 1585,
    "uploaded_by_user": [
      "admin"
    ]
  },
  "model": "wagtailimages.image",
  "pk": 10
},
{
  "fields": {
    "spec": "max-165x165"
  },
  "model": "wagtailimages.filter",
  "pk": 1
},
{
  "fields": {
    "spec": "max-130x100"
  },
  "model": "wagtailimages.filter",
  "pk": 2
},
{
  "fields": {
    "spec": "width-1400"
  },
  "model": "wagtailimages.filter",
  "pk": 3
},
{
  "fields": {
    "image": 10,
    "focal_point_key": "",
    "filter": 1,
    "width": 60,
    "file": "images/image-ansible.max-165x165.png",
    "height": 60
  },
  "model": "wagtailimages.rendition",
  "pk": 1
},
{
  "fields": {
    "image": 9,
    "focal_point_key": "",
    "filter": 1,
    "width": 165,
    "file": "images/foundation_5.max-165x165.png",
    "height": 63
  },
  "model": "wagtailimages.rendition",
  "pk": 2
},
{
  "fields": {
    "image": 8,
    "focal_point_key": "",
    "filter": 1,
    "width": 60,
    "file": "images/hero-image.max-165x165.png",
    "height": 60
  },
  "model": "wagtailimages.rendition",
  "pk": 3
},
{
  "fields": {
    "image": 7,
    "focal_point_key": "",
    "filter": 1,
    "width": 60,
    "file": "images/digital.max-165x165.png",
    "height": 60
  },
  "model": "wagtailimages.rendition",
  "pk": 4
},
{
  "fields": {
    "image": 6,
    "focal_point_key": "",
    "filter": 1,
    "width": 165,
    "file": "images/sass-logo-new.max-165x165.png",
    "height": 63
  },
  "model": "wagtailimages.rendition",
  "pk": 5
},
{
  "fields": {
    "image": 5,
    "focal_point_key": "",
    "filter": 1,
    "width": 60,
    "file": "images/PostgreSQL_logo.3colors.120x120.max-165x165.png",
    "height": 60
  },
  "model": "wagtailimages.rendition",
  "pk": 6
},
{
  "fields": {
    "image": 4,
    "focal_point_key": "",
    "filter": 1,
    "width": 165,
    "file": "images/wagtail.max-165x165.jpg",
    "height": 63
  },
  "model": "wagtailimages.rendition",
  "pk": 7
},
{
  "fields": {
    "image": 3,
    "focal_point_key": "",
    "filter": 1,
    "width": 60,
    "file": "images/Wagtail_CMS_logo.max-165x165.png",
    "height": 60
  },
  "model": "wagtailimages.rendition",
  "pk": 8
},
{
  "fields": {
    "image": 2,
    "focal_point_key": "",
    "filter": 1,
    "width": 60,
    "file": "images/sass.max-165x165.png",
    "height": 60
  },
  "model": "wagtailimages.rendition",
  "pk": 9
},
{
  "fields": {
    "image": 1,
    "focal_point_key": "",
    "filter": 1,
    "width": 165,
    "file": "images/postgresql.max-165x165.jpg",
    "height": 63
  },
  "model": "wagtailimages.rendition",
  "pk": 10
},
{
  "fields": {
    "image": 9,
    "focal_point_key": "",
    "filter": 2,
    "width": 130,
    "file": "images/foundation_5.max-130x100.png",
    "height": 50
  },
  "model": "wagtailimages.rendition",
  "pk": 11
},
{
  "fields": {
    "image": 4,
    "focal_point_key": "",
    "filter": 2,
    "width": 130,
    "file": "images/wagtail.max-130x100.jpg",
    "height": 50
  },
  "model": "wagtailimages.rendition",
  "pk": 12
},
{
  "fields": {
    "image": 6,
    "focal_point_key": "",
    "filter": 2,
    "width": 130,
    "file": "images/sass-logo-new.max-130x100.png",
    "height": 50
  },
  "model": "wagtailimages.rendition",
  "pk": 13
},
{
  "fields": {
    "image": 1,
    "focal_point_key": "",
    "filter": 2,
    "width": 130,
    "file": "images/postgresql.max-130x100.jpg",
    "height": 50
  },
  "model": "wagtailimages.rendition",
  "pk": 14
},
{
  "fields": {
    "image": 9,
    "focal_point_key": "",
    "filter": 3,
    "width": 1300,
    "file": "images/foundation_5.width-1400.png",
    "height": 500
  },
  "model": "wagtailimages.rendition",
  "pk": 15
},
{
  "fields": {
    "image": 4,
    "focal_point_key": "",
    "filter": 3,
    "width": 1300,
    "file": "images/wagtail.width-1400.jpg",
    "height": 500
  },
  "model": "wagtailimages.rendition",
  "pk": 16
},
{
  "fields": {
    "image": 1,
    "focal_point_key": "",
    "filter": 3,
    "width": 1300,
    "file": "images/postgresql.width-1400.jpg",
    "height": 500
  },
  "model": "wagtailimages.rendition",
  "pk": 17
},
{
  "fields": {
    "image": 6,
    "focal_point_key": "",
    "filter": 3,
    "width": 1300,
    "file": "images/sass-logo-new.width-1400.png",
    "height": 500
  },
  "model": "wagtailimages.rendition",
  "pk": 18
},
{
  "fields": {
    "link_page": null,
    "embed_url": "",
    "image": 9,
    "link_external": "",
    "caption": "",
    "sort_order": 0,
    "link_document": null,
    "page": 3
  },
  "model": "pages.homepagecarouselitem",
  "pk": 1
},
{
  "fields": {
    "link_page": null,
    "embed_url": "",
    "image": 4,
    "link_external": "",
    "caption": "",
    "sort_order": 1,
    "link_document": null,
    "page": 3
  },
  "model": "pages.homepagecarouselitem",
  "pk": 2
},
{
  "fields": {
    "link_page": null,
    "embed_url": "",
    "image": 1,
    "link_external": "",
    "caption": "",
    "sort_order": 2,
    "link_document": null,
    "page": 3
  },
  "model": "pages.homepagecarouselitem",
  "pk": 3
},
{
  "fields": {
    "link_page": null,
    "embed_url": "",
    "image": 6,
    "link_external": "",
    "caption": "",
    "sort_order": 3,
    "link_document": null,
    "page": 3
  },
  "model": "pages.homepagecarouselitem",
  "pk": 4
},
{
  "fields": {
    "body": "<p>A cookiecutter template for Wagtail CMS featuring Zurb Foundation front-end framework.</p>",
    "title_text": "<h3>Wagtail cookiecutter Foundation</h3>"
  },
  "model": "pages.homepage",
  "pk": 3
}
]
