[{"fields": {"model": "page", "name": "page", "app_label": "wagtailcore"}, "model": "contenttypes.contenttype", "pk": 1}, {"fields": {"model": "image", "name": "image", "app_label": "wagtailimages"}, "model": "contenttypes.contenttype", "pk": 2}, {"fields": {"model": "document", "name": "document", "app_label": "wagtaildocs"}, "model": "contenttypes.contenttype", "pk": 3}, {"fields": {"model": "homepage", "name": "Homepage", "app_label": "pages"}, "model": "contenttypes.contenttype", "pk": 4}, {"fields": {"model": "admin", "name": "Wagtail admin", "app_label": "wagtailadmin"}, "model": "contenttypes.contenttype", "pk": 5}, {"fields": {"model": "logentry", "name": "log entry", "app_label": "admin"}, "model": "contenttypes.contenttype", "pk": 6}, {"fields": {"model": "permission", "name": "permission", "app_label": "auth"}, "model": "contenttypes.contenttype", "pk": 7}, {"fields": {"model": "group", "name": "group", "app_label": "auth"}, "model": "contenttypes.contenttype", "pk": 8}, {"fields": {"model": "user", "name": "user", "app_label": "auth"}, "model": "contenttypes.contenttype", "pk": 9}, {"fields": {"model": "contenttype", "name": "content type", "app_label": "contenttypes"}, "model": "contenttypes.contenttype", "pk": 10}, {"fields": {"model": "session", "name": "session", "app_label": "sessions"}, "model": "contenttypes.contenttype", "pk": 11}, {"fields": {"model": "tag", "name": "Tag", "app_label": "taggit"}, "model": "contenttypes.contenttype", "pk": 12}, {"fields": {"model": "taggeditem", "name": "Tagged Item", "app_label": "taggit"}, "model": "contenttypes.contenttype", "pk": 13}, {"fields": {"model": "site", "name": "site", "app_label": "wagtailcore"}, "model": "contenttypes.contenttype", "pk": 14}, {"fields": {"model": "pagerevision", "name": "page revision", "app_label": "wagtailcore"}, "model": "contenttypes.contenttype", "pk": 15}, {"fields": {"model": "grouppagepermission", "name": "group page permission", "app_label": "wagtailcore"}, "model": "contenttypes.contenttype", "pk": 16}, {"fields": {"model": "pageviewrestriction", "name": "page view restriction", "app_label": "wagtailcore"}, "model": "contenttypes.contenttype", "pk": 17}, {"fields": {"model": "userprofile", "name": "user profile", "app_label": "wagtailusers"}, "model": "contenttypes.contenttype", "pk": 18}, {"fields": {"model": "filter", "name": "filter", "app_label": "wagtailimages"}, "model": "contenttypes.contenttype", "pk": 19}, {"fields": {"model": "rendition", "name": "rendition", "app_label": "wagtailimages"}, "model": "contenttypes.contenttype", "pk": 20}, {"fields": {"model": "embed", "name": "embed", "app_label": "wagtailembeds"}, "model": "contenttypes.contenttype", "pk": 21}, {"fields": {"model": "query", "name": "query", "app_label": "wagtailsearch"}, "model": "contenttypes.contenttype", "pk": 22}, {"fields": {"model": "querydailyhits", "name": "query daily hits", "app_label": "wagtailsearch"}, "model": "contenttypes.contenttype", "pk": 23}, {"fields": {"model": "editorspick", "name": "editors pick", "app_label": "wagtailsearch"}, "model": "contenttypes.contenttype", "pk": 24}, {"fields": {"model": "redirect", "name": "redirect", "app_label": "wagtailredirects"}, "model": "contenttypes.contenttype", "pk": 25}, {"fields": {"model": "formsubmission", "name": "form submission", "app_label": "wagtailforms"}, "model": "contenttypes.contenttype", "pk": 26}, {"fields": {"model": "homepagecontentitem", "name": "home page content item", "app_label": "pages"}, "model": "contenttypes.contenttype", "pk": 27}, {"fields": {"model": "homepagecarouselitem", "name": "home page carousel item", "app_label": "pages"}, "model": "contenttypes.contenttype", "pk": 28}, {"fields": {"model": "homepagerelatedlink", "name": "home page related link", "app_label": "pages"}, "model": "contenttypes.contenttype", "pk": 29}, {"fields": {"model": "standardindexpagerelatedlink", "name": "standard index page related link", "app_label": "pages"}, "model": "contenttypes.contenttype", "pk": 30}, {"fields": {"model": "standardindexpage", "name": "standard index page", "app_label": "pages"}, "model": "contenttypes.contenttype", "pk": 31}, {"fields": {"model": "standardpagecarouselitem", "name": "standard page carousel item", "app_label": "pages"}, "model": "contenttypes.contenttype", "pk": 32}, {"fields": {"model": "standardpagerelatedlink", "name": "standard page related link", "app_label": "pages"}, "model": "contenttypes.contenttype", "pk": 33}, {"fields": {"model": "standardpage", "name": "standard page", "app_label": "pages"}, "model": "contenttypes.contenttype", "pk": 34}, {"fields": {"model": "blogindexpagerelatedlink", "name": "blog index page related link", "app_label": "blog"}, "model": "contenttypes.contenttype", "pk": 35}, {"fields": {"model": "blogindexpage", "name": "blog index page", "app_label": "blog"}, "model": "contenttypes.contenttype", "pk": 36}, {"fields": {"model": "blogpagecarouselitem", "name": "blog page carousel item", "app_label": "blog"}, "model": "contenttypes.contenttype", "pk": 37}, {"fields": {"model": "blogpagerelatedlink", "name": "blog page related link", "app_label": "blog"}, "model": "contenttypes.contenttype", "pk": 38}, {"fields": {"model": "blogpagetag", "name": "blog page tag", "app_label": "blog"}, "model": "contenttypes.contenttype", "pk": 39}, {"fields": {"model": "blogpage", "name": "blog page", "app_label": "blog"}, "model": "contenttypes.contenttype", "pk": 40}, {"fields": {"model": "eventindexpagerelatedlink", "name": "event index page related link", "app_label": "events"}, "model": "contenttypes.contenttype", "pk": 41}, {"fields": {"model": "eventindexpage", "name": "event index page", "app_label": "events"}, "model": "contenttypes.contenttype", "pk": 42}, {"fields": {"model": "eventpagecarouselitem", "name": "event page carousel item", "app_label": "events"}, "model": "contenttypes.contenttype", "pk": 43}, {"fields": {"model": "eventpagerelatedlink", "name": "event page related link", "app_label": "events"}, "model": "contenttypes.contenttype", "pk": 44}, {"fields": {"model": "eventpagespeaker", "name": "event page speaker", "app_label": "events"}, "model": "contenttypes.contenttype", "pk": 45}, {"fields": {"model": "eventpage", "name": "event page", "app_label": "events"}, "model": "contenttypes.contenttype", "pk": 46}, {"fields": {"model": "formfield", "name": "form field", "app_label": "contact"}, "model": "contenttypes.contenttype", "pk": 47}, {"fields": {"model": "formpage", "name": "form page", "app_label": "contact"}, "model": "contenttypes.contenttype", "pk": 48}, {"fields": {"model": "contactformfield", "name": "contact form field", "app_label": "contact"}, "model": "contenttypes.contenttype", "pk": 49}, {"fields": {"model": "contactpage", "name": "contact page", "app_label": "contact"}, "model": "contenttypes.contenttype", "pk": 50}, {"fields": {"expire_date": "2015-06-11T14:33:57.952Z", "session_data": "MTU4OWJhMWE2NjUwMmJjMjFlOTdmZTI1YmQxNWZjMjY3YmJhNmVlNzp7Il9hdXRoX3VzZXJfaGFzaCI6IjZjYmUyOTUwYzgxNjEwZDMzZTBhOWY1YmJmMTM1YWFmY2Q5ZjU3OWEiLCJfYXV0aF91c2VyX2JhY2tlbmQiOiJkamFuZ28uY29udHJpYi5hdXRoLmJhY2tlbmRzLk1vZGVsQmFja2VuZCIsIl9hdXRoX3VzZXJfaWQiOjF9"}, "model": "sessions.session", "pk": "71oa7sb6z7au25isw0w00yx3qxbjj0d5"}, {"fields": {"expire_date": "2015-06-11T16:04:49.907Z", "session_data": "MTU4OWJhMWE2NjUwMmJjMjFlOTdmZTI1YmQxNWZjMjY3YmJhNmVlNzp7Il9hdXRoX3VzZXJfaGFzaCI6IjZjYmUyOTUwYzgxNjEwZDMzZTBhOWY1YmJmMTM1YWFmY2Q5ZjU3OWEiLCJfYXV0aF91c2VyX2JhY2tlbmQiOiJkamFuZ28uY29udHJpYi5hdXRoLmJhY2tlbmRzLk1vZGVsQmFja2VuZCIsIl9hdXRoX3VzZXJfaWQiOjF9"}, "model": "sessions.session", "pk": "egig3i0x67h206ahfl2fo4dclxrlubgd"}, {"fields": {"expire_date": "2015-06-09T12:00:09.793Z", "session_data": "MTU4OWJhMWE2NjUwMmJjMjFlOTdmZTI1YmQxNWZjMjY3YmJhNmVlNzp7Il9hdXRoX3VzZXJfaGFzaCI6IjZjYmUyOTUwYzgxNjEwZDMzZTBhOWY1YmJmMTM1YWFmY2Q5ZjU3OWEiLCJfYXV0aF91c2VyX2JhY2tlbmQiOiJkamFuZ28uY29udHJpYi5hdXRoLmJhY2tlbmRzLk1vZGVsQmFja2VuZCIsIl9hdXRoX3VzZXJfaWQiOjF9"}, "model": "sessions.session", "pk": "fbpjlws9mw3wope24sld41tq9hoq9s1o"}, {"fields": {"expire_date": "2015-06-05T19:13:19.609Z", "session_data": "NTFkNzA1ZWU5YWVhNjdkM2EyNjRmODU5ZjUyNDAwMzhjODhhNjZhMzp7fQ=="}, "model": "sessions.session", "pk": "k24bdc8dadgn0rvk1cabhrdjobh9x5fb"}, {"fields": {"expire_date": "2015-06-11T15:47:07.375Z", "session_data": "MTU4OWJhMWE2NjUwMmJjMjFlOTdmZTI1YmQxNWZjMjY3YmJhNmVlNzp7Il9hdXRoX3VzZXJfaGFzaCI6IjZjYmUyOTUwYzgxNjEwZDMzZTBhOWY1YmJmMTM1YWFmY2Q5ZjU3OWEiLCJfYXV0aF91c2VyX2JhY2tlbmQiOiJkamFuZ28uY29udHJpYi5hdXRoLmJhY2tlbmRzLk1vZGVsQmFja2VuZCIsIl9hdXRoX3VzZXJfaWQiOjF9"}, "model": "sessions.session", "pk": "mlyzoiw1b6l6mciu37h6lltxf86a1miu"}, {"fields": {"expire_date": "2015-06-11T10:24:39.445Z", "session_data": "MTU4OWJhMWE2NjUwMmJjMjFlOTdmZTI1YmQxNWZjMjY3YmJhNmVlNzp7Il9hdXRoX3VzZXJfaGFzaCI6IjZjYmUyOTUwYzgxNjEwZDMzZTBhOWY1YmJmMTM1YWFmY2Q5ZjU3OWEiLCJfYXV0aF91c2VyX2JhY2tlbmQiOiJkamFuZ28uY29udHJpYi5hdXRoLmJhY2tlbmRzLk1vZGVsQmFja2VuZCIsIl9hdXRoX3VzZXJfaWQiOjF9"}, "model": "sessions.session", "pk": "n113kn6hbksc0zfqeyzsfh6nffle26f8"}, {"fields": {"expire_date": "2015-06-06T09:22:07.416Z", "session_data": "YzhjN2U1MjAzMWRiMzBhYmIzNWExZGY3NWMzN2YzYzAwMDE3YjFiYTp7Il9hdXRoX3VzZXJfaGFzaCI6ImEzMzQzM2MzNDY3OWUxYmIyY2Y5YTJhYjYzZDg2ZWU0ZDhjYmM1ZGYiLCJfYXV0aF91c2VyX2JhY2tlbmQiOiJkamFuZ28uY29udHJpYi5hdXRoLmJhY2tlbmRzLk1vZGVsQmFja2VuZCIsIl9hdXRoX3VzZXJfaWQiOjF9"}, "model": "sessions.session", "pk": "n3mu8jkygomjeibz451r9beykjfth7ws"}, {"fields": {"expire_date": "2015-06-11T10:15:33.846Z", "session_data": "MTU4OWJhMWE2NjUwMmJjMjFlOTdmZTI1YmQxNWZjMjY3YmJhNmVlNzp7Il9hdXRoX3VzZXJfaGFzaCI6IjZjYmUyOTUwYzgxNjEwZDMzZTBhOWY1YmJmMTM1YWFmY2Q5ZjU3OWEiLCJfYXV0aF91c2VyX2JhY2tlbmQiOiJkamFuZ28uY29udHJpYi5hdXRoLmJhY2tlbmRzLk1vZGVsQmFja2VuZCIsIl9hdXRoX3VzZXJfaWQiOjF9"}, "model": "sessions.session", "pk": "oeez0o2nusmcjw6m6iqlujrg5g14rvqq"}, {"fields": {"expire_date": "2015-06-11T13:39:43.336Z", "session_data": "NTFkNzA1ZWU5YWVhNjdkM2EyNjRmODU5ZjUyNDAwMzhjODhhNjZhMzp7fQ=="}, "model": "sessions.session", "pk": "tn1ttxe2juoba1k4ev4cps4e81cbb245"}, {"fields": {"root_page": 3, "hostname": "localhost", "port": 80, "is_default_site": true}, "model": "wagtailcore.site", "pk": 2}, {"fields": {"spec": "fill-60x60"}, "model": "wagtailimages.filter", "pk": 1}, {"fields": {"spec": "max-130x130"}, "model": "wagtailimages.filter", "pk": 2}, {"fields": {"spec": "width-1400"}, "model": "wagtailimages.filter", "pk": 3}, {"fields": {"spec": "width-250"}, "model": "wagtailimages.filter", "pk": 4}, {"fields": {"spec": "width-1200"}, "model": "wagtailimages.filter", "pk": 5}, {"fields": {"spec": "max-165x165"}, "model": "wagtailimages.filter", "pk": 6}, {"fields": {"spec": "max-130x100"}, "model": "wagtailimages.filter", "pk": 7}, {"fields": {"spec": "max-800x600"}, "model": "wagtailimages.filter", "pk": 8}, {"fields": {"image": 43, "focal_point_key": "", "filter": 7, "width": 130, "file": "images/foundation_5.focus-none.max-130x100.png", "height": 50}, "model": "wagtailimages.rendition", "pk": 179}, {"fields": {"image": 43, "focal_point_key": "", "filter": 6, "width": 165, "file": "images/foundation_5.focus-none.max-165x165.png", "height": 63}, "model": "wagtailimages.rendition", "pk": 180}, {"fields": {"image": 44, "focal_point_key": "", "filter": 7, "width": 130, "file": "images/wagtail.focus-none.max-130x100.jpg", "height": 50}, "model": "wagtailimages.rendition", "pk": 181}, {"fields": {"image": 44, "focal_point_key": "", "filter": 6, "width": 165, "file": "images/wagtail.focus-none.max-165x165.jpg", "height": 63}, "model": "wagtailimages.rendition", "pk": 182}, {"fields": {"image": 45, "focal_point_key": "", "filter": 7, "width": 130, "file": "images/postgresql.focus-none.max-130x100.jpg", "height": 50}, "model": "wagtailimages.rendition", "pk": 183}, {"fields": {"image": 45, "focal_point_key": "", "filter": 6, "width": 165, "file": "images/postgresql.focus-none.max-165x165.jpg", "height": 63}, "model": "wagtailimages.rendition", "pk": 184}, {"fields": {"image": 46, "focal_point_key": "", "filter": 7, "width": 130, "file": "images/sass-logo-new.focus-none.max-130x100.png", "height": 50}, "model": "wagtailimages.rendition", "pk": 185}, {"fields": {"image": 46, "focal_point_key": "", "filter": 6, "width": 165, "file": "images/sass-logo-new.focus-none.max-165x165.png", "height": 63}, "model": "wagtailimages.rendition", "pk": 186}, {"fields": {"image": 47, "focal_point_key": "", "filter": 7, "width": 60, "file": "images/Wagtail_CMS_logo.focus-none.max-130x100.png", "height": 60}, "model": "wagtailimages.rendition", "pk": 187}, {"fields": {"image": 47, "focal_point_key": "", "filter": 6, "width": 60, "file": "images/Wagtail_CMS_logo.focus-none.max-165x165.png", "height": 60}, "model": "wagtailimages.rendition", "pk": 188}, {"fields": {"image": 48, "focal_point_key": "", "filter": 7, "width": 60, "file": "images/hero-image.focus-none.max-130x100.png", "height": 60}, "model": "wagtailimages.rendition", "pk": 189}, {"fields": {"image": 48, "focal_point_key": "", "filter": 6, "width": 60, "file": "images/hero-image.focus-none.max-165x165.png", "height": 60}, "model": "wagtailimages.rendition", "pk": 190}, {"fields": {"image": 49, "focal_point_key": "", "filter": 7, "width": 60, "file": "images/image-ansible.focus-none.max-130x100.png", "height": 60}, "model": "wagtailimages.rendition", "pk": 191}, {"fields": {"image": 49, "focal_point_key": "", "filter": 6, "width": 60, "file": "images/image-ansible.focus-none.max-165x165.png", "height": 60}, "model": "wagtailimages.rendition", "pk": 192}, {"fields": {"image": 50, "focal_point_key": "", "filter": 7, "width": 60, "file": "images/sass.focus-none.max-130x100.png", "height": 60}, "model": "wagtailimages.rendition", "pk": 193}, {"fields": {"image": 50, "focal_point_key": "", "filter": 6, "width": 60, "file": "images/sass.focus-none.max-165x165.png", "height": 60}, "model": "wagtailimages.rendition", "pk": 194}, {"fields": {"image": 51, "focal_point_key": "", "filter": 7, "width": 60, "file": "images/PostgreSQL_logo.3colors.120x120.focus-none.max-130x100.png", "height": 60}, "model": "wagtailimages.rendition", "pk": 195}, {"fields": {"image": 51, "focal_point_key": "", "filter": 6, "width": 60, "file": "images/PostgreSQL_logo.3colors.120x120.focus-none.max-165x165.png", "height": 60}, "model": "wagtailimages.rendition", "pk": 196}, {"fields": {"image": 52, "focal_point_key": "", "filter": 7, "width": 60, "file": "images/digital.focus-none.max-130x100.png", "height": 60}, "model": "wagtailimages.rendition", "pk": 197}, {"fields": {"image": 43, "focal_point_key": "", "filter": 3, "width": 1300, "file": "images/foundation_5.focus-none.width-1400.png", "height": 500}, "model": "wagtailimages.rendition", "pk": 198}, {"fields": {"image": 44, "focal_point_key": "", "filter": 3, "width": 1300, "file": "images/wagtail.focus-none.width-1400.jpg", "height": 500}, "model": "wagtailimages.rendition", "pk": 199}, {"fields": {"image": 45, "focal_point_key": "", "filter": 3, "width": 1300, "file": "images/postgresql.focus-none.width-1400.jpg", "height": 500}, "model": "wagtailimages.rendition", "pk": 200}, {"fields": {"image": 46, "focal_point_key": "", "filter": 3, "width": 1300, "file": "images/sass-logo-new.focus-none.width-1400.png", "height": 500}, "model": "wagtailimages.rendition", "pk": 201}, {"fields": {"image": 47, "focal_point_key": "", "filter": 1, "width": 60, "file": "images/Wagtail_CMS_logo.focus-none.fill-60x60.png", "height": 60}, "model": "wagtailimages.rendition", "pk": 202}, {"fields": {"image": 48, "focal_point_key": "", "filter": 1, "width": 60, "file": "images/hero-image.focus-none.fill-60x60.png", "height": 60}, "model": "wagtailimages.rendition", "pk": 203}, {"fields": {"image": 49, "focal_point_key": "", "filter": 1, "width": 60, "file": "images/image-ansible.focus-none.fill-60x60.png", "height": 60}, "model": "wagtailimages.rendition", "pk": 204}, {"fields": {"image": 50, "focal_point_key": "", "filter": 1, "width": 60, "file": "images/sass.focus-none.fill-60x60.png", "height": 60}, "model": "wagtailimages.rendition", "pk": 205}, {"fields": {"image": 51, "focal_point_key": "", "filter": 1, "width": 60, "file": "images/PostgreSQL_logo.3colors.120x120.focus-none.fill-60x60.png", "height": 60}, "model": "wagtailimages.rendition", "pk": 206}, {"fields": {"image": 52, "focal_point_key": "", "filter": 1, "width": 60, "file": "images/digital.focus-none.fill-60x60.png", "height": 60}, "model": "wagtailimages.rendition", "pk": 207}, {"fields": {"slug": "wagtail", "link_page": null, "title": "Wagtail", "image": 47, "link_external": "https://wagtail.io/", "summary": "", "content": "<p>Wagtail the leading Django CMS.</p>", "sort_order": 0, "link_document": null, "page": 3}, "model": "pages.homepagecontentitem", "pk": 16}, {"fields": {"slug": "foundation", "link_page": null, "title": "Foundation", "image": 48, "link_external": "http://foundation.zurb.com/", "summary": "", "content": "The most advanced responsive\u00a0front-end framework in the world.", "sort_order": 1, "link_document": null, "page": 3}, "model": "pages.homepagecontentitem", "pk": 18}, {"fields": {"slug": "ansible", "link_page": null, "title": "Ansible", "image": 49, "link_external": "http://www.ansible.com/", "summary": "", "content": "Ansible for provisioning and Deployment", "sort_order": 2, "link_document": null, "page": 3}, "model": "pages.homepagecontentitem", "pk": 119}, {"fields": {"slug": "sass", "link_page": null, "title": "Sass", "image": 50, "link_external": "http://sass-lang.com/", "summary": "", "content": "100% Sass", "sort_order": 3, "link_document": null, "page": 3}, "model": "pages.homepagecontentitem", "pk": 120}, {"fields": {"slug": "postgresql", "link_page": null, "title": "Postgresql", "image": 51, "link_external": "http://www.postgresql.org/", "summary": "", "content": "PostgreSQL Everywhere", "sort_order": 4, "link_document": null, "page": 3}, "model": "pages.homepagecontentitem", "pk": 121}, {"fields": {"slug": "digitalocean", "link_page": null, "title": "Digital Ocean", "image": 52, "link_external": "https://www.digitalocean.com/", "summary": "", "content": "Spin Up your server with Digital Ocean API.", "sort_order": 5, "link_document": null, "page": 3}, "model": "pages.homepagecontentitem", "pk": 122}, {"fields": {"link_page": null, "embed_url": "", "image": 43, "link_external": "", "caption": "", "sort_order": 0, "link_document": null, "page": 3}, "model": "pages.homepagecarouselitem", "pk": 57}, {"fields": {"link_page": null, "embed_url": "", "image": 44, "link_external": "", "caption": "", "sort_order": 1, "link_document": null, "page": 3}, "model": "pages.homepagecarouselitem", "pk": 58}, {"fields": {"link_page": null, "embed_url": "", "image": 45, "link_external": "", "caption": "", "sort_order": 2, "link_document": null, "page": 3}, "model": "pages.homepagecarouselitem", "pk": 59}, {"fields": {"link_page": null, "embed_url": "", "image": 46, "link_external": "", "caption": "", "sort_order": 3, "link_document": null, "page": 3}, "model": "pages.homepagecarouselitem", "pk": 60}, {"fields": {"default_value": "", "field_type": "singleline", "required": true, "choices": "", "sort_order": 0, "help_text": "", "label": "Your Name", "page": 9}, "model": "contact.contactformfield", "pk": 1}, {"fields": {"default_value": "", "field_type": "email", "required": true, "choices": "", "sort_order": 1, "help_text": "", "label": "Your Email Address", "page": 9}, "model": "contact.contactformfield", "pk": 2}, {"fields": {"default_value": "", "field_type": "dropdown", "required": true, "choices": "Justo, Pellentesque, Purus", "sort_order": 2, "help_text": "", "label": "Why do you want to get in contact", "page": 9}, "model": "contact.contactformfield", "pk": 3}, {"fields": {"codename": "add_image", "name": "Can add image", "content_type": 2}, "model": "auth.permission", "pk": 1}, {"fields": {"codename": "change_image", "name": "Can change image", "content_type": 2}, "model": "auth.permission", "pk": 2}, {"fields": {"codename": "delete_image", "name": "Can delete image", "content_type": 2}, "model": "auth.permission", "pk": 3}, {"fields": {"codename": "add_document", "name": "Can add document", "content_type": 3}, "model": "auth.permission", "pk": 4}, {"fields": {"codename": "change_document", "name": "Can change document", "content_type": 3}, "model": "auth.permission", "pk": 5}, {"fields": {"codename": "delete_document", "name": "Can delete document", "content_type": 3}, "model": "auth.permission", "pk": 6}, {"fields": {"codename": "access_admin", "name": "Can access Wagtail admin", "content_type": 5}, "model": "auth.permission", "pk": 7}, {"fields": {"codename": "add_logentry", "name": "Can add log entry", "content_type": 6}, "model": "auth.permission", "pk": 8}, {"fields": {"codename": "change_logentry", "name": "Can change log entry", "content_type": 6}, "model": "auth.permission", "pk": 9}, {"fields": {"codename": "delete_logentry", "name": "Can delete log entry", "content_type": 6}, "model": "auth.permission", "pk": 10}, {"fields": {"codename": "add_permission", "name": "Can add permission", "content_type": 7}, "model": "auth.permission", "pk": 11}, {"fields": {"codename": "change_permission", "name": "Can change permission", "content_type": 7}, "model": "auth.permission", "pk": 12}, {"fields": {"codename": "delete_permission", "name": "Can delete permission", "content_type": 7}, "model": "auth.permission", "pk": 13}, {"fields": {"codename": "add_group", "name": "Can add group", "content_type": 8}, "model": "auth.permission", "pk": 14}, {"fields": {"codename": "change_group", "name": "Can change group", "content_type": 8}, "model": "auth.permission", "pk": 15}, {"fields": {"codename": "delete_group", "name": "Can delete group", "content_type": 8}, "model": "auth.permission", "pk": 16}, {"fields": {"codename": "add_user", "name": "Can add user", "content_type": 9}, "model": "auth.permission", "pk": 17}, {"fields": {"codename": "change_user", "name": "Can change user", "content_type": 9}, "model": "auth.permission", "pk": 18}, {"fields": {"codename": "delete_user", "name": "Can delete user", "content_type": 9}, "model": "auth.permission", "pk": 19}, {"fields": {"codename": "add_contenttype", "name": "Can add content type", "content_type": 10}, "model": "auth.permission", "pk": 20}, {"fields": {"codename": "change_contenttype", "name": "Can change content type", "content_type": 10}, "model": "auth.permission", "pk": 21}, {"fields": {"codename": "delete_contenttype", "name": "Can delete content type", "content_type": 10}, "model": "auth.permission", "pk": 22}, {"fields": {"codename": "add_session", "name": "Can add session", "content_type": 11}, "model": "auth.permission", "pk": 23}, {"fields": {"codename": "change_session", "name": "Can change session", "content_type": 11}, "model": "auth.permission", "pk": 24}, {"fields": {"codename": "delete_session", "name": "Can delete session", "content_type": 11}, "model": "auth.permission", "pk": 25}, {"fields": {"codename": "add_tag", "name": "Can add Tag", "content_type": 12}, "model": "auth.permission", "pk": 26}, {"fields": {"codename": "change_tag", "name": "Can change Tag", "content_type": 12}, "model": "auth.permission", "pk": 27}, {"fields": {"codename": "delete_tag", "name": "Can delete Tag", "content_type": 12}, "model": "auth.permission", "pk": 28}, {"fields": {"codename": "add_taggeditem", "name": "Can add Tagged Item", "content_type": 13}, "model": "auth.permission", "pk": 29}, {"fields": {"codename": "change_taggeditem", "name": "Can change Tagged Item", "content_type": 13}, "model": "auth.permission", "pk": 30}, {"fields": {"codename": "delete_taggeditem", "name": "Can delete Tagged Item", "content_type": 13}, "model": "auth.permission", "pk": 31}, {"fields": {"codename": "add_site", "name": "Can add site", "content_type": 14}, "model": "auth.permission", "pk": 32}, {"fields": {"codename": "change_site", "name": "Can change site", "content_type": 14}, "model": "auth.permission", "pk": 33}, {"fields": {"codename": "delete_site", "name": "Can delete site", "content_type": 14}, "model": "auth.permission", "pk": 34}, {"fields": {"codename": "add_page", "name": "Can add page", "content_type": 1}, "model": "auth.permission", "pk": 35}, {"fields": {"codename": "change_page", "name": "Can change page", "content_type": 1}, "model": "auth.permission", "pk": 36}, {"fields": {"codename": "delete_page", "name": "Can delete page", "content_type": 1}, "model": "auth.permission", "pk": 37}, {"fields": {"codename": "add_pagerevision", "name": "Can add page revision", "content_type": 15}, "model": "auth.permission", "pk": 38}, {"fields": {"codename": "change_pagerevision", "name": "Can change page revision", "content_type": 15}, "model": "auth.permission", "pk": 39}, {"fields": {"codename": "delete_pagerevision", "name": "Can delete page revision", "content_type": 15}, "model": "auth.permission", "pk": 40}, {"fields": {"codename": "add_grouppagepermission", "name": "Can add group page permission", "content_type": 16}, "model": "auth.permission", "pk": 41}, {"fields": {"codename": "change_grouppagepermission", "name": "Can change group page permission", "content_type": 16}, "model": "auth.permission", "pk": 42}, {"fields": {"codename": "delete_grouppagepermission", "name": "Can delete group page permission", "content_type": 16}, "model": "auth.permission", "pk": 43}, {"fields": {"codename": "add_pageviewrestriction", "name": "Can add page view restriction", "content_type": 17}, "model": "auth.permission", "pk": 44}, {"fields": {"codename": "change_pageviewrestriction", "name": "Can change page view restriction", "content_type": 17}, "model": "auth.permission", "pk": 45}, {"fields": {"codename": "delete_pageviewrestriction", "name": "Can delete page view restriction", "content_type": 17}, "model": "auth.permission", "pk": 46}, {"fields": {"codename": "add_userprofile", "name": "Can add user profile", "content_type": 18}, "model": "auth.permission", "pk": 47}, {"fields": {"codename": "change_userprofile", "name": "Can change user profile", "content_type": 18}, "model": "auth.permission", "pk": 48}, {"fields": {"codename": "delete_userprofile", "name": "Can delete user profile", "content_type": 18}, "model": "auth.permission", "pk": 49}, {"fields": {"codename": "add_filter", "name": "Can add filter", "content_type": 19}, "model": "auth.permission", "pk": 50}, {"fields": {"codename": "change_filter", "name": "Can change filter", "content_type": 19}, "model": "auth.permission", "pk": 51}, {"fields": {"codename": "delete_filter", "name": "Can delete filter", "content_type": 19}, "model": "auth.permission", "pk": 52}, {"fields": {"codename": "add_rendition", "name": "Can add rendition", "content_type": 20}, "model": "auth.permission", "pk": 53}, {"fields": {"codename": "change_rendition", "name": "Can change rendition", "content_type": 20}, "model": "auth.permission", "pk": 54}, {"fields": {"codename": "delete_rendition", "name": "Can delete rendition", "content_type": 20}, "model": "auth.permission", "pk": 55}, {"fields": {"codename": "add_embed", "name": "Can add embed", "content_type": 21}, "model": "auth.permission", "pk": 56}, {"fields": {"codename": "change_embed", "name": "Can change embed", "content_type": 21}, "model": "auth.permission", "pk": 57}, {"fields": {"codename": "delete_embed", "name": "Can delete embed", "content_type": 21}, "model": "auth.permission", "pk": 58}, {"fields": {"codename": "add_query", "name": "Can add query", "content_type": 22}, "model": "auth.permission", "pk": 59}, {"fields": {"codename": "change_query", "name": "Can change query", "content_type": 22}, "model": "auth.permission", "pk": 60}, {"fields": {"codename": "delete_query", "name": "Can delete query", "content_type": 22}, "model": "auth.permission", "pk": 61}, {"fields": {"codename": "add_querydailyhits", "name": "Can add query daily hits", "content_type": 23}, "model": "auth.permission", "pk": 62}, {"fields": {"codename": "change_querydailyhits", "name": "Can change query daily hits", "content_type": 23}, "model": "auth.permission", "pk": 63}, {"fields": {"codename": "delete_querydailyhits", "name": "Can delete query daily hits", "content_type": 23}, "model": "auth.permission", "pk": 64}, {"fields": {"codename": "add_editorspick", "name": "Can add editors pick", "content_type": 24}, "model": "auth.permission", "pk": 65}, {"fields": {"codename": "change_editorspick", "name": "Can change editors pick", "content_type": 24}, "model": "auth.permission", "pk": 66}, {"fields": {"codename": "delete_editorspick", "name": "Can delete editors pick", "content_type": 24}, "model": "auth.permission", "pk": 67}, {"fields": {"codename": "add_redirect", "name": "Can add redirect", "content_type": 25}, "model": "auth.permission", "pk": 68}, {"fields": {"codename": "change_redirect", "name": "Can change redirect", "content_type": 25}, "model": "auth.permission", "pk": 69}, {"fields": {"codename": "delete_redirect", "name": "Can delete redirect", "content_type": 25}, "model": "auth.permission", "pk": 70}, {"fields": {"codename": "add_formsubmission", "name": "Can add form submission", "content_type": 26}, "model": "auth.permission", "pk": 71}, {"fields": {"codename": "change_formsubmission", "name": "Can change form submission", "content_type": 26}, "model": "auth.permission", "pk": 72}, {"fields": {"codename": "delete_formsubmission", "name": "Can delete form submission", "content_type": 26}, "model": "auth.permission", "pk": 73}, {"fields": {"codename": "add_homepagecontentitem", "name": "Can add home page content item", "content_type": 27}, "model": "auth.permission", "pk": 74}, {"fields": {"codename": "change_homepagecontentitem", "name": "Can change home page content item", "content_type": 27}, "model": "auth.permission", "pk": 75}, {"fields": {"codename": "delete_homepagecontentitem", "name": "Can delete home page content item", "content_type": 27}, "model": "auth.permission", "pk": 76}, {"fields": {"codename": "add_homepagecarouselitem", "name": "Can add home page carousel item", "content_type": 28}, "model": "auth.permission", "pk": 77}, {"fields": {"codename": "change_homepagecarouselitem", "name": "Can change home page carousel item", "content_type": 28}, "model": "auth.permission", "pk": 78}, {"fields": {"codename": "delete_homepagecarouselitem", "name": "Can delete home page carousel item", "content_type": 28}, "model": "auth.permission", "pk": 79}, {"fields": {"codename": "add_homepagerelatedlink", "name": "Can add home page related link", "content_type": 29}, "model": "auth.permission", "pk": 80}, {"fields": {"codename": "change_homepagerelatedlink", "name": "Can change home page related link", "content_type": 29}, "model": "auth.permission", "pk": 81}, {"fields": {"codename": "delete_homepagerelatedlink", "name": "Can delete home page related link", "content_type": 29}, "model": "auth.permission", "pk": 82}, {"fields": {"codename": "add_homepage", "name": "Can add Homepage", "content_type": 4}, "model": "auth.permission", "pk": 83}, {"fields": {"codename": "change_homepage", "name": "Can change Homepage", "content_type": 4}, "model": "auth.permission", "pk": 84}, {"fields": {"codename": "delete_homepage", "name": "Can delete Homepage", "content_type": 4}, "model": "auth.permission", "pk": 85}, {"fields": {"codename": "add_standardindexpagerelatedlink", "name": "Can add standard index page related link", "content_type": 30}, "model": "auth.permission", "pk": 86}, {"fields": {"codename": "change_standardindexpagerelatedlink", "name": "Can change standard index page related link", "content_type": 30}, "model": "auth.permission", "pk": 87}, {"fields": {"codename": "delete_standardindexpagerelatedlink", "name": "Can delete standard index page related link", "content_type": 30}, "model": "auth.permission", "pk": 88}, {"fields": {"codename": "add_standardindexpage", "name": "Can add standard index page", "content_type": 31}, "model": "auth.permission", "pk": 89}, {"fields": {"codename": "change_standardindexpage", "name": "Can change standard index page", "content_type": 31}, "model": "auth.permission", "pk": 90}, {"fields": {"codename": "delete_standardindexpage", "name": "Can delete standard index page", "content_type": 31}, "model": "auth.permission", "pk": 91}, {"fields": {"codename": "add_standardpagecarouselitem", "name": "Can add standard page carousel item", "content_type": 32}, "model": "auth.permission", "pk": 92}, {"fields": {"codename": "change_standardpagecarouselitem", "name": "Can change standard page carousel item", "content_type": 32}, "model": "auth.permission", "pk": 93}, {"fields": {"codename": "delete_standardpagecarouselitem", "name": "Can delete standard page carousel item", "content_type": 32}, "model": "auth.permission", "pk": 94}, {"fields": {"codename": "add_standardpagerelatedlink", "name": "Can add standard page related link", "content_type": 33}, "model": "auth.permission", "pk": 95}, {"fields": {"codename": "change_standardpagerelatedlink", "name": "Can change standard page related link", "content_type": 33}, "model": "auth.permission", "pk": 96}, {"fields": {"codename": "delete_standardpagerelatedlink", "name": "Can delete standard page related link", "content_type": 33}, "model": "auth.permission", "pk": 97}, {"fields": {"codename": "add_standardpage", "name": "Can add standard page", "content_type": 34}, "model": "auth.permission", "pk": 98}, {"fields": {"codename": "change_standardpage", "name": "Can change standard page", "content_type": 34}, "model": "auth.permission", "pk": 99}, {"fields": {"codename": "delete_standardpage", "name": "Can delete standard page", "content_type": 34}, "model": "auth.permission", "pk": 100}, {"fields": {"codename": "add_blogindexpagerelatedlink", "name": "Can add blog index page related link", "content_type": 35}, "model": "auth.permission", "pk": 101}, {"fields": {"codename": "change_blogindexpagerelatedlink", "name": "Can change blog index page related link", "content_type": 35}, "model": "auth.permission", "pk": 102}, {"fields": {"codename": "delete_blogindexpagerelatedlink", "name": "Can delete blog index page related link", "content_type": 35}, "model": "auth.permission", "pk": 103}, {"fields": {"codename": "add_blogindexpage", "name": "Can add blog index page", "content_type": 36}, "model": "auth.permission", "pk": 104}, {"fields": {"codename": "change_blogindexpage", "name": "Can change blog index page", "content_type": 36}, "model": "auth.permission", "pk": 105}, {"fields": {"codename": "delete_blogindexpage", "name": "Can delete blog index page", "content_type": 36}, "model": "auth.permission", "pk": 106}, {"fields": {"codename": "add_blogpagecarouselitem", "name": "Can add blog page carousel item", "content_type": 37}, "model": "auth.permission", "pk": 107}, {"fields": {"codename": "change_blogpagecarouselitem", "name": "Can change blog page carousel item", "content_type": 37}, "model": "auth.permission", "pk": 108}, {"fields": {"codename": "delete_blogpagecarouselitem", "name": "Can delete blog page carousel item", "content_type": 37}, "model": "auth.permission", "pk": 109}, {"fields": {"codename": "add_blogpagerelatedlink", "name": "Can add blog page related link", "content_type": 38}, "model": "auth.permission", "pk": 110}, {"fields": {"codename": "change_blogpagerelatedlink", "name": "Can change blog page related link", "content_type": 38}, "model": "auth.permission", "pk": 111}, {"fields": {"codename": "delete_blogpagerelatedlink", "name": "Can delete blog page related link", "content_type": 38}, "model": "auth.permission", "pk": 112}, {"fields": {"codename": "add_blogpagetag", "name": "Can add blog page tag", "content_type": 39}, "model": "auth.permission", "pk": 113}, {"fields": {"codename": "change_blogpagetag", "name": "Can change blog page tag", "content_type": 39}, "model": "auth.permission", "pk": 114}, {"fields": {"codename": "delete_blogpagetag", "name": "Can delete blog page tag", "content_type": 39}, "model": "auth.permission", "pk": 115}, {"fields": {"codename": "add_blogpage", "name": "Can add blog page", "content_type": 40}, "model": "auth.permission", "pk": 116}, {"fields": {"codename": "change_blogpage", "name": "Can change blog page", "content_type": 40}, "model": "auth.permission", "pk": 117}, {"fields": {"codename": "delete_blogpage", "name": "Can delete blog page", "content_type": 40}, "model": "auth.permission", "pk": 118}, {"fields": {"codename": "add_eventindexpagerelatedlink", "name": "Can add event index page related link", "content_type": 41}, "model": "auth.permission", "pk": 119}, {"fields": {"codename": "change_eventindexpagerelatedlink", "name": "Can change event index page related link", "content_type": 41}, "model": "auth.permission", "pk": 120}, {"fields": {"codename": "delete_eventindexpagerelatedlink", "name": "Can delete event index page related link", "content_type": 41}, "model": "auth.permission", "pk": 121}, {"fields": {"codename": "add_eventindexpage", "name": "Can add event index page", "content_type": 42}, "model": "auth.permission", "pk": 122}, {"fields": {"codename": "change_eventindexpage", "name": "Can change event index page", "content_type": 42}, "model": "auth.permission", "pk": 123}, {"fields": {"codename": "delete_eventindexpage", "name": "Can delete event index page", "content_type": 42}, "model": "auth.permission", "pk": 124}, {"fields": {"codename": "add_eventpagecarouselitem", "name": "Can add event page carousel item", "content_type": 43}, "model": "auth.permission", "pk": 125}, {"fields": {"codename": "change_eventpagecarouselitem", "name": "Can change event page carousel item", "content_type": 43}, "model": "auth.permission", "pk": 126}, {"fields": {"codename": "delete_eventpagecarouselitem", "name": "Can delete event page carousel item", "content_type": 43}, "model": "auth.permission", "pk": 127}, {"fields": {"codename": "add_eventpagerelatedlink", "name": "Can add event page related link", "content_type": 44}, "model": "auth.permission", "pk": 128}, {"fields": {"codename": "change_eventpagerelatedlink", "name": "Can change event page related link", "content_type": 44}, "model": "auth.permission", "pk": 129}, {"fields": {"codename": "delete_eventpagerelatedlink", "name": "Can delete event page related link", "content_type": 44}, "model": "auth.permission", "pk": 130}, {"fields": {"codename": "add_eventpagespeaker", "name": "Can add event page speaker", "content_type": 45}, "model": "auth.permission", "pk": 131}, {"fields": {"codename": "change_eventpagespeaker", "name": "Can change event page speaker", "content_type": 45}, "model": "auth.permission", "pk": 132}, {"fields": {"codename": "delete_eventpagespeaker", "name": "Can delete event page speaker", "content_type": 45}, "model": "auth.permission", "pk": 133}, {"fields": {"codename": "add_eventpage", "name": "Can add event page", "content_type": 46}, "model": "auth.permission", "pk": 134}, {"fields": {"codename": "change_eventpage", "name": "Can change event page", "content_type": 46}, "model": "auth.permission", "pk": 135}, {"fields": {"codename": "delete_eventpage", "name": "Can delete event page", "content_type": 46}, "model": "auth.permission", "pk": 136}, {"fields": {"codename": "add_formfield", "name": "Can add form field", "content_type": 47}, "model": "auth.permission", "pk": 137}, {"fields": {"codename": "change_formfield", "name": "Can change form field", "content_type": 47}, "model": "auth.permission", "pk": 138}, {"fields": {"codename": "delete_formfield", "name": "Can delete form field", "content_type": 47}, "model": "auth.permission", "pk": 139}, {"fields": {"codename": "add_formpage", "name": "Can add form page", "content_type": 48}, "model": "auth.permission", "pk": 140}, {"fields": {"codename": "change_formpage", "name": "Can change form page", "content_type": 48}, "model": "auth.permission", "pk": 141}, {"fields": {"codename": "delete_formpage", "name": "Can delete form page", "content_type": 48}, "model": "auth.permission", "pk": 142}, {"fields": {"codename": "add_contactformfield", "name": "Can add contact form field", "content_type": 49}, "model": "auth.permission", "pk": 143}, {"fields": {"codename": "change_contactformfield", "name": "Can change contact form field", "content_type": 49}, "model": "auth.permission", "pk": 144}, {"fields": {"codename": "delete_contactformfield", "name": "Can delete contact form field", "content_type": 49}, "model": "auth.permission", "pk": 145}, {"fields": {"codename": "add_contactpage", "name": "Can add contact page", "content_type": 50}, "model": "auth.permission", "pk": 146}, {"fields": {"codename": "change_contactpage", "name": "Can change contact page", "content_type": 50}, "model": "auth.permission", "pk": 147}, {"fields": {"codename": "delete_contactpage", "name": "Can delete contact page", "content_type": 50}, "model": "auth.permission", "pk": 148}, {"fields": {"name": "Moderators", "permissions": [7, 4, 5, 6, 1, 2, 3]}, "model": "auth.group", "pk": 1}, {"fields": {"name": "Editors", "permissions": [7, 4, 5, 6, 1, 2, 3]}, "model": "auth.group", "pk": 2}, {"fields": {"username": "admin", "first_name": "Admin", "last_name": "Admin", "is_active": true, "is_superuser": true, "is_staff": true, "last_login": "2015-05-28T16:04:49.854Z", "groups": [], "user_permissions": [], "password": "pbkdf2_sha256$15000$WkLDDCaORD3i$BKVVtRfRp1fnzECUbj38fTCCrEAj5hxcr7KyGGEI4uU=", "email": "admin@test.com", "date_joined": "2015-05-22T19:12:50.717Z"}, "model": "auth.user", "pk": 1}, {"fields": {"locked": false, "title": "Root", "numchild": 1, "show_in_menus": false, "live": true, "seo_title": "", "latest_revision_created_at": null, "depth": 1, "search_description": "", "content_type": 1, "has_unpublished_changes": false, "owner": null, "path": "0001", "url_path": "/", "expired": false, "slug": "root", "expire_at": null, "go_live_at": null}, "model": "wagtailcore.page", "pk": 1}, {"fields": {"locked": false, "title": "Homepage", "numchild": 3, "show_in_menus": false, "live": true, "seo_title": "", "latest_revision_created_at": "2015-05-28T16:25:48.075Z", "depth": 2, "search_description": "", "content_type": 4, "has_unpublished_changes": false, "owner": null, "path": "00010001", "url_path": "/home/", "expired": false, "slug": "home", "expire_at": null, "go_live_at": null}, "model": "wagtailcore.page", "pk": 3}, {"fields": {"locked": false, "title": "About Us", "numchild": 2, "show_in_menus": true, "live": true, "seo_title": "", "latest_revision_created_at": "2015-05-23T09:24:22.573Z", "depth": 3, "search_description": "", "content_type": 31, "has_unpublished_changes": false, "owner": 1, "path": "000100010001", "url_path": "/home/about-us/", "expired": false, "slug": "about-us", "expire_at": null, "go_live_at": null}, "model": "wagtailcore.page", "pk": 4}, {"fields": {"locked": false, "title": "Vision and Mission", "numchild": 0, "show_in_menus": true, "live": true, "seo_title": "", "latest_revision_created_at": "2015-05-23T09:27:40.931Z", "depth": 4, "search_description": "", "content_type": 34, "has_unpublished_changes": false, "owner": 1, "path": "0001000100010001", "url_path": "/home/about-us/vision-and-mission/", "expired": false, "slug": "vision-and-mission", "expire_at": null, "go_live_at": null}, "model": "wagtailcore.page", "pk": 5}, {"fields": {"locked": false, "title": "History", "numchild": 0, "show_in_menus": true, "live": true, "seo_title": "", "latest_revision_created_at": "2015-05-23T09:44:37.327Z", "depth": 4, "search_description": "", "content_type": 34, "has_unpublished_changes": false, "owner": 1, "path": "0001000100010002", "url_path": "/home/about-us/history/", "expired": false, "slug": "history", "expire_at": null, "go_live_at": null}, "model": "wagtailcore.page", "pk": 6}, {"fields": {"locked": false, "title": "News", "numchild": 1, "show_in_menus": true, "live": true, "seo_title": "", "latest_revision_created_at": "2015-05-23T09:47:24.733Z", "depth": 3, "search_description": "", "content_type": 36, "has_unpublished_changes": false, "owner": 1, "path": "000100010002", "url_path": "/home/news/", "expired": false, "slug": "news", "expire_at": null, "go_live_at": null}, "model": "wagtailcore.page", "pk": 7}, {"fields": {"locked": false, "title": "Our First Story", "numchild": 0, "show_in_menus": false, "live": true, "seo_title": "", "latest_revision_created_at": "2015-05-23T09:49:21.992Z", "depth": 4, "search_description": "", "content_type": 40, "has_unpublished_changes": false, "owner": 1, "path": "0001000100020001", "url_path": "/home/news/our-first-story/", "expired": false, "slug": "our-first-story", "expire_at": null, "go_live_at": null}, "model": "wagtailcore.page", "pk": 8}, {"fields": {"locked": false, "title": "Contact Us", "numchild": 0, "show_in_menus": true, "live": true, "seo_title": "", "latest_revision_created_at": "2015-05-23T09:54:14.567Z", "depth": 3, "search_description": "", "content_type": 50, "has_unpublished_changes": false, "owner": 1, "path": "000100010003", "url_path": "/home/contact-us/", "expired": false, "slug": "contact-us", "expire_at": null, "go_live_at": null}, "model": "wagtailcore.page", "pk": 9}, {"fields": {"approved_go_live_at": null, "created_at": "2015-05-23T09:24:22.573Z", "submitted_for_moderation": false, "content_json": "{\"subtitle\": \"About out company\", \"search_description\": \"\", \"owner\": 1, \"intro\": \"<p>Cras justo odio, dapibus ac facilisis in, egestas eget quam. Lorem ipsum dolor sit amet, consectetur adipiscing elit. Morbi leo risus, porta ac consectetur ac, vestibulum at eros.<br/></p>\", \"latest_revision_created_at\": null, \"go_live_at\": null, \"feed_image\": null, \"related_links\": [], \"title\": \"About Us\", \"seo_title\": \"\", \"slug\": \"about-us\", \"live\": true, \"has_unpublished_changes\": false, \"numchild\": 0, \"content_type\": 31, \"show_in_menus\": true, \"path\": \"000100010001\", \"url_path\": \"/home/about-us/\", \"expired\": false, \"pk\": 4, \"locked\": false, \"depth\": 3, \"expire_at\": null}", "user": 1, "page": 4}, "model": "wagtailcore.pagerevision", "pk": 1}, {"fields": {"approved_go_live_at": null, "created_at": "2015-05-23T09:27:40.931Z", "submitted_for_moderation": false, "content_json": "{\"subtitle\": \"This is our vision and mission\", \"carousel_items\": [], \"search_description\": \"\", \"owner\": 1, \"intro\": \"<p>Vivamus sagittis lacus vel augue laoreet rutrum faucibus dolor auctor. Nulla vitae elit libero, a pharetra augue. Donec id elit non mi porta gravida at eget metus. Nullam id dolor id nibh ultricies vehicula ut id elit. Lorem ipsum dolor sit amet, consectetur adipiscing elit.</p>\", \"latest_revision_created_at\": null, \"go_live_at\": null, \"feed_image\": null, \"related_links\": [], \"title\": \"Vision and Mission\", \"seo_title\": \"\", \"slug\": \"vision-and-mission\", \"live\": true, \"has_unpublished_changes\": false, \"body\": \"<h3>Vision and Mission</h3><p>Nullam quis risus eget urna mollis ornare vel eu leo. Sed posuere consectetur est at lobortis. Donec sed odio dui. Cras justo odio, dapibus ac facilisis in, egestas eget quam. Fusce dapibus, tellus ac cursus commodo, tortor mauris condimentum nibh, ut fermentum massa justo sit amet risus. Fusce dapibus, tellus ac cursus commodo, tortor mauris condimentum nibh, ut fermentum massa justo sit amet risus. Cum sociis natoque penatibus et magnis dis parturient montes, nascetur ridiculus mus.</p><p><br/>Nullam id dolor id nibh ultricies vehicula ut id elit. Cras mattis consectetur purus sit amet fermentum. Donec ullamcorper nulla non metus auctor fringilla. Vestibulum id ligula porta felis euismod semper. Praesent commodo cursus magna, vel scelerisque nisl consectetur et. Nullam quis risus eget urna mollis ornare vel eu leo.</p><p><br/>Donec id elit non mi porta gravida at eget metus. Vivamus sagittis lacus vel augue laoreet rutrum faucibus dolor auctor. Morbi leo risus, porta ac consectetur ac, vestibulum at eros. Integer posuere erat a ante venenatis dapibus posuere velit aliquet.</p><p><br/>Curabitur blandit tempus porttitor. Lorem ipsum dolor sit amet, consectetur adipiscing elit. Cum sociis natoque penatibus et magnis dis parturient montes, nascetur ridiculus mus. Aenean lacinia bibendum nulla sed consectetur. Nullam quis risus eget urna mollis ornare vel eu leo. Donec id elit non mi porta gravida at eget metus. Praesent commodo cursus magna, vel scelerisque nisl consectetur et.</p>\", \"numchild\": 0, \"content_type\": 34, \"show_in_menus\": true, \"path\": \"0001000100010001\", \"url_path\": \"/home/about-us/vision-and-mission/\", \"expired\": false, \"pk\": 5, \"locked\": false, \"depth\": 4, \"expire_at\": null}", "user": 1, "page": 5}, "model": "wagtailcore.pagerevision", "pk": 2}, {"fields": {"approved_go_live_at": null, "created_at": "2015-05-23T09:44:37.327Z", "submitted_for_moderation": false, "content_json": "{\"subtitle\": \"This is our stroy\", \"carousel_items\": [], \"search_description\": \"\", \"owner\": 1, \"intro\": \"Nullam quis risus eget urna mollis ornare vel eu leo. Praesent commodo cursus magna, vel scelerisque nisl consectetur et. Aenean lacinia bibendum nulla sed consectetur. Lorem ipsum dolor sit amet, consectetur adipiscing elit.\", \"latest_revision_created_at\": null, \"go_live_at\": null, \"feed_image\": null, \"related_links\": [], \"title\": \"History\", \"seo_title\": \"\", \"slug\": \"history\", \"live\": true, \"has_unpublished_changes\": false, \"body\": \"<h2>History</h2><p>Cum sociis natoque penatibus et magnis dis parturient montes, nascetur ridiculus mus. Nulla vitae elit libero, a pharetra augue. Donec id elit non mi porta gravida at eget metus. Maecenas sed diam eget risus varius blandit sit amet non magna. Duis mollis, est non commodo luctus, nisi erat porttitor ligula, eget lacinia odio sem nec elit. Duis mollis, est non commodo luctus, nisi erat porttitor ligula, eget lacinia odio sem nec elit. Maecenas faucibus mollis interdum.<br/><br/>Duis mollis, est non commodo luctus, nisi erat porttitor ligula, eget lacinia odio sem nec elit. Donec sed odio dui. Cras mattis consectetur purus sit amet fermentum. Donec ullamcorper nulla non metus auctor fringilla. Maecenas faucibus mollis interdum.<br/><br/>Nullam id dolor id nibh ultricies vehicula ut id elit. Morbi leo risus, porta ac consectetur ac, vestibulum at eros. Cras mattis consectetur purus sit amet fermentum. Duis mollis, est non commodo luctus, nisi erat porttitor ligula, eget lacinia odio sem nec elit. Donec id elit non mi porta gravida at eget metus. Cras justo odio, dapibus ac facilisis in, egestas eget quam. Donec sed odio dui.<br/></p>\", \"numchild\": 0, \"content_type\": 34, \"show_in_menus\": true, \"path\": \"0001000100010002\", \"url_path\": \"/home/about-us/history/\", \"expired\": false, \"pk\": 6, \"locked\": false, \"depth\": 4, \"expire_at\": null}", "user": 1, "page": 6}, "model": "wagtailcore.pagerevision", "pk": 3}, {"fields": {"approved_go_live_at": null, "created_at": "2015-05-23T09:47:24.733Z", "submitted_for_moderation": false, "content_json": "{\"related_links\": [], \"locked\": false, \"title\": \"News\", \"numchild\": 0, \"show_in_menus\": true, \"live\": true, \"seo_title\": \"\", \"search_description\": \"\", \"depth\": 3, \"intro\": \"Keep up with our news and event<br/>\", \"latest_revision_created_at\": null, \"has_unpublished_changes\": false, \"content_type\": 36, \"path\": \"000100010002\", \"owner\": 1, \"pk\": 7, \"url_path\": \"/home/news/\", \"expired\": false, \"slug\": \"news\", \"expire_at\": null, \"go_live_at\": null}", "user": 1, "page": 7}, "model": "wagtailcore.pagerevision", "pk": 4}, {"fields": {"approved_go_live_at": null, "created_at": "2015-05-23T09:49:21.992Z", "submitted_for_moderation": false, "content_json": "{\"carousel_items\": [], \"search_description\": \"\", \"owner\": 1, \"intro\": \"All about our first post<br/>\", \"latest_revision_created_at\": null, \"go_live_at\": null, \"feed_image\": null, \"related_links\": [], \"title\": \"Our First Story\", \"seo_title\": \"\", \"slug\": \"our-first-story\", \"live\": true, \"has_unpublished_changes\": false, \"tagged_items\": [], \"body\": \"<p>Cum sociis natoque penatibus et magnis dis parturient montes, nascetur ridiculus mus. Nulla vitae elit libero, a pharetra augue. Donec id elit non mi porta gravida at eget metus. Maecenas sed diam eget risus varius blandit sit amet non magna. Duis mollis, est non commodo luctus, nisi erat porttitor ligula, eget lacinia odio sem nec elit. Duis mollis, est non commodo luctus, nisi erat porttitor ligula, eget lacinia odio sem nec elit. Maecenas faucibus mollis interdum.</p><p><br/>Duis mollis, est non commodo luctus, nisi erat porttitor ligula, eget lacinia odio sem nec elit. Donec sed odio dui. Cras mattis consectetur purus sit amet fermentum. Donec ullamcorper nulla non metus auctor fringilla. Maecenas faucibus mollis interdum.</p><p><br/>Nullam id dolor id nibh ultricies vehicula ut id elit. Morbi leo risus, porta ac consectetur ac, vestibulum at eros. Cras mattis consectetur purus sit amet fermentum. Duis mollis, est non commodo luctus, nisi erat porttitor ligula, eget lacinia odio sem nec elit. Donec id elit non mi porta gravida at eget metus. Cras justo odio, dapibus ac facilisis in, egestas eget quam. Donec sed odio dui.</p>\", \"numchild\": 0, \"content_type\": 40, \"show_in_menus\": false, \"date\": \"2015-05-23\", \"path\": \"0001000100020001\", \"url_path\": \"/home/news/our-first-story/\", \"expired\": false, \"pk\": 8, \"locked\": false, \"depth\": 4, \"expire_at\": null}", "user": 1, "page": 8}, "model": "wagtailcore.pagerevision", "pk": 5}, {"fields": {"approved_go_live_at": null, "created_at": "2015-05-23T09:53:57.485Z", "submitted_for_moderation": false, "content_json": "{\"to_address\": \"\", \"from_address\": \"\", \"telephone\": \"\", \"search_description\": \"\", \"owner\": 1, \"intro\": \"Cras justo odio, dapibus ac facilisis in, egestas eget quam.\", \"latest_revision_created_at\": null, \"subject\": \"\", \"city\": \"\", \"title\": \"Contact Us\", \"seo_title\": \"\", \"slug\": \"contact-us\", \"live\": true, \"has_unpublished_changes\": false, \"go_live_at\": null, \"email\": \"\", \"post_code\": \"\", \"numchild\": 0, \"content_type\": 50, \"show_in_menus\": false, \"thank_you_text\": \"Thanks for you interest<br/>\", \"path\": \"000100010003\", \"url_path\": \"/home/contact-us/\", \"expired\": false, \"pk\": 9, \"locked\": false, \"country\": \"\", \"form_fields\": [{\"default_value\": \"\", \"field_type\": \"singleline\", \"required\": true, \"choices\": \"\", \"sort_order\": 0, \"help_text\": \"\", \"pk\": 1, \"label\": \"Your Name\", \"page\": 9}, {\"default_value\": \"\", \"field_type\": \"email\", \"required\": true, \"choices\": \"\", \"sort_order\": 1, \"help_text\": \"\", \"pk\": 2, \"label\": \"Your Email Address\", \"page\": 9}, {\"default_value\": \"\", \"field_type\": \"dropdown\", \"required\": true, \"choices\": \"Justo, Pellentesque, Purus\", \"sort_order\": 2, \"help_text\": \"\", \"pk\": 3, \"label\": \"Why do you want to get in contact\", \"page\": 9}], \"depth\": 3, \"address_1\": \"\", \"address_2\": \"\", \"expire_at\": null}", "user": 1, "page": 9}, "model": "wagtailcore.pagerevision", "pk": 6}, {"fields": {"approved_go_live_at": null, "created_at": "2015-05-23T09:54:14.567Z", "submitted_for_moderation": false, "content_json": "{\"to_address\": \"\", \"from_address\": \"\", \"telephone\": \"\", \"search_description\": \"\", \"owner\": 1, \"intro\": \"Cras justo odio, dapibus ac facilisis in, egestas eget quam.\", \"latest_revision_created_at\": \"2015-05-23T09:53:57.485Z\", \"subject\": \"\", \"city\": \"\", \"title\": \"Contact Us\", \"seo_title\": \"\", \"slug\": \"contact-us\", \"live\": true, \"has_unpublished_changes\": false, \"go_live_at\": null, \"email\": \"\", \"post_code\": \"\", \"numchild\": 0, \"content_type\": 50, \"show_in_menus\": true, \"thank_you_text\": \"Thanks for you interest<br/>\", \"path\": \"000100010003\", \"url_path\": \"/home/contact-us/\", \"expired\": false, \"pk\": 9, \"locked\": false, \"country\": \"\", \"form_fields\": [{\"default_value\": \"\", \"field_type\": \"singleline\", \"required\": true, \"choices\": \"\", \"sort_order\": 0, \"help_text\": \"\", \"pk\": 1, \"label\": \"Your Name\", \"page\": null}, {\"default_value\": \"\", \"field_type\": \"email\", \"required\": true, \"choices\": \"\", \"sort_order\": 1, \"help_text\": \"\", \"pk\": 2, \"label\": \"Your Email Address\", \"page\": null}, {\"default_value\": \"\", \"field_type\": \"dropdown\", \"required\": true, \"choices\": \"Justo, Pellentesque, Purus\", \"sort_order\": 2, \"help_text\": \"\", \"pk\": 3, \"label\": \"Why do you want to get in contact\", \"page\": null}], \"depth\": 3, \"address_1\": \"\", \"address_2\": \"\", \"expire_at\": null}", "user": 1, "page": 9}, "model": "wagtailcore.pagerevision", "pk": 7}, {"fields": {"approved_go_live_at": null, "created_at": "2015-05-28T10:16:03.429Z", "submitted_for_moderation": false, "content_json": "{\"carousel_items\": [], \"search_description\": \"\", \"owner\": null, \"latest_revision_created_at\": null, \"go_live_at\": null, \"related_links\": [], \"title\": \"Homepage\", \"seo_title\": \"\", \"slug\": \"home\", \"live\": true, \"has_unpublished_changes\": false, \"body\": \"A cookiecutter template for Wagtail CMS featuring Zurb Foundation front-end framework.\", \"content_items\": [{\"slug\": \"wagtail\", \"link_page\": null, \"title\": \"Wagtail\", \"image\": null, \"link_external\": \"https://wagtail.io/\", \"summary\": \"\", \"content\": \"<p>A fresh take on content management.\\u00a0Elegant. Open source. Easy.</p>\", \"sort_order\": 0, \"link_document\": null, \"pk\": 16, \"page\": 3}, {\"slug\": \"cookiecutter\", \"link_page\": null, \"title\": \"Cookiecutter\", \"image\": null, \"link_external\": \"https://github.com/audreyr/cookiecutter\", \"summary\": \"\", \"content\": \"<p>A command-line utility that creates projects from cookiecutters (project templates). E.g. Python package projects, jQuery plugin projects.<br/></p>\", \"sort_order\": 1, \"link_document\": null, \"pk\": 17, \"page\": 3}, {\"slug\": \"foundation\", \"link_page\": null, \"title\": \"Foundation\", \"image\": null, \"link_external\": \"http://foundation.zurb.com/\", \"summary\": \"\", \"content\": \"The most advanced responsive\\u00a0front-end framework in the world.\", \"sort_order\": 2, \"link_document\": null, \"pk\": 18, \"page\": 3}], \"numchild\": 3, \"title_text\": \"Welcome to Wagtail Cookiecutter Foundation\", \"content_type\": 4, \"show_in_menus\": false, \"path\": \"00010001\", \"url_path\": \"/home/\", \"expired\": false, \"pk\": 3, \"locked\": false, \"depth\": 2, \"expire_at\": null}", "user": 1, "page": 3}, "model": "wagtailcore.pagerevision", "pk": 8}, {"fields": {"approved_go_live_at": null, "created_at": "2015-05-28T10:31:32.044Z", "submitted_for_moderation": false, "content_json": "{\"carousel_items\": [], \"search_description\": \"\", \"owner\": null, \"latest_revision_created_at\": \"2015-05-28T10:16:03.429Z\", \"go_live_at\": null, \"related_links\": [], \"title\": \"Homepage\", \"seo_title\": \"\", \"slug\": \"home\", \"live\": true, \"has_unpublished_changes\": false, \"body\": \"A cookiecutter template for Wagtail CMS featuring Zurb Foundation front-end framework.\", \"content_items\": [{\"slug\": \"wagtail\", \"link_page\": null, \"title\": \"Wagtail\", \"image\": null, \"link_external\": \"https://wagtail.io/\", \"summary\": \"\", \"content\": \"<p>Wagtail the leading Django CMS.</p>\", \"sort_order\": 0, \"link_document\": null, \"pk\": 16, \"page\": null}, {\"slug\": \"foundation\", \"link_page\": null, \"title\": \"Foundation\", \"image\": null, \"link_external\": \"http://foundation.zurb.com/\", \"summary\": \"\", \"content\": \"The most advanced responsive\\u00a0front-end framework in the world.\", \"sort_order\": 1, \"link_document\": null, \"pk\": 18, \"page\": null}, {\"slug\": \"ansible\", \"link_page\": null, \"title\": \"Ansible\", \"image\": null, \"link_external\": \"\", \"summary\": \"\", \"content\": \"Ansible for provisioning and Deployment\", \"sort_order\": 2, \"link_document\": null, \"pk\": null, \"page\": null}, {\"slug\": \"sass\", \"link_page\": null, \"title\": \"Sass\", \"image\": null, \"link_external\": \"http://sass-lang.com/\", \"summary\": \"\", \"content\": \"100% Sass\", \"sort_order\": 3, \"link_document\": null, \"pk\": null, \"page\": null}, {\"slug\": \"postgresql\", \"link_page\": null, \"title\": \"Postgresql\", \"image\": null, \"link_external\": \"http://www.postgresql.org/\", \"summary\": \"\", \"content\": \"PostgreSQL Everywhere\", \"sort_order\": 4, \"link_document\": null, \"pk\": null, \"page\": null}, {\"slug\": \"digitalocean\", \"link_page\": null, \"title\": \"Digital Ocean\", \"image\": null, \"link_external\": \"https://www.digitalocean.com/\", \"summary\": \"\", \"content\": \"Spin Up your server with Digital Ocean API.\", \"sort_order\": 5, \"link_document\": null, \"pk\": null, \"page\": null}], \"numchild\": 3, \"title_text\": \"Welcome to Wagtail Cookiecutter Foundation\", \"content_type\": 4, \"show_in_menus\": false, \"path\": \"00010001\", \"url_path\": \"/home/\", \"expired\": false, \"pk\": 3, \"locked\": false, \"depth\": 2, \"expire_at\": null}", "user": 1, "page": 3}, "model": "wagtailcore.pagerevision", "pk": 9}, {"fields": {"approved_go_live_at": null, "created_at": "2015-05-28T10:33:44.726Z", "submitted_for_moderation": false, "content_json": "{\"carousel_items\": [{\"link_page\": null, \"embed_url\": \"\", \"image\": 2, \"link_external\": \"\", \"caption\": \"\", \"sort_order\": 0, \"link_document\": null, \"pk\": null, \"page\": null}, {\"link_page\": null, \"embed_url\": \"\", \"image\": 3, \"link_external\": \"\", \"caption\": \"\", \"sort_order\": 1, \"link_document\": null, \"pk\": null, \"page\": null}], \"search_description\": \"\", \"owner\": null, \"latest_revision_created_at\": \"2015-05-28T10:31:32.044Z\", \"go_live_at\": null, \"related_links\": [], \"title\": \"Homepage\", \"seo_title\": \"\", \"slug\": \"home\", \"live\": true, \"has_unpublished_changes\": false, \"body\": \"A cookiecutter template for Wagtail CMS featuring Zurb Foundation front-end framework.\", \"content_items\": [{\"slug\": \"wagtail\", \"link_page\": null, \"title\": \"Wagtail\", \"image\": null, \"link_external\": \"https://wagtail.io/\", \"summary\": \"\", \"content\": \"<p>Wagtail the leading Django CMS.</p>\", \"sort_order\": 0, \"link_document\": null, \"pk\": 16, \"page\": null}, {\"slug\": \"foundation\", \"link_page\": null, \"title\": \"Foundation\", \"image\": null, \"link_external\": \"http://foundation.zurb.com/\", \"summary\": \"\", \"content\": \"The most advanced responsive\\u00a0front-end framework in the world.\", \"sort_order\": 1, \"link_document\": null, \"pk\": 18, \"page\": null}, {\"slug\": \"ansible\", \"link_page\": null, \"title\": \"Ansible\", \"image\": null, \"link_external\": \"\", \"summary\": \"\", \"content\": \"Ansible for provisioning and Deployment\", \"sort_order\": 2, \"link_document\": null, \"pk\": null, \"page\": null}, {\"slug\": \"sass\", \"link_page\": null, \"title\": \"Sass\", \"image\": null, \"link_external\": \"http://sass-lang.com/\", \"summary\": \"\", \"content\": \"100% Sass\", \"sort_order\": 3, \"link_document\": null, \"pk\": null, \"page\": null}, {\"slug\": \"postgresql\", \"link_page\": null, \"title\": \"Postgresql\", \"image\": null, \"link_external\": \"http://www.postgresql.org/\", \"summary\": \"\", \"content\": \"PostgreSQL Everywhere\", \"sort_order\": 4, \"link_document\": null, \"pk\": null, \"page\": null}, {\"slug\": \"digitalocean\", \"link_page\": null, \"title\": \"Digital Ocean\", \"image\": null, \"link_external\": \"https://www.digitalocean.com/\", \"summary\": \"\", \"content\": \"Spin Up your server with Digital Ocean API.\", \"sort_order\": 5, \"link_document\": null, \"pk\": null, \"page\": null}], \"numchild\": 3, \"title_text\": \"Welcome to Wagtail Cookiecutter Foundation\", \"content_type\": 4, \"show_in_menus\": false, \"path\": \"00010001\", \"url_path\": \"/home/\", \"expired\": false, \"pk\": 3, \"locked\": false, \"depth\": 2, \"expire_at\": null}", "user": 1, "page": 3}, "model": "wagtailcore.pagerevision", "pk": 10}, {"fields": {"approved_go_live_at": null, "created_at": "2015-05-28T10:34:34.248Z", "submitted_for_moderation": false, "content_json": "{\"carousel_items\": [{\"link_page\": null, \"embed_url\": \"\", \"image\": 2, \"link_external\": \"\", \"caption\": \"\", \"sort_order\": 0, \"link_document\": null, \"pk\": null, \"page\": null}, {\"link_page\": null, \"embed_url\": \"\", \"image\": 4, \"link_external\": \"\", \"caption\": \"\", \"sort_order\": 1, \"link_document\": null, \"pk\": null, \"page\": null}], \"search_description\": \"\", \"owner\": null, \"latest_revision_created_at\": \"2015-05-28T10:33:44.726Z\", \"go_live_at\": null, \"related_links\": [], \"title\": \"Homepage\", \"seo_title\": \"\", \"slug\": \"home\", \"live\": true, \"has_unpublished_changes\": false, \"body\": \"A cookiecutter template for Wagtail CMS featuring Zurb Foundation front-end framework.\", \"content_items\": [{\"slug\": \"wagtail\", \"link_page\": null, \"title\": \"Wagtail\", \"image\": null, \"link_external\": \"https://wagtail.io/\", \"summary\": \"\", \"content\": \"<p>Wagtail the leading Django CMS.</p>\", \"sort_order\": 0, \"link_document\": null, \"pk\": 16, \"page\": null}, {\"slug\": \"foundation\", \"link_page\": null, \"title\": \"Foundation\", \"image\": null, \"link_external\": \"http://foundation.zurb.com/\", \"summary\": \"\", \"content\": \"The most advanced responsive\\u00a0front-end framework in the world.\", \"sort_order\": 1, \"link_document\": null, \"pk\": 18, \"page\": null}, {\"slug\": \"ansible\", \"link_page\": null, \"title\": \"Ansible\", \"image\": null, \"link_external\": \"\", \"summary\": \"\", \"content\": \"Ansible for provisioning and Deployment\", \"sort_order\": 2, \"link_document\": null, \"pk\": null, \"page\": null}, {\"slug\": \"sass\", \"link_page\": null, \"title\": \"Sass\", \"image\": null, \"link_external\": \"http://sass-lang.com/\", \"summary\": \"\", \"content\": \"100% Sass\", \"sort_order\": 3, \"link_document\": null, \"pk\": null, \"page\": null}, {\"slug\": \"postgresql\", \"link_page\": null, \"title\": \"Postgresql\", \"image\": null, \"link_external\": \"http://www.postgresql.org/\", \"summary\": \"\", \"content\": \"PostgreSQL Everywhere\", \"sort_order\": 4, \"link_document\": null, \"pk\": null, \"page\": null}, {\"slug\": \"digitalocean\", \"link_page\": null, \"title\": \"Digital Ocean\", \"image\": null, \"link_external\": \"https://www.digitalocean.com/\", \"summary\": \"\", \"content\": \"Spin Up your server with Digital Ocean API.\", \"sort_order\": 5, \"link_document\": null, \"pk\": null, \"page\": null}], \"numchild\": 3, \"title_text\": \"Welcome to Wagtail Cookiecutter Foundation\", \"content_type\": 4, \"show_in_menus\": false, \"path\": \"00010001\", \"url_path\": \"/home/\", \"expired\": false, \"pk\": 3, \"locked\": false, \"depth\": 2, \"expire_at\": null}", "user": 1, "page": 3}, "model": "wagtailcore.pagerevision", "pk": 11}, {"fields": {"approved_go_live_at": null, "created_at": "2015-05-28T10:35:54.853Z", "submitted_for_moderation": false, "content_json": "{\"carousel_items\": [{\"link_page\": null, \"embed_url\": \"\", \"image\": 2, \"link_external\": \"\", \"caption\": \"\", \"sort_order\": 0, \"link_document\": null, \"pk\": null, \"page\": null}, {\"link_page\": null, \"embed_url\": \"\", \"image\": 4, \"link_external\": \"\", \"caption\": \"\", \"sort_order\": 1, \"link_document\": null, \"pk\": null, \"page\": null}], \"search_description\": \"\", \"owner\": null, \"latest_revision_created_at\": \"2015-05-28T10:34:34.248Z\", \"go_live_at\": null, \"related_links\": [], \"title\": \"Homepage\", \"seo_title\": \"\", \"slug\": \"home\", \"live\": true, \"has_unpublished_changes\": false, \"body\": \"A cookiecutter template for Wagtail CMS featuring Zurb Foundation front-end framework.\", \"content_items\": [{\"slug\": \"wagtail\", \"link_page\": null, \"title\": \"Wagtail\", \"image\": null, \"link_external\": \"https://wagtail.io/\", \"summary\": \"\", \"content\": \"<p>Wagtail the leading Django CMS.</p>\", \"sort_order\": 0, \"link_document\": null, \"pk\": 16, \"page\": null}, {\"slug\": \"foundation\", \"link_page\": null, \"title\": \"Foundation\", \"image\": null, \"link_external\": \"http://foundation.zurb.com/\", \"summary\": \"\", \"content\": \"The most advanced responsive\\u00a0front-end framework in the world.\", \"sort_order\": 1, \"link_document\": null, \"pk\": 18, \"page\": null}, {\"slug\": \"ansible\", \"link_page\": null, \"title\": \"Ansible\", \"image\": null, \"link_external\": \"http://www.ansible.com/\", \"summary\": \"\", \"content\": \"Ansible for provisioning and Deployment\", \"sort_order\": 2, \"link_document\": null, \"pk\": null, \"page\": null}, {\"slug\": \"sass\", \"link_page\": null, \"title\": \"Sass\", \"image\": null, \"link_external\": \"http://sass-lang.com/\", \"summary\": \"\", \"content\": \"100% Sass\", \"sort_order\": 3, \"link_document\": null, \"pk\": null, \"page\": null}, {\"slug\": \"postgresql\", \"link_page\": null, \"title\": \"Postgresql\", \"image\": null, \"link_external\": \"http://www.postgresql.org/\", \"summary\": \"\", \"content\": \"PostgreSQL Everywhere\", \"sort_order\": 4, \"link_document\": null, \"pk\": null, \"page\": null}, {\"slug\": \"digitalocean\", \"link_page\": null, \"title\": \"Digital Ocean\", \"image\": null, \"link_external\": \"https://www.digitalocean.com/\", \"summary\": \"\", \"content\": \"Spin Up your server with Digital Ocean API.\", \"sort_order\": 5, \"link_document\": null, \"pk\": null, \"page\": null}], \"numchild\": 3, \"title_text\": \"Welcome to Wagtail Cookiecutter Foundation\", \"content_type\": 4, \"show_in_menus\": false, \"path\": \"00010001\", \"url_path\": \"/home/\", \"expired\": false, \"pk\": 3, \"locked\": false, \"depth\": 2, \"expire_at\": null}", "user": 1, "page": 3}, "model": "wagtailcore.pagerevision", "pk": 12}, {"fields": {"approved_go_live_at": null, "created_at": "2015-05-28T10:39:40.031Z", "submitted_for_moderation": false, "content_json": "{\"carousel_items\": [{\"link_page\": null, \"embed_url\": \"\", \"image\": 2, \"link_external\": \"\", \"caption\": \"\", \"sort_order\": 0, \"link_document\": null, \"pk\": null, \"page\": null}, {\"link_page\": null, \"embed_url\": \"\", \"image\": 4, \"link_external\": \"\", \"caption\": \"\", \"sort_order\": 1, \"link_document\": null, \"pk\": null, \"page\": null}], \"search_description\": \"\", \"owner\": null, \"latest_revision_created_at\": \"2015-05-28T10:35:54.853Z\", \"go_live_at\": null, \"related_links\": [], \"title\": \"Homepage\", \"seo_title\": \"\", \"slug\": \"home\", \"live\": true, \"has_unpublished_changes\": false, \"body\": \"A cookiecutter template for Wagtail CMS featuring Zurb Foundation front-end framework.\", \"content_items\": [{\"slug\": \"wagtail\", \"link_page\": null, \"title\": \"Wagtail\", \"image\": 5, \"link_external\": \"https://wagtail.io/\", \"summary\": \"\", \"content\": \"<p>Wagtail the leading Django CMS.</p>\", \"sort_order\": 0, \"link_document\": null, \"pk\": 16, \"page\": null}, {\"slug\": \"foundation\", \"link_page\": null, \"title\": \"Foundation\", \"image\": null, \"link_external\": \"http://foundation.zurb.com/\", \"summary\": \"\", \"content\": \"The most advanced responsive\\u00a0front-end framework in the world.\", \"sort_order\": 1, \"link_document\": null, \"pk\": 18, \"page\": null}, {\"slug\": \"ansible\", \"link_page\": null, \"title\": \"Ansible\", \"image\": null, \"link_external\": \"http://www.ansible.com/\", \"summary\": \"\", \"content\": \"Ansible for provisioning and Deployment\", \"sort_order\": 2, \"link_document\": null, \"pk\": null, \"page\": null}, {\"slug\": \"sass\", \"link_page\": null, \"title\": \"Sass\", \"image\": null, \"link_external\": \"http://sass-lang.com/\", \"summary\": \"\", \"content\": \"100% Sass\", \"sort_order\": 3, \"link_document\": null, \"pk\": null, \"page\": null}, {\"slug\": \"postgresql\", \"link_page\": null, \"title\": \"Postgresql\", \"image\": null, \"link_external\": \"http://www.postgresql.org/\", \"summary\": \"\", \"content\": \"PostgreSQL Everywhere\", \"sort_order\": 4, \"link_document\": null, \"pk\": null, \"page\": null}, {\"slug\": \"digitalocean\", \"link_page\": null, \"title\": \"Digital Ocean\", \"image\": null, \"link_external\": \"https://www.digitalocean.com/\", \"summary\": \"\", \"content\": \"Spin Up your server with Digital Ocean API.\", \"sort_order\": 5, \"link_document\": null, \"pk\": null, \"page\": null}], \"numchild\": 3, \"title_text\": \"Welcome to Wagtail Cookiecutter Foundation\", \"content_type\": 4, \"show_in_menus\": false, \"path\": \"00010001\", \"url_path\": \"/home/\", \"expired\": false, \"pk\": 3, \"locked\": false, \"depth\": 2, \"expire_at\": null}", "user": 1, "page": 3}, "model": "wagtailcore.pagerevision", "pk": 13}, {"fields": {"approved_go_live_at": null, "created_at": "2015-05-28T10:48:34.057Z", "submitted_for_moderation": false, "content_json": "{\"carousel_items\": [{\"link_page\": null, \"embed_url\": \"\", \"image\": 2, \"link_external\": \"\", \"caption\": \"\", \"sort_order\": 0, \"link_document\": null, \"pk\": null, \"page\": null}, {\"link_page\": null, \"embed_url\": \"\", \"image\": 4, \"link_external\": \"\", \"caption\": \"\", \"sort_order\": 1, \"link_document\": null, \"pk\": null, \"page\": null}], \"search_description\": \"\", \"owner\": null, \"latest_revision_created_at\": \"2015-05-28T10:39:40.031Z\", \"go_live_at\": null, \"related_links\": [], \"title\": \"Homepage\", \"seo_title\": \"\", \"slug\": \"home\", \"live\": true, \"has_unpublished_changes\": false, \"body\": \"A cookiecutter template for Wagtail CMS featuring Zurb Foundation front-end framework.\", \"content_items\": [{\"slug\": \"wagtail\", \"link_page\": null, \"title\": \"Wagtail\", \"image\": 5, \"link_external\": \"https://wagtail.io/\", \"summary\": \"\", \"content\": \"<p>Wagtail the leading Django CMS.</p>\", \"sort_order\": 0, \"link_document\": null, \"pk\": 16, \"page\": null}, {\"slug\": \"foundation\", \"link_page\": null, \"title\": \"Foundation\", \"image\": 6, \"link_external\": \"http://foundation.zurb.com/\", \"summary\": \"\", \"content\": \"The most advanced responsive\\u00a0front-end framework in the world.\", \"sort_order\": 1, \"link_document\": null, \"pk\": 18, \"page\": null}, {\"slug\": \"ansible\", \"link_page\": null, \"title\": \"Ansible\", \"image\": null, \"link_external\": \"http://www.ansible.com/\", \"summary\": \"\", \"content\": \"Ansible for provisioning and Deployment\", \"sort_order\": 2, \"link_document\": null, \"pk\": null, \"page\": null}, {\"slug\": \"sass\", \"link_page\": null, \"title\": \"Sass\", \"image\": null, \"link_external\": \"http://sass-lang.com/\", \"summary\": \"\", \"content\": \"100% Sass\", \"sort_order\": 3, \"link_document\": null, \"pk\": null, \"page\": null}, {\"slug\": \"postgresql\", \"link_page\": null, \"title\": \"Postgresql\", \"image\": null, \"link_external\": \"http://www.postgresql.org/\", \"summary\": \"\", \"content\": \"PostgreSQL Everywhere\", \"sort_order\": 4, \"link_document\": null, \"pk\": null, \"page\": null}, {\"slug\": \"digitalocean\", \"link_page\": null, \"title\": \"Digital Ocean\", \"image\": null, \"link_external\": \"https://www.digitalocean.com/\", \"summary\": \"\", \"content\": \"Spin Up your server with Digital Ocean API.\", \"sort_order\": 5, \"link_document\": null, \"pk\": null, \"page\": null}], \"numchild\": 3, \"title_text\": \"Welcome to Wagtail Cookiecutter Foundation\", \"content_type\": 4, \"show_in_menus\": false, \"path\": \"00010001\", \"url_path\": \"/home/\", \"expired\": false, \"pk\": 3, \"locked\": false, \"depth\": 2, \"expire_at\": null}", "user": 1, "page": 3}, "model": "wagtailcore.pagerevision", "pk": 14}, {"fields": {"approved_go_live_at": null, "created_at": "2015-05-28T10:58:37.079Z", "submitted_for_moderation": false, "content_json": "{\"carousel_items\": [{\"link_page\": null, \"embed_url\": \"\", \"image\": 2, \"link_external\": \"\", \"caption\": \"\", \"sort_order\": 0, \"link_document\": null, \"pk\": null, \"page\": null}, {\"link_page\": null, \"embed_url\": \"\", \"image\": 4, \"link_external\": \"\", \"caption\": \"\", \"sort_order\": 1, \"link_document\": null, \"pk\": null, \"page\": null}], \"search_description\": \"\", \"owner\": null, \"latest_revision_created_at\": \"2015-05-28T10:48:34.057Z\", \"go_live_at\": null, \"related_links\": [], \"title\": \"Homepage\", \"seo_title\": \"\", \"slug\": \"home\", \"live\": true, \"has_unpublished_changes\": false, \"body\": \"A cookiecutter template for Wagtail CMS featuring Zurb Foundation front-end framework.\", \"content_items\": [{\"slug\": \"wagtail\", \"link_page\": null, \"title\": \"Wagtail\", \"image\": 5, \"link_external\": \"https://wagtail.io/\", \"summary\": \"\", \"content\": \"<p>Wagtail the leading Django CMS.</p>\", \"sort_order\": 0, \"link_document\": null, \"pk\": 16, \"page\": null}, {\"slug\": \"foundation\", \"link_page\": null, \"title\": \"Foundation\", \"image\": 6, \"link_external\": \"http://foundation.zurb.com/\", \"summary\": \"\", \"content\": \"The most advanced responsive\\u00a0front-end framework in the world.\", \"sort_order\": 1, \"link_document\": null, \"pk\": 18, \"page\": null}, {\"slug\": \"ansible\", \"link_page\": null, \"title\": \"Ansible\", \"image\": 7, \"link_external\": \"http://www.ansible.com/\", \"summary\": \"\", \"content\": \"Ansible for provisioning and Deployment\", \"sort_order\": 2, \"link_document\": null, \"pk\": null, \"page\": null}, {\"slug\": \"sass\", \"link_page\": null, \"title\": \"Sass\", \"image\": null, \"link_external\": \"http://sass-lang.com/\", \"summary\": \"\", \"content\": \"100% Sass\", \"sort_order\": 3, \"link_document\": null, \"pk\": null, \"page\": null}, {\"slug\": \"postgresql\", \"link_page\": null, \"title\": \"Postgresql\", \"image\": 8, \"link_external\": \"http://www.postgresql.org/\", \"summary\": \"\", \"content\": \"PostgreSQL Everywhere\", \"sort_order\": 4, \"link_document\": null, \"pk\": null, \"page\": null}, {\"slug\": \"digitalocean\", \"link_page\": null, \"title\": \"Digital Ocean\", \"image\": 9, \"link_external\": \"https://www.digitalocean.com/\", \"summary\": \"\", \"content\": \"Spin Up your server with Digital Ocean API.\", \"sort_order\": 5, \"link_document\": null, \"pk\": null, \"page\": null}], \"numchild\": 3, \"title_text\": \"Welcome to Wagtail Cookiecutter Foundation\", \"content_type\": 4, \"show_in_menus\": false, \"path\": \"00010001\", \"url_path\": \"/home/\", \"expired\": false, \"pk\": 3, \"locked\": false, \"depth\": 2, \"expire_at\": null}", "user": 1, "page": 3}, "model": "wagtailcore.pagerevision", "pk": 15}, {"fields": {"approved_go_live_at": null, "created_at": "2015-05-28T11:06:24.529Z", "submitted_for_moderation": false, "content_json": "{\"carousel_items\": [{\"link_page\": null, \"embed_url\": \"\", \"image\": 2, \"link_external\": \"\", \"caption\": \"\", \"sort_order\": 0, \"link_document\": null, \"pk\": null, \"page\": null}, {\"link_page\": null, \"embed_url\": \"\", \"image\": 4, \"link_external\": \"\", \"caption\": \"\", \"sort_order\": 1, \"link_document\": null, \"pk\": null, \"page\": null}], \"search_description\": \"\", \"owner\": null, \"latest_revision_created_at\": \"2015-05-28T10:58:37.079Z\", \"go_live_at\": null, \"related_links\": [], \"title\": \"Homepage\", \"seo_title\": \"\", \"slug\": \"home\", \"live\": true, \"has_unpublished_changes\": false, \"body\": \"A cookiecutter template for Wagtail CMS featuring Zurb Foundation front-end framework.\", \"content_items\": [{\"slug\": \"wagtail\", \"link_page\": null, \"title\": \"Wagtail\", \"image\": 5, \"link_external\": \"https://wagtail.io/\", \"summary\": \"\", \"content\": \"<p>Wagtail the leading Django CMS.</p>\", \"sort_order\": 0, \"link_document\": null, \"pk\": 16, \"page\": null}, {\"slug\": \"foundation\", \"link_page\": null, \"title\": \"Foundation\", \"image\": 10, \"link_external\": \"http://foundation.zurb.com/\", \"summary\": \"\", \"content\": \"The most advanced responsive\\u00a0front-end framework in the world.\", \"sort_order\": 1, \"link_document\": null, \"pk\": 18, \"page\": null}, {\"slug\": \"ansible\", \"link_page\": null, \"title\": \"Ansible\", \"image\": 7, \"link_external\": \"http://www.ansible.com/\", \"summary\": \"\", \"content\": \"Ansible for provisioning and Deployment\", \"sort_order\": 2, \"link_document\": null, \"pk\": null, \"page\": null}, {\"slug\": \"sass\", \"link_page\": null, \"title\": \"Sass\", \"image\": 11, \"link_external\": \"http://sass-lang.com/\", \"summary\": \"\", \"content\": \"100% Sass\", \"sort_order\": 3, \"link_document\": null, \"pk\": null, \"page\": null}, {\"slug\": \"postgresql\", \"link_page\": null, \"title\": \"Postgresql\", \"image\": 8, \"link_external\": \"http://www.postgresql.org/\", \"summary\": \"\", \"content\": \"PostgreSQL Everywhere\", \"sort_order\": 4, \"link_document\": null, \"pk\": null, \"page\": null}, {\"slug\": \"digitalocean\", \"link_page\": null, \"title\": \"Digital Ocean\", \"image\": 12, \"link_external\": \"https://www.digitalocean.com/\", \"summary\": \"\", \"content\": \"Spin Up your server with Digital Ocean API.\", \"sort_order\": 5, \"link_document\": null, \"pk\": null, \"page\": null}], \"numchild\": 3, \"title_text\": \"Welcome to Wagtail Cookiecutter Foundation\", \"content_type\": 4, \"show_in_menus\": false, \"path\": \"00010001\", \"url_path\": \"/home/\", \"expired\": false, \"pk\": 3, \"locked\": false, \"depth\": 2, \"expire_at\": null}", "user": 1, "page": 3}, "model": "wagtailcore.pagerevision", "pk": 16}, {"fields": {"approved_go_live_at": null, "created_at": "2015-05-28T11:11:59.807Z", "submitted_for_moderation": false, "content_json": "{\"carousel_items\": [{\"link_page\": null, \"embed_url\": \"\", \"image\": 2, \"link_external\": \"\", \"caption\": \"\", \"sort_order\": 0, \"link_document\": null, \"pk\": null, \"page\": null}, {\"link_page\": null, \"embed_url\": \"\", \"image\": 4, \"link_external\": \"\", \"caption\": \"\", \"sort_order\": 1, \"link_document\": null, \"pk\": null, \"page\": null}], \"search_description\": \"\", \"owner\": null, \"latest_revision_created_at\": \"2015-05-28T11:06:24.529Z\", \"go_live_at\": null, \"related_links\": [], \"title\": \"Homepage\", \"seo_title\": \"\", \"slug\": \"home\", \"live\": true, \"has_unpublished_changes\": false, \"body\": \"A cookiecutter template for Wagtail CMS featuring Zurb Foundation front-end framework.\", \"content_items\": [{\"slug\": \"wagtail\", \"link_page\": null, \"title\": \"Wagtail\", \"image\": 13, \"link_external\": \"https://wagtail.io/\", \"summary\": \"\", \"content\": \"<p>Wagtail the leading Django CMS.</p>\", \"sort_order\": 0, \"link_document\": null, \"pk\": 16, \"page\": null}, {\"slug\": \"foundation\", \"link_page\": null, \"title\": \"Foundation\", \"image\": 14, \"link_external\": \"http://foundation.zurb.com/\", \"summary\": \"\", \"content\": \"The most advanced responsive\\u00a0front-end framework in the world.\", \"sort_order\": 1, \"link_document\": null, \"pk\": 18, \"page\": null}, {\"slug\": \"ansible\", \"link_page\": null, \"title\": \"Ansible\", \"image\": 15, \"link_external\": \"http://www.ansible.com/\", \"summary\": \"\", \"content\": \"Ansible for provisioning and Deployment\", \"sort_order\": 2, \"link_document\": null, \"pk\": null, \"page\": null}, {\"slug\": \"sass\", \"link_page\": null, \"title\": \"Sass\", \"image\": 16, \"link_external\": \"http://sass-lang.com/\", \"summary\": \"\", \"content\": \"100% Sass\", \"sort_order\": 3, \"link_document\": null, \"pk\": null, \"page\": null}, {\"slug\": \"postgresql\", \"link_page\": null, \"title\": \"Postgresql\", \"image\": 17, \"link_external\": \"http://www.postgresql.org/\", \"summary\": \"\", \"content\": \"PostgreSQL Everywhere\", \"sort_order\": 4, \"link_document\": null, \"pk\": null, \"page\": null}, {\"slug\": \"digitalocean\", \"link_page\": null, \"title\": \"Digital Ocean\", \"image\": 18, \"link_external\": \"https://www.digitalocean.com/\", \"summary\": \"\", \"content\": \"Spin Up your server with Digital Ocean API.\", \"sort_order\": 5, \"link_document\": null, \"pk\": null, \"page\": null}], \"numchild\": 3, \"title_text\": \"Welcome to Wagtail Cookiecutter Foundation\", \"content_type\": 4, \"show_in_menus\": false, \"path\": \"00010001\", \"url_path\": \"/home/\", \"expired\": false, \"pk\": 3, \"locked\": false, \"depth\": 2, \"expire_at\": null}", "user": 1, "page": 3}, "model": "wagtailcore.pagerevision", "pk": 17}, {"fields": {"approved_go_live_at": null, "created_at": "2015-05-28T11:35:15.505Z", "submitted_for_moderation": false, "content_json": "{\"carousel_items\": [{\"link_page\": null, \"embed_url\": \"\", \"image\": 2, \"link_external\": \"\", \"caption\": \"\", \"sort_order\": 0, \"link_document\": null, \"pk\": null, \"page\": null}, {\"link_page\": null, \"embed_url\": \"\", \"image\": 4, \"link_external\": \"\", \"caption\": \"\", \"sort_order\": 1, \"link_document\": null, \"pk\": null, \"page\": null}], \"search_description\": \"\", \"owner\": null, \"latest_revision_created_at\": \"2015-05-28T11:11:59.807Z\", \"go_live_at\": null, \"related_links\": [], \"title\": \"Homepage\", \"seo_title\": \"\", \"slug\": \"home\", \"live\": true, \"has_unpublished_changes\": false, \"body\": \"A cookiecutter template for Wagtail CMS featuring Zurb Foundation front-end framework.\", \"content_items\": [{\"slug\": \"wagtail\", \"link_page\": null, \"title\": \"Wagtail\", \"image\": 13, \"link_external\": \"https://wagtail.io/\", \"summary\": \"\", \"content\": \"<p>Wagtail the leading Django CMS.</p>\", \"sort_order\": 0, \"link_document\": null, \"pk\": 16, \"page\": null}, {\"slug\": \"foundation\", \"link_page\": null, \"title\": \"Foundation\", \"image\": 14, \"link_external\": \"http://foundation.zurb.com/\", \"summary\": \"\", \"content\": \"The most advanced responsive\\u00a0front-end framework in the world.\", \"sort_order\": 1, \"link_document\": null, \"pk\": 18, \"page\": null}, {\"slug\": \"ansible\", \"link_page\": null, \"title\": \"Ansible\", \"image\": 15, \"link_external\": \"http://www.ansible.com/\", \"summary\": \"\", \"content\": \"Ansible for provisioning and Deployment\", \"sort_order\": 2, \"link_document\": null, \"pk\": null, \"page\": null}, {\"slug\": \"sass\", \"link_page\": null, \"title\": \"Sass\", \"image\": 16, \"link_external\": \"http://sass-lang.com/\", \"summary\": \"\", \"content\": \"100% Sass\", \"sort_order\": 3, \"link_document\": null, \"pk\": null, \"page\": null}, {\"slug\": \"postgresql\", \"link_page\": null, \"title\": \"Postgresql\", \"image\": 17, \"link_external\": \"http://www.postgresql.org/\", \"summary\": \"\", \"content\": \"PostgreSQL Everywhere\", \"sort_order\": 4, \"link_document\": null, \"pk\": null, \"page\": null}, {\"slug\": \"digitalocean\", \"link_page\": null, \"title\": \"Digital Ocean\", \"image\": 18, \"link_external\": \"https://www.digitalocean.com/\", \"summary\": \"\", \"content\": \"Spin Up your server with Digital Ocean API.\", \"sort_order\": 5, \"link_document\": null, \"pk\": null, \"page\": null}], \"numchild\": 3, \"title_text\": \"Welcome to Wagtail Cookiecutter Foundation\", \"content_type\": 4, \"show_in_menus\": false, \"path\": \"00010001\", \"url_path\": \"/home/\", \"expired\": false, \"pk\": 3, \"locked\": false, \"depth\": 2, \"contact\": \"ChrisDev Limited<p>A3 ST Bendicts Gardens</p><p>Tunapuna</p><p>Trinidad And Tobago</p><p><br/></p>\", \"expire_at\": null}", "user": 1, "page": 3}, "model": "wagtailcore.pagerevision", "pk": 18}, {"fields": {"approved_go_live_at": null, "created_at": "2015-05-28T11:38:16.581Z", "submitted_for_moderation": false, "content_json": "{\"carousel_items\": [{\"link_page\": null, \"embed_url\": \"\", \"image\": 2, \"link_external\": \"\", \"caption\": \"\", \"sort_order\": 0, \"link_document\": null, \"pk\": null, \"page\": null}, {\"link_page\": null, \"embed_url\": \"\", \"image\": 4, \"link_external\": \"\", \"caption\": \"\", \"sort_order\": 1, \"link_document\": null, \"pk\": null, \"page\": null}], \"search_description\": \"\", \"owner\": null, \"latest_revision_created_at\": \"2015-05-28T11:35:15.505Z\", \"go_live_at\": null, \"related_links\": [], \"title\": \"Homepage\", \"seo_title\": \"\", \"slug\": \"home\", \"live\": true, \"has_unpublished_changes\": false, \"body\": \"A cookiecutter template for Wagtail CMS featuring Zurb Foundation front-end framework.\", \"content_items\": [{\"slug\": \"wagtail\", \"link_page\": null, \"title\": \"Wagtail\", \"image\": 13, \"link_external\": \"https://wagtail.io/\", \"summary\": \"\", \"content\": \"<p>Wagtail the leading Django CMS.</p>\", \"sort_order\": 0, \"link_document\": null, \"pk\": 16, \"page\": null}, {\"slug\": \"foundation\", \"link_page\": null, \"title\": \"Foundation\", \"image\": 14, \"link_external\": \"http://foundation.zurb.com/\", \"summary\": \"\", \"content\": \"The most advanced responsive\\u00a0front-end framework in the world.\", \"sort_order\": 1, \"link_document\": null, \"pk\": 18, \"page\": null}, {\"slug\": \"ansible\", \"link_page\": null, \"title\": \"Ansible\", \"image\": 15, \"link_external\": \"http://www.ansible.com/\", \"summary\": \"\", \"content\": \"Ansible for provisioning and Deployment\", \"sort_order\": 2, \"link_document\": null, \"pk\": null, \"page\": null}, {\"slug\": \"sass\", \"link_page\": null, \"title\": \"Sass\", \"image\": 16, \"link_external\": \"http://sass-lang.com/\", \"summary\": \"\", \"content\": \"100% Sass\", \"sort_order\": 3, \"link_document\": null, \"pk\": null, \"page\": null}, {\"slug\": \"postgresql\", \"link_page\": null, \"title\": \"Postgresql\", \"image\": 17, \"link_external\": \"http://www.postgresql.org/\", \"summary\": \"\", \"content\": \"PostgreSQL Everywhere\", \"sort_order\": 4, \"link_document\": null, \"pk\": null, \"page\": null}, {\"slug\": \"digitalocean\", \"link_page\": null, \"title\": \"Digital Ocean\", \"image\": 18, \"link_external\": \"https://www.digitalocean.com/\", \"summary\": \"\", \"content\": \"Spin Up your server with Digital Ocean API.\", \"sort_order\": 5, \"link_document\": null, \"pk\": null, \"page\": null}], \"numchild\": 3, \"title_text\": \"Welcome to Wagtail Cookiecutter Foundation\", \"content_type\": 4, \"show_in_menus\": false, \"path\": \"00010001\", \"url_path\": \"/home/\", \"expired\": false, \"pk\": 3, \"locked\": false, \"depth\": 2, \"contact\": \"ChrisDev Limited<p><p>A3 ST Bendicts Gardens\\u00a0<span>Tunapuna\\u00a0</span><span>Trinidad And Tobago</span></p><p><br/></p></p>\", \"expire_at\": null}", "user": 1, "page": 3}, "model": "wagtailcore.pagerevision", "pk": 19}, {"fields": {"approved_go_live_at": null, "created_at": "2015-05-28T11:39:54.734Z", "submitted_for_moderation": false, "content_json": "{\"carousel_items\": [{\"link_page\": null, \"embed_url\": \"\", \"image\": 2, \"link_external\": \"\", \"caption\": \"\", \"sort_order\": 0, \"link_document\": null, \"pk\": null, \"page\": null}, {\"link_page\": null, \"embed_url\": \"\", \"image\": 4, \"link_external\": \"\", \"caption\": \"\", \"sort_order\": 1, \"link_document\": null, \"pk\": null, \"page\": null}], \"search_description\": \"\", \"owner\": null, \"latest_revision_created_at\": \"2015-05-28T11:38:16.581Z\", \"go_live_at\": null, \"related_links\": [], \"title\": \"Homepage\", \"seo_title\": \"\", \"slug\": \"home\", \"live\": true, \"has_unpublished_changes\": false, \"body\": \"A cookiecutter template for Wagtail CMS featuring Zurb Foundation front-end framework.\", \"content_items\": [{\"slug\": \"wagtail\", \"link_page\": null, \"title\": \"Wagtail\", \"image\": 13, \"link_external\": \"https://wagtail.io/\", \"summary\": \"\", \"content\": \"<p>Wagtail the leading Django CMS.</p>\", \"sort_order\": 0, \"link_document\": null, \"pk\": 16, \"page\": null}, {\"slug\": \"foundation\", \"link_page\": null, \"title\": \"Foundation\", \"image\": 14, \"link_external\": \"http://foundation.zurb.com/\", \"summary\": \"\", \"content\": \"The most advanced responsive\\u00a0front-end framework in the world.\", \"sort_order\": 1, \"link_document\": null, \"pk\": 18, \"page\": null}, {\"slug\": \"ansible\", \"link_page\": null, \"title\": \"Ansible\", \"image\": 15, \"link_external\": \"http://www.ansible.com/\", \"summary\": \"\", \"content\": \"Ansible for provisioning and Deployment\", \"sort_order\": 2, \"link_document\": null, \"pk\": null, \"page\": null}, {\"slug\": \"sass\", \"link_page\": null, \"title\": \"Sass\", \"image\": 16, \"link_external\": \"http://sass-lang.com/\", \"summary\": \"\", \"content\": \"100% Sass\", \"sort_order\": 3, \"link_document\": null, \"pk\": null, \"page\": null}, {\"slug\": \"postgresql\", \"link_page\": null, \"title\": \"Postgresql\", \"image\": 17, \"link_external\": \"http://www.postgresql.org/\", \"summary\": \"\", \"content\": \"PostgreSQL Everywhere\", \"sort_order\": 4, \"link_document\": null, \"pk\": null, \"page\": null}, {\"slug\": \"digitalocean\", \"link_page\": null, \"title\": \"Digital Ocean\", \"image\": 18, \"link_external\": \"https://www.digitalocean.com/\", \"summary\": \"\", \"content\": \"Spin Up your server with Digital Ocean API.\", \"sort_order\": 5, \"link_document\": null, \"pk\": null, \"page\": null}], \"numchild\": 3, \"title_text\": \"Welcome to Wagtail Cookiecutter Foundation\", \"content_type\": 4, \"show_in_menus\": false, \"path\": \"00010001\", \"url_path\": \"/home/\", \"expired\": false, \"pk\": 3, \"locked\": false, \"depth\": 2, \"contact\": \"ChrisDev Limited<p><span>A3 ST Bendicts Gardens</span></p><p><span>Tunapuna</span></p><p><span>Trinidad And Tobago</span><p></p></p>\", \"expire_at\": null}", "user": 1, "page": 3}, "model": "wagtailcore.pagerevision", "pk": 20}, {"fields": {"approved_go_live_at": null, "created_at": "2015-05-28T11:40:26.941Z", "submitted_for_moderation": false, "content_json": "{\"carousel_items\": [{\"link_page\": null, \"embed_url\": \"\", \"image\": 2, \"link_external\": \"\", \"caption\": \"\", \"sort_order\": 0, \"link_document\": null, \"pk\": null, \"page\": null}, {\"link_page\": null, \"embed_url\": \"\", \"image\": 4, \"link_external\": \"\", \"caption\": \"\", \"sort_order\": 1, \"link_document\": null, \"pk\": null, \"page\": null}], \"search_description\": \"\", \"owner\": null, \"latest_revision_created_at\": \"2015-05-28T11:39:54.734Z\", \"go_live_at\": null, \"related_links\": [], \"title\": \"Homepage\", \"seo_title\": \"\", \"slug\": \"home\", \"live\": true, \"has_unpublished_changes\": false, \"body\": \"A cookiecutter template for Wagtail CMS featuring Zurb Foundation front-end framework.\", \"content_items\": [{\"slug\": \"wagtail\", \"link_page\": null, \"title\": \"Wagtail\", \"image\": 13, \"link_external\": \"https://wagtail.io/\", \"summary\": \"\", \"content\": \"<p>Wagtail the leading Django CMS.</p>\", \"sort_order\": 0, \"link_document\": null, \"pk\": 16, \"page\": null}, {\"slug\": \"foundation\", \"link_page\": null, \"title\": \"Foundation\", \"image\": 14, \"link_external\": \"http://foundation.zurb.com/\", \"summary\": \"\", \"content\": \"The most advanced responsive\\u00a0front-end framework in the world.\", \"sort_order\": 1, \"link_document\": null, \"pk\": 18, \"page\": null}, {\"slug\": \"ansible\", \"link_page\": null, \"title\": \"Ansible\", \"image\": 15, \"link_external\": \"http://www.ansible.com/\", \"summary\": \"\", \"content\": \"Ansible for provisioning and Deployment\", \"sort_order\": 2, \"link_document\": null, \"pk\": null, \"page\": null}, {\"slug\": \"sass\", \"link_page\": null, \"title\": \"Sass\", \"image\": 16, \"link_external\": \"http://sass-lang.com/\", \"summary\": \"\", \"content\": \"100% Sass\", \"sort_order\": 3, \"link_document\": null, \"pk\": null, \"page\": null}, {\"slug\": \"postgresql\", \"link_page\": null, \"title\": \"Postgresql\", \"image\": 17, \"link_external\": \"http://www.postgresql.org/\", \"summary\": \"\", \"content\": \"PostgreSQL Everywhere\", \"sort_order\": 4, \"link_document\": null, \"pk\": null, \"page\": null}, {\"slug\": \"digitalocean\", \"link_page\": null, \"title\": \"Digital Ocean\", \"image\": 18, \"link_external\": \"https://www.digitalocean.com/\", \"summary\": \"\", \"content\": \"Spin Up your server with Digital Ocean API.\", \"sort_order\": 5, \"link_document\": null, \"pk\": null, \"page\": null}], \"numchild\": 3, \"title_text\": \"Welcome to Wagtail Cookiecutter Foundation\", \"content_type\": 4, \"show_in_menus\": false, \"path\": \"00010001\", \"url_path\": \"/home/\", \"expired\": false, \"pk\": 3, \"locked\": false, \"depth\": 2, \"contact\": \"ChrisDev Limited<p>A3 ST Bendicts Gardens</p><p>Tunapuna,\\u00a0Trinidad And Tobago</p><p></p><p></p>\", \"expire_at\": null}", "user": 1, "page": 3}, "model": "wagtailcore.pagerevision", "pk": 21}, {"fields": {"approved_go_live_at": null, "created_at": "2015-05-28T11:41:13.554Z", "submitted_for_moderation": false, "content_json": "{\"carousel_items\": [{\"link_page\": null, \"embed_url\": \"\", \"image\": 2, \"link_external\": \"\", \"caption\": \"\", \"sort_order\": 0, \"link_document\": null, \"pk\": null, \"page\": null}, {\"link_page\": null, \"embed_url\": \"\", \"image\": 4, \"link_external\": \"\", \"caption\": \"\", \"sort_order\": 1, \"link_document\": null, \"pk\": null, \"page\": null}], \"search_description\": \"\", \"owner\": null, \"latest_revision_created_at\": \"2015-05-28T11:40:26.941Z\", \"go_live_at\": null, \"related_links\": [], \"title\": \"Homepage\", \"seo_title\": \"\", \"slug\": \"home\", \"live\": true, \"has_unpublished_changes\": false, \"body\": \"A cookiecutter template for Wagtail CMS featuring Zurb Foundation front-end framework.\", \"content_items\": [{\"slug\": \"wagtail\", \"link_page\": null, \"title\": \"Wagtail\", \"image\": 13, \"link_external\": \"https://wagtail.io/\", \"summary\": \"\", \"content\": \"<p>Wagtail the leading Django CMS.</p>\", \"sort_order\": 0, \"link_document\": null, \"pk\": 16, \"page\": null}, {\"slug\": \"foundation\", \"link_page\": null, \"title\": \"Foundation\", \"image\": 14, \"link_external\": \"http://foundation.zurb.com/\", \"summary\": \"\", \"content\": \"The most advanced responsive\\u00a0front-end framework in the world.\", \"sort_order\": 1, \"link_document\": null, \"pk\": 18, \"page\": null}, {\"slug\": \"ansible\", \"link_page\": null, \"title\": \"Ansible\", \"image\": 15, \"link_external\": \"http://www.ansible.com/\", \"summary\": \"\", \"content\": \"Ansible for provisioning and Deployment\", \"sort_order\": 2, \"link_document\": null, \"pk\": null, \"page\": null}, {\"slug\": \"sass\", \"link_page\": null, \"title\": \"Sass\", \"image\": 16, \"link_external\": \"http://sass-lang.com/\", \"summary\": \"\", \"content\": \"100% Sass\", \"sort_order\": 3, \"link_document\": null, \"pk\": null, \"page\": null}, {\"slug\": \"postgresql\", \"link_page\": null, \"title\": \"Postgresql\", \"image\": 17, \"link_external\": \"http://www.postgresql.org/\", \"summary\": \"\", \"content\": \"PostgreSQL Everywhere\", \"sort_order\": 4, \"link_document\": null, \"pk\": null, \"page\": null}, {\"slug\": \"digitalocean\", \"link_page\": null, \"title\": \"Digital Ocean\", \"image\": 18, \"link_external\": \"https://www.digitalocean.com/\", \"summary\": \"\", \"content\": \"Spin Up your server with Digital Ocean API.\", \"sort_order\": 5, \"link_document\": null, \"pk\": null, \"page\": null}], \"numchild\": 3, \"title_text\": \"Welcome to Wagtail Cookiecutter Foundation\", \"content_type\": 4, \"show_in_menus\": false, \"path\": \"00010001\", \"url_path\": \"/home/\", \"expired\": false, \"pk\": 3, \"locked\": false, \"depth\": 2, \"contact\": \"ChrisDev Limited\\u00a0<p><span>A3 ST Bendicts Gardens</span></p><p><span>Tunapuna,\\u00a0Trinidad And Tobago</span><p></p><p></p></p>\", \"expire_at\": null}", "user": 1, "page": 3}, "model": "wagtailcore.pagerevision", "pk": 22}, {"fields": {"approved_go_live_at": null, "created_at": "2015-05-28T11:42:03.490Z", "submitted_for_moderation": false, "content_json": "{\"carousel_items\": [{\"link_page\": null, \"embed_url\": \"\", \"image\": 2, \"link_external\": \"\", \"caption\": \"\", \"sort_order\": 0, \"link_document\": null, \"pk\": null, \"page\": null}, {\"link_page\": null, \"embed_url\": \"\", \"image\": 4, \"link_external\": \"\", \"caption\": \"\", \"sort_order\": 1, \"link_document\": null, \"pk\": null, \"page\": null}], \"search_description\": \"\", \"owner\": null, \"latest_revision_created_at\": \"2015-05-28T11:41:13.554Z\", \"go_live_at\": null, \"related_links\": [], \"title\": \"Homepage\", \"seo_title\": \"\", \"slug\": \"home\", \"live\": true, \"has_unpublished_changes\": false, \"body\": \"A cookiecutter template for Wagtail CMS featuring Zurb Foundation front-end framework.\", \"content_items\": [{\"slug\": \"wagtail\", \"link_page\": null, \"title\": \"Wagtail\", \"image\": 13, \"link_external\": \"https://wagtail.io/\", \"summary\": \"\", \"content\": \"<p>Wagtail the leading Django CMS.</p>\", \"sort_order\": 0, \"link_document\": null, \"pk\": 16, \"page\": null}, {\"slug\": \"foundation\", \"link_page\": null, \"title\": \"Foundation\", \"image\": 14, \"link_external\": \"http://foundation.zurb.com/\", \"summary\": \"\", \"content\": \"The most advanced responsive\\u00a0front-end framework in the world.\", \"sort_order\": 1, \"link_document\": null, \"pk\": 18, \"page\": null}, {\"slug\": \"ansible\", \"link_page\": null, \"title\": \"Ansible\", \"image\": 15, \"link_external\": \"http://www.ansible.com/\", \"summary\": \"\", \"content\": \"Ansible for provisioning and Deployment\", \"sort_order\": 2, \"link_document\": null, \"pk\": null, \"page\": null}, {\"slug\": \"sass\", \"link_page\": null, \"title\": \"Sass\", \"image\": 16, \"link_external\": \"http://sass-lang.com/\", \"summary\": \"\", \"content\": \"100% Sass\", \"sort_order\": 3, \"link_document\": null, \"pk\": null, \"page\": null}, {\"slug\": \"postgresql\", \"link_page\": null, \"title\": \"Postgresql\", \"image\": 17, \"link_external\": \"http://www.postgresql.org/\", \"summary\": \"\", \"content\": \"PostgreSQL Everywhere\", \"sort_order\": 4, \"link_document\": null, \"pk\": null, \"page\": null}, {\"slug\": \"digitalocean\", \"link_page\": null, \"title\": \"Digital Ocean\", \"image\": 18, \"link_external\": \"https://www.digitalocean.com/\", \"summary\": \"\", \"content\": \"Spin Up your server with Digital Ocean API.\", \"sort_order\": 5, \"link_document\": null, \"pk\": null, \"page\": null}], \"numchild\": 3, \"title_text\": \"Welcome to Wagtail Cookiecutter Foundation\", \"content_type\": 4, \"show_in_menus\": false, \"path\": \"00010001\", \"url_path\": \"/home/\", \"expired\": false, \"pk\": 3, \"locked\": false, \"depth\": 2, \"contact\": \"<p>ChrisDev Limited\\u00a0A3 ST Bendicts Gardens\\u00a0Tunapuna,\\u00a0Trinidad And Tobago</p><p></p><p></p><p></p>\", \"expire_at\": null}", "user": 1, "page": 3}, "model": "wagtailcore.pagerevision", "pk": 23}, {"fields": {"approved_go_live_at": null, "created_at": "2015-05-28T11:44:54.863Z", "submitted_for_moderation": false, "content_json": "{\"carousel_items\": [{\"link_page\": null, \"embed_url\": \"\", \"image\": 2, \"link_external\": \"\", \"caption\": \"\", \"sort_order\": 0, \"link_document\": null, \"pk\": null, \"page\": null}, {\"link_page\": null, \"embed_url\": \"\", \"image\": 4, \"link_external\": \"\", \"caption\": \"\", \"sort_order\": 1, \"link_document\": null, \"pk\": null, \"page\": null}], \"search_description\": \"\", \"owner\": null, \"latest_revision_created_at\": \"2015-05-28T11:42:03.490Z\", \"go_live_at\": null, \"related_links\": [], \"title\": \"Homepage\", \"seo_title\": \"\", \"slug\": \"home\", \"live\": true, \"has_unpublished_changes\": false, \"body\": \"A cookiecutter template for Wagtail CMS featuring Zurb Foundation front-end framework.\", \"content_items\": [{\"slug\": \"wagtail\", \"link_page\": null, \"title\": \"Wagtail\", \"image\": 13, \"link_external\": \"https://wagtail.io/\", \"summary\": \"\", \"content\": \"<p>Wagtail the leading Django CMS.</p>\", \"sort_order\": 0, \"link_document\": null, \"pk\": 16, \"page\": null}, {\"slug\": \"foundation\", \"link_page\": null, \"title\": \"Foundation\", \"image\": 14, \"link_external\": \"http://foundation.zurb.com/\", \"summary\": \"\", \"content\": \"The most advanced responsive\\u00a0front-end framework in the world.\", \"sort_order\": 1, \"link_document\": null, \"pk\": 18, \"page\": null}, {\"slug\": \"ansible\", \"link_page\": null, \"title\": \"Ansible\", \"image\": 15, \"link_external\": \"http://www.ansible.com/\", \"summary\": \"\", \"content\": \"Ansible for provisioning and Deployment\", \"sort_order\": 2, \"link_document\": null, \"pk\": null, \"page\": null}, {\"slug\": \"sass\", \"link_page\": null, \"title\": \"Sass\", \"image\": 16, \"link_external\": \"http://sass-lang.com/\", \"summary\": \"\", \"content\": \"100% Sass\", \"sort_order\": 3, \"link_document\": null, \"pk\": null, \"page\": null}, {\"slug\": \"postgresql\", \"link_page\": null, \"title\": \"Postgresql\", \"image\": 17, \"link_external\": \"http://www.postgresql.org/\", \"summary\": \"\", \"content\": \"PostgreSQL Everywhere\", \"sort_order\": 4, \"link_document\": null, \"pk\": null, \"page\": null}, {\"slug\": \"digitalocean\", \"link_page\": null, \"title\": \"Digital Ocean\", \"image\": 18, \"link_external\": \"https://www.digitalocean.com/\", \"summary\": \"\", \"content\": \"Spin Up your server with Digital Ocean API.\", \"sort_order\": 5, \"link_document\": null, \"pk\": null, \"page\": null}], \"numchild\": 3, \"title_text\": \"Welcome to Wagtail Cookiecutter Foundation\", \"content_type\": 4, \"show_in_menus\": false, \"path\": \"00010001\", \"url_path\": \"/home/\", \"expired\": false, \"pk\": 3, \"locked\": false, \"depth\": 2, \"contact\": \"ChrisDev Limited<p>A3 ST Bendicts Gardens</p><p>Tunapuna</p><p>Trinidad And Tobago</p>\", \"expire_at\": null}", "user": 1, "page": 3}, "model": "wagtailcore.pagerevision", "pk": 24}, {"fields": {"approved_go_live_at": null, "created_at": "2015-05-28T11:45:26.893Z", "submitted_for_moderation": false, "content_json": "{\"carousel_items\": [{\"link_page\": null, \"embed_url\": \"\", \"image\": 2, \"link_external\": \"\", \"caption\": \"\", \"sort_order\": 0, \"link_document\": null, \"pk\": null, \"page\": null}, {\"link_page\": null, \"embed_url\": \"\", \"image\": 4, \"link_external\": \"\", \"caption\": \"\", \"sort_order\": 1, \"link_document\": null, \"pk\": null, \"page\": null}], \"search_description\": \"\", \"owner\": null, \"latest_revision_created_at\": \"2015-05-28T11:44:54.863Z\", \"go_live_at\": null, \"related_links\": [], \"title\": \"Homepage\", \"seo_title\": \"\", \"slug\": \"home\", \"live\": true, \"has_unpublished_changes\": true, \"body\": \"A cookiecutter template for Wagtail CMS featuring Zurb Foundation front-end framework.\", \"content_items\": [{\"slug\": \"wagtail\", \"link_page\": null, \"title\": \"Wagtail\", \"image\": 13, \"link_external\": \"https://wagtail.io/\", \"summary\": \"\", \"content\": \"<p>Wagtail the leading Django CMS.</p>\", \"sort_order\": 0, \"link_document\": null, \"pk\": 16, \"page\": null}, {\"slug\": \"foundation\", \"link_page\": null, \"title\": \"Foundation\", \"image\": 14, \"link_external\": \"http://foundation.zurb.com/\", \"summary\": \"\", \"content\": \"The most advanced responsive\\u00a0front-end framework in the world.\", \"sort_order\": 1, \"link_document\": null, \"pk\": 18, \"page\": null}, {\"slug\": \"ansible\", \"link_page\": null, \"title\": \"Ansible\", \"image\": 15, \"link_external\": \"http://www.ansible.com/\", \"summary\": \"\", \"content\": \"Ansible for provisioning and Deployment\", \"sort_order\": 2, \"link_document\": null, \"pk\": null, \"page\": null}, {\"slug\": \"sass\", \"link_page\": null, \"title\": \"Sass\", \"image\": 16, \"link_external\": \"http://sass-lang.com/\", \"summary\": \"\", \"content\": \"100% Sass\", \"sort_order\": 3, \"link_document\": null, \"pk\": null, \"page\": null}, {\"slug\": \"postgresql\", \"link_page\": null, \"title\": \"Postgresql\", \"image\": 17, \"link_external\": \"http://www.postgresql.org/\", \"summary\": \"\", \"content\": \"PostgreSQL Everywhere\", \"sort_order\": 4, \"link_document\": null, \"pk\": null, \"page\": null}, {\"slug\": \"digitalocean\", \"link_page\": null, \"title\": \"Digital Ocean\", \"image\": 18, \"link_external\": \"https://www.digitalocean.com/\", \"summary\": \"\", \"content\": \"Spin Up your server with Digital Ocean API.\", \"sort_order\": 5, \"link_document\": null, \"pk\": null, \"page\": null}], \"numchild\": 3, \"title_text\": \"Welcome to Wagtail Cookiecutter Foundation\", \"content_type\": 4, \"show_in_menus\": false, \"path\": \"00010001\", \"url_path\": \"/home/\", \"expired\": false, \"pk\": 3, \"locked\": false, \"depth\": 2, \"contact\": \"ChrisDev Limited<p>A3 ST Bendicts Gardens\\u00a0Tunapuna,\\u00a0Trinidad And Tobago</p>\", \"expire_at\": null}", "user": 1, "page": 3}, "model": "wagtailcore.pagerevision", "pk": 25}, {"fields": {"approved_go_live_at": null, "created_at": "2015-05-28T11:46:48.713Z", "submitted_for_moderation": false, "content_json": "{\"carousel_items\": [{\"link_page\": null, \"embed_url\": \"\", \"image\": 2, \"link_external\": \"\", \"caption\": \"\", \"sort_order\": 0, \"link_document\": null, \"pk\": null, \"page\": null}, {\"link_page\": null, \"embed_url\": \"\", \"image\": 4, \"link_external\": \"\", \"caption\": \"\", \"sort_order\": 1, \"link_document\": null, \"pk\": null, \"page\": null}], \"search_description\": \"\", \"owner\": null, \"latest_revision_created_at\": \"2015-05-28T11:45:26.893Z\", \"go_live_at\": null, \"related_links\": [], \"title\": \"Homepage\", \"seo_title\": \"\", \"slug\": \"home\", \"live\": true, \"has_unpublished_changes\": false, \"body\": \"A cookiecutter template for Wagtail CMS featuring Zurb Foundation front-end framework.\", \"content_items\": [{\"slug\": \"wagtail\", \"link_page\": null, \"title\": \"Wagtail\", \"image\": 13, \"link_external\": \"https://wagtail.io/\", \"summary\": \"\", \"content\": \"<p>Wagtail the leading Django CMS.</p>\", \"sort_order\": 0, \"link_document\": null, \"pk\": 16, \"page\": null}, {\"slug\": \"foundation\", \"link_page\": null, \"title\": \"Foundation\", \"image\": 14, \"link_external\": \"http://foundation.zurb.com/\", \"summary\": \"\", \"content\": \"The most advanced responsive\\u00a0front-end framework in the world.\", \"sort_order\": 1, \"link_document\": null, \"pk\": 18, \"page\": null}, {\"slug\": \"ansible\", \"link_page\": null, \"title\": \"Ansible\", \"image\": 15, \"link_external\": \"http://www.ansible.com/\", \"summary\": \"\", \"content\": \"Ansible for provisioning and Deployment\", \"sort_order\": 2, \"link_document\": null, \"pk\": null, \"page\": null}, {\"slug\": \"sass\", \"link_page\": null, \"title\": \"Sass\", \"image\": 16, \"link_external\": \"http://sass-lang.com/\", \"summary\": \"\", \"content\": \"100% Sass\", \"sort_order\": 3, \"link_document\": null, \"pk\": null, \"page\": null}, {\"slug\": \"postgresql\", \"link_page\": null, \"title\": \"Postgresql\", \"image\": 17, \"link_external\": \"http://www.postgresql.org/\", \"summary\": \"\", \"content\": \"PostgreSQL Everywhere\", \"sort_order\": 4, \"link_document\": null, \"pk\": null, \"page\": null}, {\"slug\": \"digitalocean\", \"link_page\": null, \"title\": \"Digital Ocean\", \"image\": 18, \"link_external\": \"https://www.digitalocean.com/\", \"summary\": \"\", \"content\": \"Spin Up your server with Digital Ocean API.\", \"sort_order\": 5, \"link_document\": null, \"pk\": null, \"page\": null}], \"numchild\": 3, \"title_text\": \"Welcome to Wagtail Cookiecutter Foundation\", \"content_type\": 4, \"show_in_menus\": false, \"path\": \"00010001\", \"url_path\": \"/home/\", \"expired\": false, \"pk\": 3, \"locked\": false, \"depth\": 2, \"contact\": \"<p>ChrisDev Limited\\u00a0A3 ST Bendicts Gardens\\u00a0Tunapuna,\\u00a0Trinidad And Tobago</p>\", \"expire_at\": null}", "user": 1, "page": 3}, "model": "wagtailcore.pagerevision", "pk": 26}, {"fields": {"approved_go_live_at": null, "created_at": "2015-05-28T11:48:10.881Z", "submitted_for_moderation": false, "content_json": "{\"carousel_items\": [{\"link_page\": null, \"embed_url\": \"\", \"image\": 2, \"link_external\": \"\", \"caption\": \"\", \"sort_order\": 0, \"link_document\": null, \"pk\": null, \"page\": null}, {\"link_page\": null, \"embed_url\": \"\", \"image\": 4, \"link_external\": \"\", \"caption\": \"\", \"sort_order\": 1, \"link_document\": null, \"pk\": null, \"page\": null}], \"search_description\": \"\", \"owner\": null, \"latest_revision_created_at\": \"2015-05-28T11:46:48.713Z\", \"go_live_at\": null, \"related_links\": [], \"title\": \"Homepage\", \"seo_title\": \"\", \"slug\": \"home\", \"live\": true, \"has_unpublished_changes\": false, \"body\": \"A cookiecutter template for Wagtail CMS featuring Zurb Foundation front-end framework.\", \"content_items\": [{\"slug\": \"wagtail\", \"link_page\": null, \"title\": \"Wagtail\", \"image\": 13, \"link_external\": \"https://wagtail.io/\", \"summary\": \"\", \"content\": \"<p>Wagtail the leading Django CMS.</p>\", \"sort_order\": 0, \"link_document\": null, \"pk\": 16, \"page\": null}, {\"slug\": \"foundation\", \"link_page\": null, \"title\": \"Foundation\", \"image\": 14, \"link_external\": \"http://foundation.zurb.com/\", \"summary\": \"\", \"content\": \"The most advanced responsive\\u00a0front-end framework in the world.\", \"sort_order\": 1, \"link_document\": null, \"pk\": 18, \"page\": null}, {\"slug\": \"ansible\", \"link_page\": null, \"title\": \"Ansible\", \"image\": 15, \"link_external\": \"http://www.ansible.com/\", \"summary\": \"\", \"content\": \"Ansible for provisioning and Deployment\", \"sort_order\": 2, \"link_document\": null, \"pk\": null, \"page\": null}, {\"slug\": \"sass\", \"link_page\": null, \"title\": \"Sass\", \"image\": 16, \"link_external\": \"http://sass-lang.com/\", \"summary\": \"\", \"content\": \"100% Sass\", \"sort_order\": 3, \"link_document\": null, \"pk\": null, \"page\": null}, {\"slug\": \"postgresql\", \"link_page\": null, \"title\": \"Postgresql\", \"image\": 17, \"link_external\": \"http://www.postgresql.org/\", \"summary\": \"\", \"content\": \"PostgreSQL Everywhere\", \"sort_order\": 4, \"link_document\": null, \"pk\": null, \"page\": null}, {\"slug\": \"digitalocean\", \"link_page\": null, \"title\": \"Digital Ocean\", \"image\": 18, \"link_external\": \"https://www.digitalocean.com/\", \"summary\": \"\", \"content\": \"Spin Up your server with Digital Ocean API.\", \"sort_order\": 5, \"link_document\": null, \"pk\": null, \"page\": null}], \"numchild\": 3, \"title_text\": \"Welcome to Wagtail Cookiecutter Foundation\", \"content_type\": 4, \"show_in_menus\": false, \"path\": \"00010001\", \"url_path\": \"/home/\", \"expired\": false, \"pk\": 3, \"locked\": false, \"depth\": 2, \"contact\": \"ChrisDev Limited<br/><p><span>A3 ST Bendicts Gardens\\u00a0Tunapuna,\\u00a0Trinidad And Tobago</span>\\u00a0</p>\", \"expire_at\": null}", "user": 1, "page": 3}, "model": "wagtailcore.pagerevision", "pk": 27}, {"fields": {"approved_go_live_at": null, "created_at": "2015-05-28T12:02:05.404Z", "submitted_for_moderation": false, "content_json": "{\"carousel_items\": [{\"link_page\": null, \"embed_url\": \"\", \"image\": 2, \"link_external\": \"\", \"caption\": \"\", \"sort_order\": 0, \"link_document\": null, \"pk\": null, \"page\": null}, {\"link_page\": null, \"embed_url\": \"\", \"image\": 4, \"link_external\": \"\", \"caption\": \"\", \"sort_order\": 1, \"link_document\": null, \"pk\": null, \"page\": null}], \"search_description\": \"\", \"owner\": null, \"latest_revision_created_at\": \"2015-05-28T11:48:10.881Z\", \"go_live_at\": null, \"related_links\": [], \"title\": \"Homepage\", \"seo_title\": \"\", \"slug\": \"home\", \"live\": true, \"has_unpublished_changes\": false, \"body\": \"A cookiecutter template for Wagtail CMS featuring Zurb Foundation front-end framework.\", \"content_items\": [{\"slug\": \"wagtail\", \"link_page\": null, \"title\": \"Wagtail\", \"image\": 13, \"link_external\": \"https://wagtail.io/\", \"summary\": \"\", \"content\": \"<p>Wagtail the leading Django CMS.</p>\", \"sort_order\": 0, \"link_document\": null, \"pk\": 16, \"page\": null}, {\"slug\": \"foundation\", \"link_page\": null, \"title\": \"Foundation\", \"image\": 14, \"link_external\": \"http://foundation.zurb.com/\", \"summary\": \"\", \"content\": \"The most advanced responsive\\u00a0front-end framework in the world.\", \"sort_order\": 1, \"link_document\": null, \"pk\": 18, \"page\": null}, {\"slug\": \"ansible\", \"link_page\": null, \"title\": \"Ansible\", \"image\": 15, \"link_external\": \"http://www.ansible.com/\", \"summary\": \"\", \"content\": \"Ansible for provisioning and Deployment\", \"sort_order\": 2, \"link_document\": null, \"pk\": null, \"page\": null}, {\"slug\": \"sass\", \"link_page\": null, \"title\": \"Sass\", \"image\": 16, \"link_external\": \"http://sass-lang.com/\", \"summary\": \"\", \"content\": \"100% Sass\", \"sort_order\": 3, \"link_document\": null, \"pk\": null, \"page\": null}, {\"slug\": \"postgresql\", \"link_page\": null, \"title\": \"Postgresql\", \"image\": 17, \"link_external\": \"http://www.postgresql.org/\", \"summary\": \"\", \"content\": \"PostgreSQL Everywhere\", \"sort_order\": 4, \"link_document\": null, \"pk\": null, \"page\": null}, {\"slug\": \"digitalocean\", \"link_page\": null, \"title\": \"Digital Ocean\", \"image\": 18, \"link_external\": \"https://www.digitalocean.com/\", \"summary\": \"\", \"content\": \"Spin Up your server with Digital Ocean API.\", \"sort_order\": 5, \"link_document\": null, \"pk\": null, \"page\": null}], \"numchild\": 3, \"title_text\": \"Welcome to Wagtail Cookiecutter Foundation\", \"content_type\": 4, \"show_in_menus\": false, \"path\": \"00010001\", \"url_path\": \"/home/\", \"expired\": false, \"pk\": 3, \"locked\": false, \"depth\": 2, \"contact\": \"ChrisDev Limited<br/><p>A3 ST Bendicts Gardens\\u00a0Tunapuna,\\u00a0Trinidad And Tobago\\u00a0<a href=\\\"http://chrisdev.com/\\\">http://chrisdev.com</a></p>\", \"expire_at\": null}", "user": 1, "page": 3}, "model": "wagtailcore.pagerevision", "pk": 28}, {"fields": {"approved_go_live_at": null, "created_at": "2015-05-28T12:02:12.136Z", "submitted_for_moderation": false, "content_json": "{\"carousel_items\": [{\"link_page\": null, \"embed_url\": \"\", \"image\": 2, \"link_external\": \"\", \"caption\": \"\", \"sort_order\": 0, \"link_document\": null, \"pk\": null, \"page\": null}, {\"link_page\": null, \"embed_url\": \"\", \"image\": 4, \"link_external\": \"\", \"caption\": \"\", \"sort_order\": 1, \"link_document\": null, \"pk\": null, \"page\": null}], \"search_description\": \"\", \"owner\": null, \"latest_revision_created_at\": \"2015-05-28T12:02:05.404Z\", \"go_live_at\": null, \"related_links\": [], \"title\": \"Homepage\", \"seo_title\": \"\", \"slug\": \"home\", \"live\": true, \"has_unpublished_changes\": true, \"body\": \"A cookiecutter template for Wagtail CMS featuring Zurb Foundation front-end framework.\", \"content_items\": [{\"slug\": \"wagtail\", \"link_page\": null, \"title\": \"Wagtail\", \"image\": 13, \"link_external\": \"https://wagtail.io/\", \"summary\": \"\", \"content\": \"<p>Wagtail the leading Django CMS.</p>\", \"sort_order\": 0, \"link_document\": null, \"pk\": 16, \"page\": null}, {\"slug\": \"foundation\", \"link_page\": null, \"title\": \"Foundation\", \"image\": 14, \"link_external\": \"http://foundation.zurb.com/\", \"summary\": \"\", \"content\": \"The most advanced responsive\\u00a0front-end framework in the world.\", \"sort_order\": 1, \"link_document\": null, \"pk\": 18, \"page\": null}, {\"slug\": \"ansible\", \"link_page\": null, \"title\": \"Ansible\", \"image\": 15, \"link_external\": \"http://www.ansible.com/\", \"summary\": \"\", \"content\": \"Ansible for provisioning and Deployment\", \"sort_order\": 2, \"link_document\": null, \"pk\": null, \"page\": null}, {\"slug\": \"sass\", \"link_page\": null, \"title\": \"Sass\", \"image\": 16, \"link_external\": \"http://sass-lang.com/\", \"summary\": \"\", \"content\": \"100% Sass\", \"sort_order\": 3, \"link_document\": null, \"pk\": null, \"page\": null}, {\"slug\": \"postgresql\", \"link_page\": null, \"title\": \"Postgresql\", \"image\": 17, \"link_external\": \"http://www.postgresql.org/\", \"summary\": \"\", \"content\": \"PostgreSQL Everywhere\", \"sort_order\": 4, \"link_document\": null, \"pk\": null, \"page\": null}, {\"slug\": \"digitalocean\", \"link_page\": null, \"title\": \"Digital Ocean\", \"image\": 18, \"link_external\": \"https://www.digitalocean.com/\", \"summary\": \"\", \"content\": \"Spin Up your server with Digital Ocean API.\", \"sort_order\": 5, \"link_document\": null, \"pk\": null, \"page\": null}], \"numchild\": 3, \"title_text\": \"Welcome to Wagtail Cookiecutter Foundation\", \"content_type\": 4, \"show_in_menus\": false, \"path\": \"00010001\", \"url_path\": \"/home/\", \"expired\": false, \"pk\": 3, \"locked\": false, \"depth\": 2, \"contact\": \"ChrisDev Limited<br/><p>A3 ST Bendicts Gardens\\u00a0Tunapuna,\\u00a0Trinidad And Tobago\\u00a0<a href=\\\"http://chrisdev.com/\\\">http://chrisdev.com</a></p>\", \"expire_at\": null}", "user": 1, "page": 3}, "model": "wagtailcore.pagerevision", "pk": 29}, {"fields": {"approved_go_live_at": null, "created_at": "2015-05-28T12:02:48.362Z", "submitted_for_moderation": false, "content_json": "{\"carousel_items\": [{\"link_page\": null, \"embed_url\": \"\", \"image\": 2, \"link_external\": \"\", \"caption\": \"\", \"sort_order\": 0, \"link_document\": null, \"pk\": null, \"page\": null}, {\"link_page\": null, \"embed_url\": \"\", \"image\": 4, \"link_external\": \"\", \"caption\": \"\", \"sort_order\": 1, \"link_document\": null, \"pk\": null, \"page\": null}], \"search_description\": \"\", \"owner\": null, \"latest_revision_created_at\": \"2015-05-28T12:02:12.136Z\", \"go_live_at\": null, \"related_links\": [], \"title\": \"Homepage\", \"seo_title\": \"\", \"slug\": \"home\", \"live\": true, \"has_unpublished_changes\": false, \"body\": \"A cookiecutter template for Wagtail CMS featuring Zurb Foundation front-end framework.\", \"content_items\": [{\"slug\": \"wagtail\", \"link_page\": null, \"title\": \"Wagtail\", \"image\": 13, \"link_external\": \"https://wagtail.io/\", \"summary\": \"\", \"content\": \"<p>Wagtail the leading Django CMS.</p>\", \"sort_order\": 0, \"link_document\": null, \"pk\": 16, \"page\": null}, {\"slug\": \"foundation\", \"link_page\": null, \"title\": \"Foundation\", \"image\": 14, \"link_external\": \"http://foundation.zurb.com/\", \"summary\": \"\", \"content\": \"The most advanced responsive\\u00a0front-end framework in the world.\", \"sort_order\": 1, \"link_document\": null, \"pk\": 18, \"page\": null}, {\"slug\": \"ansible\", \"link_page\": null, \"title\": \"Ansible\", \"image\": 15, \"link_external\": \"http://www.ansible.com/\", \"summary\": \"\", \"content\": \"Ansible for provisioning and Deployment\", \"sort_order\": 2, \"link_document\": null, \"pk\": null, \"page\": null}, {\"slug\": \"sass\", \"link_page\": null, \"title\": \"Sass\", \"image\": 16, \"link_external\": \"http://sass-lang.com/\", \"summary\": \"\", \"content\": \"100% Sass\", \"sort_order\": 3, \"link_document\": null, \"pk\": null, \"page\": null}, {\"slug\": \"postgresql\", \"link_page\": null, \"title\": \"Postgresql\", \"image\": 17, \"link_external\": \"http://www.postgresql.org/\", \"summary\": \"\", \"content\": \"PostgreSQL Everywhere\", \"sort_order\": 4, \"link_document\": null, \"pk\": null, \"page\": null}, {\"slug\": \"digitalocean\", \"link_page\": null, \"title\": \"Digital Ocean\", \"image\": 18, \"link_external\": \"https://www.digitalocean.com/\", \"summary\": \"\", \"content\": \"Spin Up your server with Digital Ocean API.\", \"sort_order\": 5, \"link_document\": null, \"pk\": null, \"page\": null}], \"numchild\": 3, \"title_text\": \"Welcome to Wagtail Cookiecutter Foundation\", \"content_type\": 4, \"show_in_menus\": false, \"path\": \"00010001\", \"url_path\": \"/home/\", \"expired\": false, \"pk\": 3, \"locked\": false, \"depth\": 2, \"contact\": \"ChrisDev Limited<br/><p>A3 ST Bendicts Gardens\\u00a0Tunapuna,\\u00a0Trinidad And Tobago</p><p><a href=\\\"http://chrisdev.com/\\\">http://chrisdev.com</a></p>\", \"expire_at\": null}", "user": 1, "page": 3}, "model": "wagtailcore.pagerevision", "pk": 30}, {"fields": {"approved_go_live_at": null, "created_at": "2015-05-28T12:03:38.643Z", "submitted_for_moderation": false, "content_json": "{\"carousel_items\": [{\"link_page\": null, \"embed_url\": \"\", \"image\": 2, \"link_external\": \"\", \"caption\": \"\", \"sort_order\": 0, \"link_document\": null, \"pk\": null, \"page\": null}, {\"link_page\": null, \"embed_url\": \"\", \"image\": 4, \"link_external\": \"\", \"caption\": \"\", \"sort_order\": 1, \"link_document\": null, \"pk\": null, \"page\": null}], \"search_description\": \"\", \"owner\": null, \"latest_revision_created_at\": \"2015-05-28T12:02:48.362Z\", \"go_live_at\": null, \"related_links\": [], \"title\": \"Homepage\", \"seo_title\": \"\", \"slug\": \"home\", \"live\": true, \"has_unpublished_changes\": false, \"body\": \"A cookiecutter template for Wagtail CMS featuring Zurb Foundation front-end framework.\", \"content_items\": [{\"slug\": \"wagtail\", \"link_page\": null, \"title\": \"Wagtail\", \"image\": 13, \"link_external\": \"https://wagtail.io/\", \"summary\": \"\", \"content\": \"<p>Wagtail the leading Django CMS.</p>\", \"sort_order\": 0, \"link_document\": null, \"pk\": 16, \"page\": null}, {\"slug\": \"foundation\", \"link_page\": null, \"title\": \"Foundation\", \"image\": 14, \"link_external\": \"http://foundation.zurb.com/\", \"summary\": \"\", \"content\": \"The most advanced responsive\\u00a0front-end framework in the world.\", \"sort_order\": 1, \"link_document\": null, \"pk\": 18, \"page\": null}, {\"slug\": \"ansible\", \"link_page\": null, \"title\": \"Ansible\", \"image\": 15, \"link_external\": \"http://www.ansible.com/\", \"summary\": \"\", \"content\": \"Ansible for provisioning and Deployment\", \"sort_order\": 2, \"link_document\": null, \"pk\": null, \"page\": null}, {\"slug\": \"sass\", \"link_page\": null, \"title\": \"Sass\", \"image\": 16, \"link_external\": \"http://sass-lang.com/\", \"summary\": \"\", \"content\": \"100% Sass\", \"sort_order\": 3, \"link_document\": null, \"pk\": null, \"page\": null}, {\"slug\": \"postgresql\", \"link_page\": null, \"title\": \"Postgresql\", \"image\": 17, \"link_external\": \"http://www.postgresql.org/\", \"summary\": \"\", \"content\": \"PostgreSQL Everywhere\", \"sort_order\": 4, \"link_document\": null, \"pk\": null, \"page\": null}, {\"slug\": \"digitalocean\", \"link_page\": null, \"title\": \"Digital Ocean\", \"image\": 18, \"link_external\": \"https://www.digitalocean.com/\", \"summary\": \"\", \"content\": \"Spin Up your server with Digital Ocean API.\", \"sort_order\": 5, \"link_document\": null, \"pk\": null, \"page\": null}], \"numchild\": 3, \"title_text\": \"Welcome to Wagtail Cookiecutter Foundation\", \"content_type\": 4, \"show_in_menus\": false, \"path\": \"00010001\", \"url_path\": \"/home/\", \"expired\": false, \"pk\": 3, \"locked\": false, \"depth\": 2, \"contact\": \"ChrisDev Limited<br/><p>A3 ST Bendicts Gardens\\u00a0Tunapuna,\\u00a0Trinidad And Tobago</p>\", \"expire_at\": null}", "user": 1, "page": 3}, "model": "wagtailcore.pagerevision", "pk": 31}, {"fields": {"approved_go_live_at": null, "created_at": "2015-05-28T14:39:34.608Z", "submitted_for_moderation": false, "content_json": "{\"carousel_items\": [{\"link_page\": null, \"embed_url\": \"\", \"image\": 19, \"link_external\": \"\", \"caption\": \"\", \"sort_order\": 0, \"link_document\": null, \"pk\": null, \"page\": null}, {\"link_page\": null, \"embed_url\": \"\", \"image\": 20, \"link_external\": \"\", \"caption\": \"\", \"sort_order\": 1, \"link_document\": null, \"pk\": null, \"page\": null}, {\"link_page\": null, \"embed_url\": \"\", \"image\": 21, \"link_external\": \"\", \"caption\": \"\", \"sort_order\": 2, \"link_document\": null, \"pk\": null, \"page\": null}, {\"link_page\": null, \"embed_url\": \"\", \"image\": 22, \"link_external\": \"\", \"caption\": \"\", \"sort_order\": 3, \"link_document\": null, \"pk\": null, \"page\": null}], \"search_description\": \"\", \"owner\": null, \"latest_revision_created_at\": \"2015-05-28T12:03:38.643Z\", \"go_live_at\": null, \"related_links\": [], \"title\": \"Homepage\", \"seo_title\": \"\", \"slug\": \"home\", \"live\": true, \"has_unpublished_changes\": false, \"body\": \"A cookiecutter template for Wagtail CMS featuring Zurb Foundation front-end framework.\", \"content_items\": [{\"slug\": \"wagtail\", \"link_page\": null, \"title\": \"Wagtail\", \"image\": 13, \"link_external\": \"https://wagtail.io/\", \"summary\": \"\", \"content\": \"<p>Wagtail the leading Django CMS.</p>\", \"sort_order\": 0, \"link_document\": null, \"pk\": 16, \"page\": null}, {\"slug\": \"foundation\", \"link_page\": null, \"title\": \"Foundation\", \"image\": 14, \"link_external\": \"http://foundation.zurb.com/\", \"summary\": \"\", \"content\": \"The most advanced responsive\\u00a0front-end framework in the world.\", \"sort_order\": 1, \"link_document\": null, \"pk\": 18, \"page\": null}, {\"slug\": \"ansible\", \"link_page\": null, \"title\": \"Ansible\", \"image\": 15, \"link_external\": \"http://www.ansible.com/\", \"summary\": \"\", \"content\": \"Ansible for provisioning and Deployment\", \"sort_order\": 2, \"link_document\": null, \"pk\": null, \"page\": null}, {\"slug\": \"sass\", \"link_page\": null, \"title\": \"Sass\", \"image\": 16, \"link_external\": \"http://sass-lang.com/\", \"summary\": \"\", \"content\": \"100% Sass\", \"sort_order\": 3, \"link_document\": null, \"pk\": null, \"page\": null}, {\"slug\": \"postgresql\", \"link_page\": null, \"title\": \"Postgresql\", \"image\": 17, \"link_external\": \"http://www.postgresql.org/\", \"summary\": \"\", \"content\": \"PostgreSQL Everywhere\", \"sort_order\": 4, \"link_document\": null, \"pk\": null, \"page\": null}, {\"slug\": \"digitalocean\", \"link_page\": null, \"title\": \"Digital Ocean\", \"image\": 18, \"link_external\": \"https://www.digitalocean.com/\", \"summary\": \"\", \"content\": \"Spin Up your server with Digital Ocean API.\", \"sort_order\": 5, \"link_document\": null, \"pk\": null, \"page\": null}], \"numchild\": 3, \"title_text\": \"Welcome to Wagtail Cookiecutter Foundation\", \"content_type\": 4, \"show_in_menus\": false, \"path\": \"00010001\", \"url_path\": \"/home/\", \"expired\": false, \"pk\": 3, \"locked\": false, \"depth\": 2, \"contact\": \"ChrisDev Limited<br/><p>A3 ST Bendicts Gardens\\u00a0Tunapuna,\\u00a0Trinidad And Tobago</p>\", \"expire_at\": null}", "user": 1, "page": 3}, "model": "wagtailcore.pagerevision", "pk": 32}, {"fields": {"approved_go_live_at": null, "created_at": "2015-05-28T14:44:41.146Z", "submitted_for_moderation": false, "content_json": "{\"carousel_items\": [{\"link_page\": null, \"embed_url\": \"\", \"image\": 23, \"link_external\": \"\", \"caption\": \"\", \"sort_order\": 0, \"link_document\": null, \"pk\": null, \"page\": null}, {\"link_page\": null, \"embed_url\": \"\", \"image\": 24, \"link_external\": \"\", \"caption\": \"\", \"sort_order\": 1, \"link_document\": null, \"pk\": null, \"page\": null}, {\"link_page\": null, \"embed_url\": \"\", \"image\": 25, \"link_external\": \"\", \"caption\": \"\", \"sort_order\": 2, \"link_document\": null, \"pk\": null, \"page\": null}, {\"link_page\": null, \"embed_url\": \"\", \"image\": 26, \"link_external\": \"\", \"caption\": \"\", \"sort_order\": 3, \"link_document\": null, \"pk\": null, \"page\": null}], \"search_description\": \"\", \"owner\": null, \"latest_revision_created_at\": \"2015-05-28T14:39:34.608Z\", \"go_live_at\": null, \"related_links\": [], \"title\": \"Homepage\", \"seo_title\": \"\", \"slug\": \"home\", \"live\": true, \"has_unpublished_changes\": false, \"body\": \"A cookiecutter template for Wagtail CMS featuring Zurb Foundation front-end framework.\", \"content_items\": [{\"slug\": \"wagtail\", \"link_page\": null, \"title\": \"Wagtail\", \"image\": 13, \"link_external\": \"https://wagtail.io/\", \"summary\": \"\", \"content\": \"<p>Wagtail the leading Django CMS.</p>\", \"sort_order\": 0, \"link_document\": null, \"pk\": 16, \"page\": null}, {\"slug\": \"foundation\", \"link_page\": null, \"title\": \"Foundation\", \"image\": 14, \"link_external\": \"http://foundation.zurb.com/\", \"summary\": \"\", \"content\": \"The most advanced responsive\\u00a0front-end framework in the world.\", \"sort_order\": 1, \"link_document\": null, \"pk\": 18, \"page\": null}, {\"slug\": \"ansible\", \"link_page\": null, \"title\": \"Ansible\", \"image\": 15, \"link_external\": \"http://www.ansible.com/\", \"summary\": \"\", \"content\": \"Ansible for provisioning and Deployment\", \"sort_order\": 2, \"link_document\": null, \"pk\": null, \"page\": null}, {\"slug\": \"sass\", \"link_page\": null, \"title\": \"Sass\", \"image\": 16, \"link_external\": \"http://sass-lang.com/\", \"summary\": \"\", \"content\": \"100% Sass\", \"sort_order\": 3, \"link_document\": null, \"pk\": null, \"page\": null}, {\"slug\": \"postgresql\", \"link_page\": null, \"title\": \"Postgresql\", \"image\": 17, \"link_external\": \"http://www.postgresql.org/\", \"summary\": \"\", \"content\": \"PostgreSQL Everywhere\", \"sort_order\": 4, \"link_document\": null, \"pk\": null, \"page\": null}, {\"slug\": \"digitalocean\", \"link_page\": null, \"title\": \"Digital Ocean\", \"image\": 18, \"link_external\": \"https://www.digitalocean.com/\", \"summary\": \"\", \"content\": \"Spin Up your server with Digital Ocean API.\", \"sort_order\": 5, \"link_document\": null, \"pk\": null, \"page\": null}], \"numchild\": 3, \"title_text\": \"Welcome to Wagtail Cookiecutter Foundation\", \"content_type\": 4, \"show_in_menus\": false, \"path\": \"00010001\", \"url_path\": \"/home/\", \"expired\": false, \"pk\": 3, \"locked\": false, \"depth\": 2, \"contact\": \"ChrisDev Limited<br/><p>A3 ST Bendicts Gardens\\u00a0Tunapuna,\\u00a0Trinidad And Tobago</p>\", \"expire_at\": null}", "user": 1, "page": 3}, "model": "wagtailcore.pagerevision", "pk": 33}, {"fields": {"approved_go_live_at": null, "created_at": "2015-05-28T14:49:00.027Z", "submitted_for_moderation": false, "content_json": "{\"carousel_items\": [{\"link_page\": null, \"embed_url\": \"\", \"image\": 23, \"link_external\": \"\", \"caption\": \"\", \"sort_order\": 0, \"link_document\": null, \"pk\": null, \"page\": null}, {\"link_page\": null, \"embed_url\": \"\", \"image\": 24, \"link_external\": \"\", \"caption\": \"\", \"sort_order\": 1, \"link_document\": null, \"pk\": null, \"page\": null}, {\"link_page\": null, \"embed_url\": \"\", \"image\": 25, \"link_external\": \"\", \"caption\": \"\", \"sort_order\": 2, \"link_document\": null, \"pk\": null, \"page\": null}, {\"link_page\": null, \"embed_url\": \"\", \"image\": 26, \"link_external\": \"\", \"caption\": \"\", \"sort_order\": 3, \"link_document\": null, \"pk\": null, \"page\": null}], \"search_description\": \"\", \"owner\": null, \"latest_revision_created_at\": \"2015-05-28T14:44:41.146Z\", \"go_live_at\": null, \"related_links\": [], \"title\": \"Homepage\", \"seo_title\": \"\", \"slug\": \"home\", \"live\": true, \"has_unpublished_changes\": false, \"body\": \"A cookiecutter template for Wagtail CMS featuring Zurb Foundation front-end framework.\", \"content_items\": [{\"slug\": \"wagtail\", \"link_page\": null, \"title\": \"Wagtail\", \"image\": 27, \"link_external\": \"https://wagtail.io/\", \"summary\": \"\", \"content\": \"<p>Wagtail the leading Django CMS.</p>\", \"sort_order\": 0, \"link_document\": null, \"pk\": 16, \"page\": null}, {\"slug\": \"foundation\", \"link_page\": null, \"title\": \"Foundation\", \"image\": 28, \"link_external\": \"http://foundation.zurb.com/\", \"summary\": \"\", \"content\": \"The most advanced responsive\\u00a0front-end framework in the world.\", \"sort_order\": 1, \"link_document\": null, \"pk\": 18, \"page\": null}, {\"slug\": \"ansible\", \"link_page\": null, \"title\": \"Ansible\", \"image\": 29, \"link_external\": \"http://www.ansible.com/\", \"summary\": \"\", \"content\": \"Ansible for provisioning and Deployment\", \"sort_order\": 2, \"link_document\": null, \"pk\": null, \"page\": null}, {\"slug\": \"sass\", \"link_page\": null, \"title\": \"Sass\", \"image\": 30, \"link_external\": \"http://sass-lang.com/\", \"summary\": \"\", \"content\": \"100% Sass\", \"sort_order\": 3, \"link_document\": null, \"pk\": null, \"page\": null}, {\"slug\": \"postgresql\", \"link_page\": null, \"title\": \"Postgresql\", \"image\": 31, \"link_external\": \"http://www.postgresql.org/\", \"summary\": \"\", \"content\": \"PostgreSQL Everywhere\", \"sort_order\": 4, \"link_document\": null, \"pk\": null, \"page\": null}, {\"slug\": \"digitalocean\", \"link_page\": null, \"title\": \"Digital Ocean\", \"image\": 32, \"link_external\": \"https://www.digitalocean.com/\", \"summary\": \"\", \"content\": \"Spin Up your server with Digital Ocean API.\", \"sort_order\": 5, \"link_document\": null, \"pk\": null, \"page\": null}], \"numchild\": 3, \"title_text\": \"Welcome to Wagtail Cookiecutter Foundation\", \"content_type\": 4, \"show_in_menus\": false, \"path\": \"00010001\", \"url_path\": \"/home/\", \"expired\": false, \"pk\": 3, \"locked\": false, \"depth\": 2, \"contact\": \"ChrisDev Limited<br/><p>A3 ST Bendicts Gardens\\u00a0Tunapuna,\\u00a0Trinidad And Tobago</p>\", \"expire_at\": null}", "user": 1, "page": 3}, "model": "wagtailcore.pagerevision", "pk": 34}, {"fields": {"approved_go_live_at": null, "created_at": "2015-05-28T15:56:48.646Z", "submitted_for_moderation": false, "content_json": "{\"carousel_items\": [{\"link_page\": null, \"embed_url\": \"\", \"image\": 33, \"link_external\": \"\", \"caption\": \"\", \"sort_order\": 0, \"link_document\": null, \"pk\": null, \"page\": null}, {\"link_page\": null, \"embed_url\": \"\", \"image\": 34, \"link_external\": \"\", \"caption\": \"\", \"sort_order\": 1, \"link_document\": null, \"pk\": null, \"page\": null}, {\"link_page\": null, \"embed_url\": \"\", \"image\": 35, \"link_external\": \"\", \"caption\": \"\", \"sort_order\": 2, \"link_document\": null, \"pk\": null, \"page\": null}, {\"link_page\": null, \"embed_url\": \"\", \"image\": 36, \"link_external\": \"\", \"caption\": \"\", \"sort_order\": 3, \"link_document\": null, \"pk\": null, \"page\": null}], \"search_description\": \"\", \"owner\": null, \"latest_revision_created_at\": \"2015-05-28T14:49:00.027Z\", \"go_live_at\": null, \"related_links\": [], \"title\": \"Homepage\", \"seo_title\": \"\", \"slug\": \"home\", \"live\": true, \"has_unpublished_changes\": false, \"body\": \"A cookiecutter template for Wagtail CMS featuring Zurb Foundation front-end framework.\", \"content_items\": [{\"slug\": \"wagtail\", \"link_page\": null, \"title\": \"Wagtail\", \"image\": 37, \"link_external\": \"https://wagtail.io/\", \"summary\": \"\", \"content\": \"<p>Wagtail the leading Django CMS.</p>\", \"sort_order\": 0, \"link_document\": null, \"pk\": 16, \"page\": null}, {\"slug\": \"foundation\", \"link_page\": null, \"title\": \"Foundation\", \"image\": 38, \"link_external\": \"http://foundation.zurb.com/\", \"summary\": \"\", \"content\": \"The most advanced responsive\\u00a0front-end framework in the world.\", \"sort_order\": 1, \"link_document\": null, \"pk\": 18, \"page\": null}, {\"slug\": \"ansible\", \"link_page\": null, \"title\": \"Ansible\", \"image\": 39, \"link_external\": \"http://www.ansible.com/\", \"summary\": \"\", \"content\": \"Ansible for provisioning and Deployment\", \"sort_order\": 2, \"link_document\": null, \"pk\": null, \"page\": null}, {\"slug\": \"sass\", \"link_page\": null, \"title\": \"Sass\", \"image\": 40, \"link_external\": \"http://sass-lang.com/\", \"summary\": \"\", \"content\": \"100% Sass\", \"sort_order\": 3, \"link_document\": null, \"pk\": null, \"page\": null}, {\"slug\": \"postgresql\", \"link_page\": null, \"title\": \"Postgresql\", \"image\": 41, \"link_external\": \"http://www.postgresql.org/\", \"summary\": \"\", \"content\": \"PostgreSQL Everywhere\", \"sort_order\": 4, \"link_document\": null, \"pk\": null, \"page\": null}, {\"slug\": \"digitalocean\", \"link_page\": null, \"title\": \"Digital Ocean\", \"image\": 42, \"link_external\": \"https://www.digitalocean.com/\", \"summary\": \"\", \"content\": \"Spin Up your server with Digital Ocean API.\", \"sort_order\": 5, \"link_document\": null, \"pk\": null, \"page\": null}], \"numchild\": 3, \"title_text\": \"Welcome to Wagtail Cookiecutter Foundation\", \"content_type\": 4, \"show_in_menus\": false, \"path\": \"00010001\", \"url_path\": \"/home/\", \"expired\": false, \"pk\": 3, \"locked\": false, \"depth\": 2, \"contact\": \"ChrisDev Limited<br/><p>A3 ST Bendicts Gardens\\u00a0Tunapuna,\\u00a0Trinidad And Tobago</p>\", \"expire_at\": null}", "user": 1, "page": 3}, "model": "wagtailcore.pagerevision", "pk": 35}, {"fields": {"approved_go_live_at": null, "created_at": "2015-05-28T16:25:48.075Z", "submitted_for_moderation": false, "content_json": "{\"carousel_items\": [{\"link_page\": null, \"embed_url\": \"\", \"image\": 43, \"link_external\": \"\", \"caption\": \"\", \"sort_order\": 0, \"link_document\": null, \"pk\": null, \"page\": null}, {\"link_page\": null, \"embed_url\": \"\", \"image\": 44, \"link_external\": \"\", \"caption\": \"\", \"sort_order\": 1, \"link_document\": null, \"pk\": null, \"page\": null}, {\"link_page\": null, \"embed_url\": \"\", \"image\": 45, \"link_external\": \"\", \"caption\": \"\", \"sort_order\": 2, \"link_document\": null, \"pk\": null, \"page\": null}, {\"link_page\": null, \"embed_url\": \"\", \"image\": 46, \"link_external\": \"\", \"caption\": \"\", \"sort_order\": 3, \"link_document\": null, \"pk\": null, \"page\": null}], \"search_description\": \"\", \"owner\": null, \"latest_revision_created_at\": \"2015-05-28T15:56:48.646Z\", \"go_live_at\": null, \"related_links\": [], \"title\": \"Homepage\", \"seo_title\": \"\", \"slug\": \"home\", \"live\": true, \"has_unpublished_changes\": false, \"body\": \"A cookiecutter template for Wagtail CMS featuring Zurb Foundation front-end framework.\", \"content_items\": [{\"slug\": \"wagtail\", \"link_page\": null, \"title\": \"Wagtail\", \"image\": 47, \"link_external\": \"https://wagtail.io/\", \"summary\": \"\", \"content\": \"<p>Wagtail the leading Django CMS.</p>\", \"sort_order\": 0, \"link_document\": null, \"pk\": 16, \"page\": null}, {\"slug\": \"foundation\", \"link_page\": null, \"title\": \"Foundation\", \"image\": 48, \"link_external\": \"http://foundation.zurb.com/\", \"summary\": \"\", \"content\": \"The most advanced responsive\\u00a0front-end framework in the world.\", \"sort_order\": 1, \"link_document\": null, \"pk\": 18, \"page\": null}, {\"slug\": \"ansible\", \"link_page\": null, \"title\": \"Ansible\", \"image\": 49, \"link_external\": \"http://www.ansible.com/\", \"summary\": \"\", \"content\": \"Ansible for provisioning and Deployment\", \"sort_order\": 2, \"link_document\": null, \"pk\": null, \"page\": null}, {\"slug\": \"sass\", \"link_page\": null, \"title\": \"Sass\", \"image\": 50, \"link_external\": \"http://sass-lang.com/\", \"summary\": \"\", \"content\": \"100% Sass\", \"sort_order\": 3, \"link_document\": null, \"pk\": null, \"page\": null}, {\"slug\": \"postgresql\", \"link_page\": null, \"title\": \"Postgresql\", \"image\": 51, \"link_external\": \"http://www.postgresql.org/\", \"summary\": \"\", \"content\": \"PostgreSQL Everywhere\", \"sort_order\": 4, \"link_document\": null, \"pk\": null, \"page\": null}, {\"slug\": \"digitalocean\", \"link_page\": null, \"title\": \"Digital Ocean\", \"image\": 52, \"link_external\": \"https://www.digitalocean.com/\", \"summary\": \"\", \"content\": \"Spin Up your server with Digital Ocean API.\", \"sort_order\": 5, \"link_document\": null, \"pk\": null, \"page\": null}], \"numchild\": 3, \"title_text\": \"Welcome to Wagtail Cookiecutter Foundation\", \"content_type\": 4, \"show_in_menus\": false, \"path\": \"00010001\", \"url_path\": \"/home/\", \"expired\": false, \"pk\": 3, \"locked\": false, \"depth\": 2, \"contact\": \"ChrisDev Limited<br/><p>A3 ST Bendicts Gardens\\u00a0Tunapuna,\\u00a0Trinidad And Tobago</p>\", \"expire_at\": null}", "user": 1, "page": 3}, "model": "wagtailcore.pagerevision", "pk": 36}, {"fields": {"group": 1, "page": 1, "permission_type": "add"}, "model": "wagtailcore.grouppagepermission", "pk": 1}, {"fields": {"group": 1, "page": 1, "permission_type": "edit"}, "model": "wagtailcore.grouppagepermission", "pk": 2}, {"fields": {"group": 1, "page": 1, "permission_type": "publish"}, "model": "wagtailcore.grouppagepermission", "pk": 3}, {"fields": {"group": 2, "page": 1, "permission_type": "add"}, "model": "wagtailcore.grouppagepermission", "pk": 4}, {"fields": {"group": 2, "page": 1, "permission_type": "edit"}, "model": "wagtailcore.grouppagepermission", "pk": 5}, {"fields": {"group": 1, "page": 1, "permission_type": "lock"}, "model": "wagtailcore.grouppagepermission", "pk": 6}, {"fields": {"focal_point_width": null, "title": "foundation", "focal_point_height": null, "created_at": "2015-05-28T16:23:34.385Z", "focal_point_x": null, "focal_point_y": null, "height": 500, "width": 1300, "file": "original_images/foundation_5.png", "uploaded_by_user": 1}, "model": "wagtailimages.image", "pk": 43}, {"fields": {"focal_point_width": null, "title": "wagtail", "focal_point_height": null, "created_at": "2015-05-28T16:23:47.375Z", "focal_point_x": null, "focal_point_y": null, "height": 500, "width": 1300, "file": "original_images/wagtail.jpg", "uploaded_by_user": 1}, "model": "wagtailimages.image", "pk": 44}, {"fields": {"focal_point_width": null, "title": "postgresql", "focal_point_height": null, "created_at": "2015-05-28T16:24:00.519Z", "focal_point_x": null, "focal_point_y": null, "height": 500, "width": 1300, "file": "original_images/postgresql.jpg", "uploaded_by_user": 1}, "model": "wagtailimages.image", "pk": 45}, {"fields": {"focal_point_width": null, "title": "sass", "focal_point_height": null, "created_at": "2015-05-28T16:24:09.775Z", "focal_point_x": null, "focal_point_y": null, "height": 500, "width": 1300, "file": "original_images/sass-logo-new.png", "uploaded_by_user": 1}, "model": "wagtailimages.image", "pk": 46}, {"fields": {"focal_point_width": null, "title": "wagtail-logo", "focal_point_height": null, "created_at": "2015-05-28T16:24:28.164Z", "focal_point_x": null, "focal_point_y": null, "height": 60, "width": 60, "file": "original_images/Wagtail_CMS_logo.png", "uploaded_by_user": 1}, "model": "wagtailimages.image", "pk": 47}, {"fields": {"focal_point_width": null, "title": "foundation-logo", "focal_point_height": null, "created_at": "2015-05-28T16:24:52.966Z", "focal_point_x": null, "focal_point_y": null, "height": 60, "width": 60, "file": "original_images/hero-image.png", "uploaded_by_user": 1}, "model": "wagtailimages.image", "pk": 48}, {"fields": {"focal_point_width": null, "title": "ansible-logo", "focal_point_height": null, "created_at": "2015-05-28T16:25:05.268Z", "focal_point_x": null, "focal_point_y": null, "height": 60, "width": 60, "file": "original_images/image-ansible.png", "uploaded_by_user": 1}, "model": "wagtailimages.image", "pk": 49}, {"fields": {"focal_point_width": null, "title": "sass-logo", "focal_point_height": null, "created_at": "2015-05-28T16:25:20.131Z", "focal_point_x": null, "focal_point_y": null, "height": 60, "width": 60, "file": "original_images/sass.png", "uploaded_by_user": 1}, "model": "wagtailimages.image", "pk": 50}, {"fields": {"focal_point_width": null, "title": "postgresql", "focal_point_height": null, "created_at": "2015-05-28T16:25:32.372Z", "focal_point_x": null, "focal_point_y": null, "height": 60, "width": 60, "file": "original_images/PostgreSQL_logo.3colors.120x120.png", "uploaded_by_user": 1}, "model": "wagtailimages.image", "pk": 51}, {"fields": {"focal_point_width": null, "title": "digital", "focal_point_height": null, "created_at": "2015-05-28T16:25:45.466Z", "focal_point_x": null, "focal_point_y": null, "height": 60, "width": 60, "file": "original_images/digital.png", "uploaded_by_user": 1}, "model": "wagtailimages.image", "pk": 52}, {"fields": {"body": "A cookiecutter template for Wagtail CMS featuring Zurb Foundation front-end framework.", "contact": "ChrisDev Limited<br/><p>A3 ST Bendicts Gardens\u00a0Tunapuna,\u00a0Trinidad And Tobago</p>", "title_text": "Welcome to Wagtail Cookiecutter Foundation"}, "model": "pages.homepage", "pk": 3}, {"fields": {"feed_image": null, "intro": "<p>Cras justo odio, dapibus ac facilisis in, egestas eget quam. Lorem ipsum dolor sit amet, consectetur adipiscing elit. Morbi leo risus, porta ac consectetur ac, vestibulum at eros.<br/></p>", "subtitle": "About out company"}, "model": "pages.standardindexpage", "pk": 4}, {"fields": {"body": "<h3>Vision and Mission</h3><p>Nullam quis risus eget urna mollis ornare vel eu leo. Sed posuere consectetur est at lobortis. Donec sed odio dui. Cras justo odio, dapibus ac facilisis in, egestas eget quam. Fusce dapibus, tellus ac cursus commodo, tortor mauris condimentum nibh, ut fermentum massa justo sit amet risus. Fusce dapibus, tellus ac cursus commodo, tortor mauris condimentum nibh, ut fermentum massa justo sit amet risus. Cum sociis natoque penatibus et magnis dis parturient montes, nascetur ridiculus mus.</p><p><br/>Nullam id dolor id nibh ultricies vehicula ut id elit. Cras mattis consectetur purus sit amet fermentum. Donec ullamcorper nulla non metus auctor fringilla. Vestibulum id ligula porta felis euismod semper. Praesent commodo cursus magna, vel scelerisque nisl consectetur et. Nullam quis risus eget urna mollis ornare vel eu leo.</p><p><br/>Donec id elit non mi porta gravida at eget metus. Vivamus sagittis lacus vel augue laoreet rutrum faucibus dolor auctor. Morbi leo risus, porta ac consectetur ac, vestibulum at eros. Integer posuere erat a ante venenatis dapibus posuere velit aliquet.</p><p><br/>Curabitur blandit tempus porttitor. Lorem ipsum dolor sit amet, consectetur adipiscing elit. Cum sociis natoque penatibus et magnis dis parturient montes, nascetur ridiculus mus. Aenean lacinia bibendum nulla sed consectetur. Nullam quis risus eget urna mollis ornare vel eu leo. Donec id elit non mi porta gravida at eget metus. Praesent commodo cursus magna, vel scelerisque nisl consectetur et.</p>", "feed_image": null, "intro": "<p>Vivamus sagittis lacus vel augue laoreet rutrum faucibus dolor auctor. Nulla vitae elit libero, a pharetra augue. Donec id elit non mi porta gravida at eget metus. Nullam id dolor id nibh ultricies vehicula ut id elit. Lorem ipsum dolor sit amet, consectetur adipiscing elit.</p>", "subtitle": "This is our vision and mission"}, "model": "pages.standardpage", "pk": 5}, {"fields": {"body": "<h2>History</h2><p>Cum sociis natoque penatibus et magnis dis parturient montes, nascetur ridiculus mus. Nulla vitae elit libero, a pharetra augue. Donec id elit non mi porta gravida at eget metus. Maecenas sed diam eget risus varius blandit sit amet non magna. Duis mollis, est non commodo luctus, nisi erat porttitor ligula, eget lacinia odio sem nec elit. Duis mollis, est non commodo luctus, nisi erat porttitor ligula, eget lacinia odio sem nec elit. Maecenas faucibus mollis interdum.<br/><br/>Duis mollis, est non commodo luctus, nisi erat porttitor ligula, eget lacinia odio sem nec elit. Donec sed odio dui. Cras mattis consectetur purus sit amet fermentum. Donec ullamcorper nulla non metus auctor fringilla. Maecenas faucibus mollis interdum.<br/><br/>Nullam id dolor id nibh ultricies vehicula ut id elit. Morbi leo risus, porta ac consectetur ac, vestibulum at eros. Cras mattis consectetur purus sit amet fermentum. Duis mollis, est non commodo luctus, nisi erat porttitor ligula, eget lacinia odio sem nec elit. Donec id elit non mi porta gravida at eget metus. Cras justo odio, dapibus ac facilisis in, egestas eget quam. Donec sed odio dui.<br/></p>", "feed_image": null, "intro": "Nullam quis risus eget urna mollis ornare vel eu leo. Praesent commodo cursus magna, vel scelerisque nisl consectetur et. Aenean lacinia bibendum nulla sed consectetur. Lorem ipsum dolor sit amet, consectetur adipiscing elit.", "subtitle": "This is our stroy"}, "model": "pages.standardpage", "pk": 6}, {"fields": {"intro": "Keep up with our news and event<br/>"}, "model": "blog.blogindexpage", "pk": 7}, {"fields": {"body": "<p>Cum sociis natoque penatibus et magnis dis parturient montes, nascetur ridiculus mus. Nulla vitae elit libero, a pharetra augue. Donec id elit non mi porta gravida at eget metus. Maecenas sed diam eget risus varius blandit sit amet non magna. Duis mollis, est non commodo luctus, nisi erat porttitor ligula, eget lacinia odio sem nec elit. Duis mollis, est non commodo luctus, nisi erat porttitor ligula, eget lacinia odio sem nec elit. Maecenas faucibus mollis interdum.</p><p><br/>Duis mollis, est non commodo luctus, nisi erat porttitor ligula, eget lacinia odio sem nec elit. Donec sed odio dui. Cras mattis consectetur purus sit amet fermentum. Donec ullamcorper nulla non metus auctor fringilla. Maecenas faucibus mollis interdum.</p><p><br/>Nullam id dolor id nibh ultricies vehicula ut id elit. Morbi leo risus, porta ac consectetur ac, vestibulum at eros. Cras mattis consectetur purus sit amet fermentum. Duis mollis, est non commodo luctus, nisi erat porttitor ligula, eget lacinia odio sem nec elit. Donec id elit non mi porta gravida at eget metus. Cras justo odio, dapibus ac facilisis in, egestas eget quam. Donec sed odio dui.</p>", "date": "2015-05-23", "intro": "All about our first post<br/>", "feed_image": null}, "model": "blog.blogpage", "pk": 8}, {"fields": {"city": "", "post_code": "", "to_address": "", "from_address": "", "country": "", "telephone": "", "intro": "Cras justo odio, dapibus ac facilisis in, egestas eget quam.", "address_1": "", "address_2": "", "thank_you_text": "Thanks for you interest<br/>", "email": "", "subject": ""}, "model": "contact.contactpage", "pk": 9}]